7.00465961,8.988433986,4.49703476,0.35421008,,7.216170213,7.196170213,4.272340426,0.39
6.917217841,9.076348359,4.182883516,0.218236366,,7.31,10.3,4,0.29
6.934882697,8.648130949,4.096585853,0.178134542,,7.18,10.5,4.1,0.24
6.850584549,10.37772853,4.477492788,0.397093868,,7.47,10.2,4.1,0.56
6.866792478,9.968312954,4.348804735,0.316575622,,7.49,10.5,4.9,0.41
6.909495602,9.379319949,4.268829391,0.261002113,,7.43,9.89,4.7,0.34
6.92928893,9.131528895,4.251014813,0.246443877,,7.47,9.52,5.5,0.33
6.978409847,8.229509386,4.125386904,0.178995279,,7.29,9.3,4.4,0.23
6.942375169,9.264281298,4.352937672,0.29438589,,7.16,8.78,4.4,0.36
6.921346325,9.68303666,4.437105291,0.348521185,,6.99,8.76,4.3,0.42
6.933598094,9.564741465,4.436563714,0.343983994,,7.2,8.57,3.6,0.4
6.976644823,9.085919598,4.421157033,0.320450753,,7.25,7.93,4.3,0.37
6.932830466,9.761144493,4.514068055,0.390152842,,7.11,8.22,3.9,0.46
6.945762657,9.526381151,4.468700878,0.358487748,,7.02,8.22,2.6,0.4
6.906906031,9.879275131,4.463872839,0.369257317,,6.61,8.91,3,0.44
7.035843084,8.92230116,4.598287948,0.403557253,,6.68,6.24,4.3,0.43
7.024475915,8.992487172,4.577886517,0.395354295,,6.68,6.51,4.6,0.43
7.008358326,9.17495127,4.580429573,0.402919172,,7.33,6.79,4.6,0.44
7.016440881,9.217357081,4.628398202,0.429448412,,7.5,6.44,5.6,0.48
7.044485433,8.950388945,4.643101776,0.427929964,,7.19,5.86,6.1,0.47
7.049663531,8.755177036,4.594936766,0.396290755,,7.39,6.04,6,0.43
7.064295471,8.727917421,4.64473875,0.42135799,,7.28,5.52,5.1,0.44
7.054589931,8.898550308,4.665337033,0.437887451,,7.13,5.53,6.3,0.48
7.067886093,8.597774097,4.614442005,0.401301399,,6.58,5.6,4.7,0.42
7.03885459,9.272276939,4.738023696,0.489290942,,6.58,5.4,5.2,0.59
7.039596631,9.20050764,4.71437092,0.474247062,,6.98,5.57,4.3,0.53
7.083763471,8.31751911,4.584732989,0.377190279,,7.03,5.51,3.9,0.38
7.111199142,7.841169448,4.542695802,0.341982588,,6.98,5.16,4.4,0.35
7.075437051,8.364783207,4.566322676,0.369279094,,7.1,5.75,4.3,0.38
7.122684327,7.5102085,4.485424297,0.305371214,,7.36,5.3,3.1,0.3
7.085845468,8.442472725,4.635132592,0.407119667,,7.12,5.21,3.5,0.4
7.095718111,7.875420443,4.489119263,0.317030789,,7.14,5.76,4.1,0.33
7.111282694,7.689067716,4.49429815,0.314360637,,6.8,5.44,3.5,0.32
7.095102441,8.04763431,4.542544161,0.34787008,,6.64,5.48,4.2,0.36
7.08783138,8.25424912,4.580449352,0.373072434,,6.66,5.4,4.9,0.39
7.059608237,8.943020775,4.701340584,0.458437527,,6.88,5.25,4.8,0.49
7.048059344,9.003121113,4.676373896,0.447274712,,6.7,5.62,4.6,0.48
7.039162163,9.184228767,4.706639559,0.469581814,,7.14,5.63,4.4,0.52
7.051843178,8.179889197,4.407551683,0.28763954,,7.87,6.89,3.9,0.31
7.02188791,8.088409927,4.25431325,0.221545083,,7.81,7.97,3.1,0.25
7.018427837,8.138939795,4.257066344,0.223762835,,7.7,8,3.6,0.26
7.065166494,7.630173106,4.282657022,0.222029411,,7.74,7.2,4.3,0.25
7.016241924,8.571992422,4.395714229,0.293166357,,7.92,7.48,3.5,0.32
7.02194013,8.287320531,4.321312887,0.25307914,,7.77,7.68,3.9,0.29
6.987202588,9.073046447,4.458389728,0.337949165,,7.67,7.65,3.6,0.37
6.997456957,8.925190141,4.445253902,0.326880063,,7.71,7.55,3.9,0.36
6.957254108,9.541358175,4.519650063,0.384738856,,7.68,7.85,3.6,0.43
6.90201044,9.795686155,4.409346893,0.339097674,,7.44,9.34,3.1,0.4
7.024301501,8.332147796,4.346118985,0.264713582,,7.503584906,7.525471698,3.726415094,0.300188679
6.962565367,9.46032599,4.508405988,0.376073106,,7.83,7.83,3.1,0.41
6.964431696,9.244409846,4.432306921,0.330928362,,7.71,8.12,2.6,0.36
6.929953164,9.829118977,4.53147339,0.401749449,,7.87,8.25,2.8,0.46
6.952964266,9.589097489,4.521987791,0.387697102,,7.55,7.9,3,0.43
6.947875985,9.799175693,4.588322465,0.430131363,,7.18,7.66,3.2,0.51
6.948410192,9.765092331,4.57618785,0.422448231,,7.4,7.72,3.1,0.49
6.972622867,9.525850569,4.573737568,0.412052252,,7.38,7.36,3.6,0.46
6.949952238,9.373122904,4.424758754,0.331596141,,7.61,8.38,2.9,0.37
7.006027764,8.362876956,4.282341495,0.239042743,,7.24,8.05,3.3,0.28
7.024933359,8.19853262,4.303591554,0.243567609,,7.22,7.67,3.4,0.28
7.036392434,7.667123918,4.175458264,0.184431579,,7.89,8.13,4.4,0.21
6.918004268,9.216771902,4.239104363,0.243972912,,8,9.92,4.1,0.31
6.950305764,8.671534233,4.166059788,0.202312388,,8.04,9.61,5.1,0.27
7.001285178,8.631995103,4.356239877,0.277204438,,7.66,7.84,5,0.33
6.995521697,8.775996615,4.383925751,0.2936915,,7.54,7.81,4.4,0.34
7.00694683,8.43191568,4.309709016,0.251952596,,7.63,7.94,5.3,0.31
6.999618327,8.726783974,4.382910884,0.291800616,,7.95,7.78,5,0.34
6.974009821,8.7654388,4.293995285,0.254182431,,7.77,8.53,5.3,0.32
7.047161689,7.777924834,4.255890887,0.215177426,,7.32,7.55,5.9,0.27
7.044051487,8.466426583,4.472325675,0.325915919,,8.32,6.77,4.9,0.35
7.054433272,8.848207297,4.646905528,0.426486594,,8.59,5.81,3.5,0.42
7.0972753,7.488774523,4.37159711,0.254383176,,8.06,6.34,3.4,0.26
7.132815458,6.658771149,4.261678694,0.194167619,,7.63,6.27,3.6,0.17
7.13270423,6.664286126,4.262923379,0.194708658,,7.36,6.25,3.3,0.17
7.153253698,6.415316642,4.273960713,0.193676578,,7.28,5.83,3.8,0.16
7.034267618,8.46000654,4.430273418,0.305850574,,7.38,7.03,4.4,0.34
7.09729201,7.779166703,4.464615506,0.302897027,,7.32,5.85,4.4,0.32
7.067015069,8.659269328,4.632035714,0.412458011,,6.84,5.53,4.8,0.43
7.0321522,8.914376263,4.580604761,0.394138818,,7.5,6.44,3.9,0.41
7.022861284,9.255787371,4.668290274,0.451833519,,7.23,6.14,3.7,0.49
7.012972975,9.306049641,4.647926518,0.442886978,,7.05,6.39,3.4,0.48
7.004912353,9.294690571,4.611663952,0.423422176,,7.14,6.69,3.8,0.46
7.023174602,9.126901296,4.621725977,0.422775179,,7.14,6.37,3.1,0.44
7.032802857,8.81070591,4.546330488,0.37318924,,7.12,6.56,3.6,0.39
7.103814242,7.455152536,4.388409536,0.260664907,,7.16,6.1,3.2,0.27
7.092602688,7.246205472,4.274971813,0.210842698,,7.84,6.84,3,0.21
7.073213539,7.582712925,4.300905333,0.228005434,,7.68,7,3,0.24
7.068988971,7.627922362,4.297836712,0.227832105,,7.34,7.05,3.5,0.25
7.091024611,6.973933823,4.182431418,0.173693427,,7.12,7.27,3.2,0.15
7.087296129,6.936614679,4.154950401,0.164447488,,7.24,7.48,2.9,0.12
7.107571967,6.76486757,4.186944871,0.171366603,,7.2,7.02,3.3,0.13
7.131746522,6.580301905,4.232596023,0.182781611,,7.43,6.43,4,0.15
7.072351915,7.33210671,4.217220424,0.192008941,,7.34,7.37,4.3,0.21
7.084134753,7.066598059,4.182573169,0.175426287,,7.32,7.38,3.4,0.16
7.094328024,6.954498371,4.190277687,0.175855487,,7.36,7.2,3.1,0.15
7.008362504,7.653776319,4.056129128,0.147600664,,7.52,9.31,3.2,0.13
7.023157369,7.581315725,4.093230902,0.157041252,,7.51,8.79,3.3,0.15
7.024514557,7.39780738,4.039762679,0.139052391,,7.46,9.16,3.5,0.08
6.956972645,8.234399199,4.041053515,0.15319002,,7.48,10.5,3.6,0.18
6.95664105,8.735598557,4.214063267,0.221529778,,7.71,9.26,3.1,0.27
6.890972777,10.00280386,4.456550722,0.370465034,,7.63,9.31,3.6,0.45
6.949530303,9.430021295,4.445332548,0.343545099,,7.675192308,8.290192308,3.946153846,0.392884615
6.944708342,9.417306549,4.421428292,0.331491929,,8.08,8.5,4,0.38
6.872146557,10.19247234,4.470734381,0.385497046,,7.91,9.64,4.4,0.5
6.869401371,9.999866439,4.372752788,0.329147491,,7.87,10.4,3.2,0.4
6.891702808,9.680872039,4.321444278,0.293686129,,7.39,10.1,3.3,0.36
6.886557608,9.703292592,4.310920735,0.289697469,,7.38,10.3,3.5,0.36
6.903152484,9.482750387,4.285115781,0.271139535,,7.65,10,3.9,0.34
6.886217658,9.627620055,4.278269309,0.272766679,,7.32,10.5,4,0.35
6.870303726,9.794680356,4.286936892,0.282098974,,7.21,10.9,4.5,0.37
6.865307352,9.783378188,4.262974711,0.271231234,,7.23,11.3,4.5,0.36
6.873336642,9.750205275,4.279726857,0.277423603,,7.27,11,3.3,0.35
6.912921732,9.16821826,4.200712223,0.22742989,,7.1,10.3,3.8,0.3
6.907683059,9.424927707,4.279740985,0.267034337,,7.23,9.9,4,0.34
6.907185406,9.53873833,4.323260679,0.289770479,,7.36,9.66,4,0.36
6.914998507,9.527141652,4.348968621,0.301074025,,6.81,9.3,4.6,0.38
7.001203715,8.916599325,4.457147869,0.332340127,,7.36,7.42,4.2,0.37
7.00047264,9.155624241,4.541844349,0.38239482,,7.35,7.08,4.5,0.42
7.040173136,8.491651532,4.465152844,0.323225252,,7.38,6.8,4.2,0.35
7.104216333,6.834584516,4.194531184,0.175038196,,7.64,7.06,4.1,0.15
7.085795337,7.120610545,4.206609758,0.184310477,,7.7,7.26,3.8,0.18
7.015212153,8.139343499,4.244094875,0.218832586,,7.48,8.09,3.8,0.26
7.041535023,8.111882416,4.342577544,0.257537628,,7.22,7.26,4.5,0.3
7.045250972,8.316329529,4.426283175,0.299927744,,7.24,6.87,4.1,0.33
7.027146427,8.608555679,4.452577903,0.320698328,,7.23,7.04,3.9,0.35
6.972543494,9.268018441,4.473353258,0.351777191,,7.95,7.83,4,0.39
7.035247258,8.95051044,4.606000001,0.408515965,,7.82,6.28,4.7,0.43
6.988631839,9.395630349,4.585840631,0.413571022,,7.43,7.07,4.3,0.46
6.958294846,9.760090249,4.612529062,0.441287545,,7.51,7.42,4.4,0.54
6.985193177,9.612074,4.657308511,0.459148672,,7.25,6.79,4.6,0.56
6.989992683,9.403137701,4.594108389,0.418155338,,7.66,7.03,4,0.46
7.04483426,8.559111581,4.507293166,0.345725634,,7.75,6.58,3.9,0.36
7.018898859,9.190468873,4.628176862,0.428383573,,8.23,6.47,3.9,0.45
7.0657242,8.709037157,4.643990432,0.420345164,,8.02,5.57,4.1,0.42
7.044281776,8.995283877,4.658385542,0.437507739,,8.03,5.88,4,0.45
7.02961746,9.046476589,4.618076692,0.41808512,,8.04,6.34,3.7,0.43
7.029434691,9.163660637,4.660254688,0.44433008,,7.82,6.11,3.9,0.47
7.015741138,9.31089101,4.660732218,0.449816458,,7.66,6.32,3.8,0.49
6.992813065,9.108561612,4.49387572,0.356599791,,8.07,7.45,3.5,0.38
7.009223606,8.845881963,4.463902037,0.333388908,,8.01,7.32,4,0.36
7.004078406,9.078909763,4.527830227,0.37266305,,7.81,7.12,4.1,0.4
6.97886468,9.311370841,4.514886072,0.374076721,,7.79,7.55,3.9,0.41
7.0064215,8.974275903,4.498938756,0.354694757,,7.58,7.19,3.7,0.38
6.999347307,9.201398864,4.55445414,0.390432827,,7.71,7.07,4,0.42
6.928870129,9.897270321,4.556303977,0.41733171,,7.76,8.15,2.7,0.49
6.910559838,9.953648896,4.510128673,0.395728047,,7.86,8.68,3.2,0.47
6.924900915,9.872380639,4.530329015,0.402871429,,7.71,8.32,3.8,0.48
6.910730074,9.86912102,4.474251804,0.374090765,,8.08,8.84,4.5,0.45
6.910435555,9.649563083,4.380996527,0.320208495,,8.13,9.32,3.9,0.38
6.880977418,9.960957087,4.399801956,0.340713567,,8.27,9.89,3.6,0.41
6.880819193,9.849232651,4.350623491,0.31303512,,8.12,10.2,3.6,0.38
6.852280121,10.17927546,4.389217662,0.344239919,,8.1,10.8,3.5,0.43
6.835742686,10.28509583,4.376694524,0.342530339,,8.4,11.5,3.9,0.44
7.013646608,8.311505846,4.295769302,0.243186473,,7.663461538,7.903076923,3.803846154,0.283269231
6.857367357,10.05092535,4.349752259,0.320161666,,8.18,10.9,3.9,0.4
6.878493852,9.657176552,4.260682193,0.266133537,,7.79,10.9,3.9,0.34
6.862580965,9.783216707,4.252461529,0.2667003,,8.1,11.6,3.8,0.34
6.862105244,9.716483324,4.222437927,0.251919246,,8.25,12,3.5,0.32
6.868422775,9.703255682,4.241134098,0.259304268,,7.99,11.5,3.6,0.33
6.891105937,9.463066562,4.230516368,0.247545099,,7.92,10.8,3.2,0.31
6.878574271,9.824655936,4.33146957,0.303258292,,8.05,10.4,3.5,0.37
6.877476614,9.913524588,4.365627521,0.322476299,,8.16,10.2,3.5,0.39
6.905183305,9.727016531,4.392739795,0.328564509,,8.19,9.37,3.9,0.39
6.987117992,8.078345785,4.109638323,0.171009553,,8.53,9.32,4.2,0.2
7.002256985,7.716632608,4.051686786,0.147390333,,8.45,9.47,4.4,0.14
6.970997793,8.232731326,4.096675801,0.16988564,,8.16,9.68,4.4,0.21
7.039699503,7.590868509,4.164433645,0.179321288,,7.63,8.12,5.1,0.21
6.97268762,9.039015374,4.388068578,0.303475766,,7.85,8.17,4.2,0.35
6.943826875,9.350912277,4.392064001,0.315274299,,7.93,8.63,4.3,0.37
6.955710496,9.549763672,4.516960546,0.383675199,,6.97,7.83,4.8,0.45
7.282610075,5.023299592,4.411532508,0.214721829,,0,0,0,0
7.113374612,6.723078465,4.198576527,0.174314296,,7.95,6.93,5.1,0.15
7.169279903,6.107607108,4.247705543,0.178983733,,7.77,5.67,5.9,0.12
7.099614217,7.481353294,4.379065218,0.25734306,,7.09,6.18,5.1,0.29
7.152598864,6.543640991,4.311074732,0.209519141,,7.23,5.58,5.2,0.21
7.080575463,7.566061875,4.326300573,0.237652674,,7.09,6.73,4.5,0.27
7.035552221,8.153711508,4.331994664,0.254153726,,8.15,7.46,4.5,0.29
7.068057895,8.050194177,4.43138106,0.294927895,,7.88,6.53,4.7,0.32
7.036463975,8.531296778,4.463677401,0.323694623,,7.78,6.89,4.4,0.35
7.012153649,8.964956114,4.518517933,0.364177798,,7.46,7.01,4.8,0.4
7.034252996,8.649052932,4.495460891,0.342668815,,7.61,6.78,4.6,0.37
7.038468687,8.543795446,4.476129427,0.330053178,,7.55,6.79,4.7,0.36
7.078727932,8.353056574,4.575908114,0.373785083,,7.62,5.69,3.6,0.37
7.048529321,8.312778474,4.438501146,0.30548136,,7.74,6.81,3.3,0.32
7.061745064,7.477586931,4.219404155,0.195670546,,7.88,7.55,3.8,0.21
7.033722967,8.173809034,4.331224212,0.254338387,,8.12,7.49,3.5,0.28
7.113893153,6.914179516,4.260626622,0.198850589,,7.69,6.57,4.5,0.2
7.026141199,8.378840556,4.369483548,0.276090782,,8.12,7.45,3.4,0.3
7.124796089,7.377160817,4.452344319,0.286724937,,7.43,5.41,3.7,0.29
7.063937244,7.563096767,4.255961527,0.210553637,,7.49,7.32,3.5,0.23
7.027563139,8.274339726,4.339846585,0.260535535,,7.6,7.51,3.3,0.29
7.061282921,7.984532723,4.381794765,0.271076165,,7.16,6.8,3.9,0.3
7.047097458,7.778805292,4.255912079,0.215204868,,7.81,7.59,2.7,0.23
7.048125141,7.699527104,4.234403947,0.205586547,,7.81,7.67,3.8,0.23
7.006508185,8.26282994,4.250274972,0.224044753,,7.77,8.22,3.3,0.26
7.036744917,7.719364721,4.193868106,0.191702185,,7.52,8.01,3.1,0.21
7.023793927,7.980774049,4.226373542,0.208707489,,7.73,8.06,3.5,0.24
7.053260419,7.805329013,4.290019641,0.228825007,,7.67,7.34,3.2,0.25
7.024214817,8.133736246,4.278947457,0.232144814,,7.84,7.83,3.1,0.26
7.045070815,7.818968048,4.26064028,0.217866186,,8.1,7.62,2.6,0.23
6.948378338,9.802066212,4.591478209,0.431897841,,8.13,7.71,2,0.49
6.950201847,9.776522914,4.587899565,0.4290176,,7.94,7.68,4,0.51
7.041616486,7.50972098,4.146208881,0.171945342,,7.95,8.22,3.2,0.17
7.02829787,7.757182151,4.171429404,0.18485071,,7.96,8.28,3.2,0.2
7.020312966,7.841332467,4.166201069,0.184763092,,7.94,8.43,2.9,0.2
7.024609597,7.841344001,4.183806552,0.190715889,,7.77,8.26,3,0.21
6.985190043,8.837425715,4.364497274,0.286712908,,7.433529412,8.042352941,3.943137255,0.333137255
6.989974406,8.410898478,4.233898162,0.2212691,,6.8,8.5,3.2,0.27
7.01529936,7.914310571,4.169691649,0.187389691,,6.79,8.41,3.2,0.22
7.020364141,7.756333219,4.138602318,0.174108208,,6.81,8.5,3.6,0.2
7.006662233,8.006341184,4.164920122,0.187633936,,7.19,8.6,3.2,0.22
6.920424648,9.143327041,4.220664852,0.234570023,,6.95,10,3.2,0.3
6.940553749,8.411034584,4.036134115,0.154927042,,7.75,11,3.8,0.19
6.94932978,8.327434843,4.042279833,0.155205711,,7.07,10.7,3.5,0.19
6.992143087,7.889876882,4.067393924,0.154797642,,7.7,9.52,3.2,0.16
7.028675418,7.599832271,4.121893027,0.165995123,,8.02,8.56,2.9,0.16
7.040967396,7.418986063,4.114404198,0.160531435,,7.98,8.42,3,0.14
7.066569636,7.249314376,4.16672946,0.173694474,,7.61,7.73,3,0.16
7.068828135,7.388555259,4.220476006,0.194256149,,7.27,7.4,2.9,0.2
7.112327086,6.91501922,4.254226598,0.196613504,,7.68,6.63,3.9,0.19
7.114367829,7.382316691,4.409851736,0.268080111,,7.55,5.82,4.1,0.28
7.115400733,7.445855047,4.434308871,0.280404056,,7.5,5.68,4,0.29
7.029002312,8.585642223,4.452146996,0.319810658,,7.33,7.02,4.1,0.35
7.028562623,8.593810111,4.453198126,0.320553757,,7.29,7.02,4,0.35
7.020968845,8.922300391,4.53848987,0.372855793,,7.1,6.77,4.1,0.4
6.981666263,9.317147265,4.528170243,0.381027898,,7.49,7.43,4,0.42
7.010508731,8.910082393,4.492104528,0.349228839,,7.51,7.15,4.2,0.38
7.038777305,8.647375831,4.513219899,0.351381851,,7.63,6.64,4.1,0.37
7.008618902,8.857407897,4.465599292,0.334572754,,8.26,7.34,4.1,0.36
7.065414016,8.013876218,4.408507684,0.283620939,,8.4,6.71,4.1,0.3
7.018605384,8.773342935,4.475847336,0.336928417,,8,7.13,4,0.36
6.999205792,9.534039988,4.681370059,0.46890477,,7.68,6.49,4.1,0.56
7.056498036,8.303902375,4.468162598,0.319179021,,8.18,6.59,3.8,0.33
6.991389558,8.83958034,4.390093133,0.298378229,,7.62,7.86,3.1,0.33
7.031005457,8.789876334,4.531711684,0.365129402,,7.87,6.7,3.9,0.38
7.037468159,8.696220909,4.524934911,0.35874907,,8,6.63,4.7,0.38
6.987548282,9.482447417,4.61530429,0.432164615,,7.57,6.96,5.2,0.5
7.008173991,9.103283473,4.553151059,0.386388878,,7.56,6.93,4.6,0.42
7.005601652,9.222298415,4.587139473,0.408057952,,8.32,6.87,4.7,0.44
6.972691275,9.400151831,4.524734763,0.382218967,,7.52,7.58,4.4,0.43
6.982163916,9.391857065,4.558862574,0.399439274,,7.48,7.29,3.9,0.44
6.994731614,9.219394054,4.542868165,0.385117495,,7.31,7.16,4,0.42
6.974122615,9.425212222,4.540116013,0.390988366,,7.2,7.47,4.2,0.44
7.000596923,9.155348954,4.542238994,0.382586811,,7.11,7.06,4.3,0.42
7.00388206,9.236500328,4.585636716,0.407776598,,6.98,6.81,4.5,0.45
6.941293179,9.464016996,4.426439997,0.335518478,,7.2,8.47,4.6,0.4
6.943567866,9.285004757,4.365586079,0.300820489,,7.26,8.7,4.9,0.37
6.936613256,9.576661876,4.453129369,0.352564757,,6.86,8.41,4.4,0.42
6.915250205,9.474265688,4.32879371,0.290161765,,7.14,9.44,4,0.36
6.91537501,9.360774183,4.284493674,0.267119968,,6.9,9.68,3.9,0.34
6.940802314,9.599047826,4.478514249,0.366027786,,7.39,8.27,3.7,0.42
6.916830371,9.685556541,4.420625346,0.340542521,,7.49,8.95,4.4,0.41
6.945137066,8.947172387,4.244968932,0.238996021,,7.6,9.29,3.9,0.3
6.886183715,9.453775993,4.207746127,0.238073578,,6.77,11.1,3.9,0.32
6.891154502,9.513857107,4.25106379,0.257583089,,7.16,10.6,3.5,0.33
6.937716134,9.01259777,4.239764615,0.238655002,,7.17,9.47,3.4,0.3
6.920776086,9.059602728,4.190577674,0.220716353,,7.39,10.1,4.8,0.3
6.900404687,9.283373794,4.196012749,0.228697461,,6.7,10.6,4.9,0.32
7.00980011,8.200442716,4.242584111,0.219661853,,7.56627451,8.182941176,4.296078431,0.267254902
6.906915952,9.342382978,4.244315273,0.249680281,,7.8,10.1,5,0.33
6.95229481,8.914883777,4.261510099,0.244812302,,8.21,9.08,5,0.31
6.962598787,8.725223755,4.2340936,0.228983433,,7.98,9.04,3.7,0.28
6.97812995,8.619156555,4.258651516,0.235979264,,8.12,8.65,4.5,0.29
6.920762509,9.248482255,4.262050734,0.254307668,,8.25,9.72,4.4,0.32
6.936630488,8.846082661,4.174451873,0.209426126,,7.25,9.85,4.3,0.28
6.940552704,8.895771288,4.208030573,0.223207296,,7.98,9.58,4.6,0.29
6.916200602,9.223228087,4.234514618,0.242295877,,7.64,9.94,4.8,0.32
6.890059456,9.683351934,4.31612882,0.291367952,,7.74,10.1,4.6,0.37
6.995407336,8.23111728,4.19454955,0.202663692,,8.43,8.69,4.8,0.25
6.974812959,8.606342613,4.240855775,0.228661587,,7.93,8.77,4.9,0.29
6.996717527,8.109637055,4.158970313,0.187724077,,7.13,8.77,4.6,0.24
7.018381884,7.827358935,4.15371278,0.180355193,,7.65,8.49,5,0.22
7.005854917,8.115383489,4.197988327,0.201383474,,7.54,8.45,4.5,0.25
7.01831661,7.89536187,4.175782739,0.189071586,,7.55,8.37,4.6,0.23
7.061164382,7.541112215,4.237365666,0.203330075,,7.43,7.44,5.1,0.24
7.093326452,7.401015479,4.327091746,0.234181047,,7.42,6.55,4.6,0.26
7.10360223,7.188557346,4.303185136,0.220179235,,7.27,6.49,4.5,0.24
7.096448141,7.227399798,4.285232573,0.214250203,,7.36,6.69,5,0.24
7.124989302,7.060132647,4.35360075,0.237015559,,7.37,5.89,4.4,0.25
7.056336155,7.674755073,4.260382206,0.214598875,,7.5,7.41,4.6,0.25
7.027734942,7.710524763,4.153922347,0.178175894,,7.87,8.37,4.1,0.2
7.081443353,7.230483326,4.223060505,0.19201509,,7.58,7.23,4,0.2
7.141869819,6.375398799,4.21224404,0.172420325,,7.64,6.4,3.8,0.1
7.04517682,8.075640585,4.345496878,0.257852547,,7.85,7.24,4.2,0.29
7.065703312,8.312596231,4.50885432,0.339070634,,7.31,6.21,3.7,0.35
7.03745667,7.915407876,4.260869155,0.220108883,,7.45,7.68,4.3,0.26
7.029544352,8.030120488,4.266260904,0.224782643,,7.55,7.78,4.6,0.27
7.055339805,7.699868522,4.264378572,0.216643727,,7.68,7.42,4.5,0.25
7.088461671,7.595782161,4.368803045,0.255797357,,7.19,6.43,4.1,0.28
7.059188391,8.138077023,4.423848905,0.293883491,,7,6.65,3.8,0.32
6.981319525,8.881044944,4.364752051,0.288100775,,7.13,8.08,4.1,0.34
6.993455366,8.368321959,4.233341986,0.220056763,,7.5,8.48,4,0.27
7.025115083,7.989354868,4.234618694,0.211925634,,7.73,8,4.1,0.25
7.00365386,8.407471226,4.287988963,0.242428176,,7.41,8.07,4,0.29
7.03073496,8.231968518,4.338517132,0.258882049,,7.1,7.43,4,0.3
6.990719058,8.407440467,4.235712209,0.221878396,,7.2,8.5,3.5,0.27
6.996232406,8.438820168,4.268756396,0.235496521,,7.18,8.26,3.3,0.28
6.978288175,8.683476943,4.281968514,0.247038807,,7.69,8.53,3.2,0.29
6.986063156,8.73513795,4.331446023,0.269257217,,7.42,8.17,3.2,0.31
6.993526385,9.160051141,4.515858084,0.369353823,,7.55,7.31,3.8,0.4
7.016029912,8.311663483,4.305509677,0.247163776,,7.73,7.83,4.2,0.29
7.03834336,7.919880144,4.265983994,0.222157709,,7.66,7.66,4.3,0.26
7.040360082,8.21675773,4.372781044,0.27320705,,7.41,7.17,4.3,0.31
6.980812994,8.516967986,4.233696601,0.223719979,,7.23,8.67,4,0.28
6.976636468,8.530587028,4.221669359,0.219465673,,7.84,8.84,3.9,0.27
6.969438514,8.34722863,4.129442607,0.182704814,,7.73,9.48,4,0.23
6.946451434,8.626852302,4.134925718,0.190447208,,7.57,9.87,5,0.26
6.984893436,7.989725507,4.07110396,0.157633337,,7.46,9.56,4.7,0.19
7.004736895,7.701781693,4.056949499,0.148622379,,7.43,9.33,4.3,0.15
7.040865568,7.300548611,4.076132618,0.147461061,,7.24,8.61,4.6,0.12
7.007782344,8.296742592,4.266944233,0.231321213,,7.666923077,8.114038462,4.165384615,0.2775
6.955374724,8.429869479,4.101629109,0.175314636,,7.65,9.94,4.5,0.23
6.934191831,8.879656972,4.177021772,0.211176467,,7.52,9.9,4.3,0.28
6.933519765,8.97258573,4.208424276,0.22530843,,7.56,9.74,3.9,0.29
6.910597436,9.402877024,4.282385292,0.267495116,,7.44,9.81,4.2,0.34
6.968890208,8.343449194,4.125950144,0.181474729,,7.8,9.51,4.2,0.23
6.963956498,8.38684158,4.121081604,0.180757864,,7.62,9.64,4,0.23
6.966303248,8.361516667,4.121777648,0.180470844,,7.37,9.58,3.9,0.23
6.970900142,8.13924661,4.064706762,0.158409544,,7.76,9.88,5.1,0.2
6.973668827,8.134204542,4.07414197,0.161133105,,7.64,9.73,5.5,0.21
7.001424604,7.90564209,4.110281151,0.167974806,,7.64,9,5.4,0.21
6.986692924,7.990717465,4.078707698,0.159908524,,7.79,9.49,4.6,0.19
6.985852188,8.090158541,4.108475581,0.170868258,,7.47,9.29,4.2,0.21
6.991628724,8.079462314,4.128258202,0.176969787,,7.74,9.07,4.6,0.22
6.958305812,8.847062316,4.260737292,0.242694439,,7.6,8.96,3.9,0.3
6.973335143,8.492256703,4.195093011,0.208693902,,7.53,9.02,3.7,0.26
7.011199596,8.249747631,4.264904137,0.229398564,,7.66,8.07,4.2,0.275
6.902687207,9.235193866,4.186325119,0.223669149,,7.16,10.7,4,0.3
6.928951591,8.908774393,4.166979527,0.208202969,,6.82,10.1,3.9,0.28
6.989322705,8.075877425,4.117728067,0.173522971,,7.8,9.21,3.3,0.2
6.923569836,9.32042457,4.300809733,0.272944439,,7.47,9.46,3.2,0.33
6.885280316,10.06606693,4.463003491,0.376287357,,7.24,9.4,3.1,0.46
6.909881505,9.614199404,4.364356935,0.311150708,,7.17,9.37,3.9,0.38
6.887167011,10.05498546,4.465239025,0.376963676,,7.07,9.31,3.8,0.47
6.909138942,9.640612395,4.372292683,0.315785935,,7.19,9.36,3.5,0.38
6.996597944,8.49148236,4.288410922,0.244719716,,7.49,8.18,4.6,0.3
7.05421656,7.787902084,4.288301194,0.227757242,,7.51,7.32,4.1,0.26
7.103650795,7.32418412,4.346218353,0.240074178,,7.84,6.32,4.7,0.26
7.085062695,7.486052406,4.319489892,0.233105897,,8.44,6.78,5.3,0.26
7.16828773,6.37317343,4.326165414,0.211558354,,8.56,5.26,4.1,0.18
7.021488952,8.622975208,4.434681853,0.312660106,,7.55,7.22,3.7,0.34
7.019352125,9.101537166,4.597136038,0.409052573,,7.44,6.56,3.7,0.43
7.114902558,7.024495218,4.29950571,0.215276751,,7.86,6.37,4.2,0.22
7.144430148,6.952678244,4.403135714,0.254849593,,7.9,5.25,4.6,0.26
7.12671255,7.22232851,4.411786814,0.264991848,,7.8,5.56,4.9,0.28
7.128248329,7.300959235,4.443001884,0.280602921,,7.72,5.37,4.5,0.29
7.086154608,7.826921397,4.433574211,0.289945177,,7.6,6.19,5.3,0.32
7.133607107,7.132899287,4.413109203,0.263388387,,7.63,5.43,4.2,0.27
7.107920794,7.410435233,4.391533727,0.260905285,,7.65,6.02,4.6,0.28
7.093094597,7.450764084,4.341934716,0.24127145,,7.88,6.52,4.3,0.26
7.065282422,7.737970466,4.317961233,0.238314788,,7.82,7.05,4.6,0.27
7.028755836,8.022001045,4.260338409,0.222324567,,8.13,7.86,4.4,0.26
7.059651057,7.884920938,4.342418839,0.25182266,,7.63,7.02,4,0.28
7.033355341,8.16433699,4.32655064,0.252152589,,7.92,7.5,3.5,0.28
7.032819567,7.966442181,4.258625614,0.220408684,,8.01,7.8,3.7,0.25
7.032461341,8.109107242,4.304459018,0.241731208,,7.86,7.6,3.4,0.27
7.016335919,8.153742266,4.253496176,0.222737683,,7.89,8.06,3.8,0.26
7.03533342,8.13176771,4.323773058,0.250187487,,7.9,7.48,3.7,0.28
7.025981929,8.209425701,4.31153154,0.247078172,,6.94,7.6,3.8,0.29
7.040777839,7.997859561,4.301681907,0.23793529,,7.9,7.49,4,0.27
7.020926025,8.095858838,4.252868889,0.221165639,,8.39,8.03,3.6,0.25
6.989183801,8.48435795,4.25605336,0.231601439,,8.05,8.48,4.2,0.28
7.016535398,8.426933591,4.346869187,0.267541704,,7.900555556,7.666666667,4.144444444,0.305740741
6.980155027,8.629148415,4.270284113,0.240887576,,8.32,8.58,4.3,0.29
6.983053216,8.543945393,4.252087135,0.231510814,,8.59,8.64,3.6,0.27
6.966206119,8.833973087,4.28745398,0.253307059,,8.29,8.74,3.8,0.3
6.951787235,8.833477877,4.22992864,0.2300929,,8.76,9.3,4,0.28
6.951787235,8.833477877,4.22992864,0.2300929,,8.76,9.3,4,0.28
6.990113832,8.628690115,4.310112138,0.257270774,,7.84,8.22,3.7,0.3
7.025664434,8.156380566,4.292444963,0.238044068,,7.7,7.74,3.4,0.27
6.969519977,8.958666025,4.345937204,0.281973119,,7.18,8.36,3.4,0.33
6.95903062,8.832606646,4.25839721,0.241368708,,7.21,8.94,3.7,0.3
6.964441096,8.80565077,4.270225717,0.245453794,,7.46,8.8,3.7,0.3
7.020247692,8.327982342,4.328205039,0.257003437,,8.08,7.7,3.8,0.29
7.06932631,7.87666385,4.379793285,0.267449414,,7.52,6.71,3.8,0.29
7.07584802,7.596694916,4.316383596,0.234406818,,8.09,6.92,3.7,0.25
7.04933037,7.970176249,4.327757179,0.247847103,,8.52,7.3,3.9,0.27
7.051864588,8.079219323,4.374189143,0.270220046,,8.21,7.05,3.7,0.29
7.096931173,7.528889603,4.382930663,0.26013563,,7.7,6.27,3.5,0.27
7.057606137,7.849344256,4.322341412,0.242716619,,7.13,7.1,3.4,0.27
7.064766492,7.798136166,4.335334544,0.246790481,,7.43,6.96,3.5,0.27
7.070614046,7.550184399,4.279623251,0.219109697,,7.4,7.11,3.6,0.24
7.078118007,7.692405001,4.356639702,0.253050355,,7.62,6.68,3.5,0.27
7.05989179,7.695579265,4.281864437,0.22318466,,7.72,7.28,4,0.25
7.107508259,7.042239728,4.273676267,0.206123666,,7.61,6.6,4,0.21
7.038755895,8.048590896,4.310157348,0.242569202,,7.72,7.47,5.2,0.29
7.04675072,8.019976374,4.333550166,0.251464214,,7.65,7.25,4.6,0.29
7.017853944,8.690269162,4.443526507,0.318844151,,7.61,7.24,5,0.36
7.093725932,7.469822746,4.350653631,0.24526379,,7.46,6.43,5.4,0.28
7.070463131,7.304048914,4.200398579,0.185742381,,7.47,7.49,4.4,0.2
7.075866297,7.82940975,4.391577524,0.271355854,,7.67,6.56,4.7,0.3
7.034504173,8.519278709,4.451572454,0.317574781,,7.67,6.96,4.7,0.35
7.02561848,8.56674735,4.43187884,0.309692516,,7.87,7.19,4.3,0.34
7.037322988,8.337704297,4.401103624,0.28904529,,8.08,7.15,4.5,0.32
7.043093257,8.307489571,4.414474918,0.294272199,,8.24,7.02,4.4,0.32
7.039947547,8.190592344,4.362328613,0.267982209,,8.13,7.27,4.4,0.3
7.025324484,8.452615301,4.391367487,0.287841439,,8.1,7.37,5.2,0.33
6.999581773,9.020742589,4.488525883,0.351044806,,8.23,7.38,4.3,0.38
7.035707313,8.316483321,4.387324499,0.282290401,,7.78,7.21,3.8,0.31
7.012024667,8.663172567,4.410485617,0.302564923,,8.28,7.51,3.9,0.33
7.022712458,8.517980706,4.403238849,0.295055737,,8.59,7.4,4.1,0.32
6.956290134,9.642412529,4.556515428,0.40748598,,8.76,7.78,5,0.47
6.993313851,8.983851756,4.450008004,0.331019819,,8.36,7.64,4,0.36
7.032905208,8.470522062,4.428330806,0.30524987,,7.6,7.07,5.5,0.35
6.971538788,9.173526388,4.433621775,0.329232235,,7.43,7.97,4.5,0.38
7.05887194,8.359475079,4.496600086,0.334480867,,7.26,6.37,3.8,0.35
6.96149382,9.32539128,4.451704316,0.343070841,,7.28,8.04,4.7,0.4
6.995032921,9.014272564,4.467993061,0.34073137,,6.8,7.43,3.8,0.38
6.97926416,9.136148034,4.450260425,0.336052938,,8.14,7.84,3,0.36
7.005188073,8.441008626,4.305712651,0.250530735,,8.17,8.03,3.1,0.28
7.007812631,8.348717336,4.28474798,0.239658752,,8.04,8.06,5.8,0.3
7.011083669,8.195046927,4.245986626,0.220828621,,8.19,8.19,5,0.27
6.986767076,8.43318677,4.228642513,0.219799683,,7.8,8.63,4.1,0.27
6.958185707,9.096179056,4.351757506,0.288668424,,7.67,8.54,4.8,0.35
6.963511587,8.95733957,4.321560128,0.271237813,,7.92,8.61,3.8,0.32
6.994185397,9.045650726,4.476120009,0.345735677,,7.414821429,7.452321429,4.360714286,0.385357143
6.99912694,8.291774345,4.230170701,0.217082514,,6.97,8.36,4.9,0.28
6.980892368,8.426881302,4.202825785,0.210029703,,7.89,8.83,6.8,0.29
6.920660159,9.607686317,4.40356615,0.329500432,,7.63,8.98,3.9,0.39
6.919178166,9.726732785,4.446799515,0.354922649,,7.25,8.75,5.5,0.44
7.028650352,7.473947445,4.081214021,0.151737064,,7.6,8.77,5.9,0.16
6.904271028,10.08336929,4.543390433,0.418276494,,7.43,8.6,5.2,0.56
6.917916539,9.724476658,4.440972149,0.351955327,,7.66,8.83,5.2,0.43
7.042524063,7.462956707,4.134940318,0.167567543,,7.84,8.26,4,0.17
7.065046912,7.307127828,4.178749167,0.178639035,,8.19,7.73,3.3,0.17
7.031754287,7.793496264,4.197482071,0.194455605,,7.22,8.04,4.1,0.23
7.021494174,8.033177102,4.234332365,0.212789487,,7.25,8.02,4.4,0.26
7.061742976,7.306311193,4.164704904,0.174092097,,7.37,7.79,4.2,0.18
7.072959752,7.161730655,4.165700935,0.171776255,,7.89,7.67,4.8,0.17
7.060442707,7.591986577,4.250720948,0.209244768,,7.58,7.4,4.5,0.24
7.082536832,7.657635727,4.363882231,0.255235079,,7.57,6.57,4.3,0.28
7.061495977,7.693382348,4.287810949,0.225423678,,7.45,7.21,4.5,0.26
7.133493791,6.755995315,4.294923029,0.207973868,,6.95,6.01,5.2,0.22
7.123469711,6.838563881,4.277799785,0.203451902,,7.33,6.29,5.7,0.22
7.137384675,6.904578287,4.357948434,0.235248463,,7.03,5.58,5.6,0.26
7.13661548,6.978632165,4.377756015,0.244931793,,7.18,5.49,5.6,0.27
7.127532398,6.767825757,4.273068759,0.200332974,,7.29,6.26,4.6,0.2
7.174384371,6.333184459,4.340321759,0.216005404,,7.56,5.04,3,0.18
7.144987331,6.415385848,4.238196868,0.181560306,,7.4,6.18,4.4,0.14
7.040705776,7.292273068,4.072832768,0.146407017,,7.12,8.63,4.1,0.11
7.033867093,7.459604043,4.09810368,0.15639388,,7.34,8.57,4.8,0.16
7.160247995,6.316910585,4.273660255,0.191658981,,7.18,5.68,4.6,0.16
7.13502957,6.556967829,4.23942978,0.184621825,,7.56,6.35,3.9,0.15
7.134453587,7.33355466,4.479585629,0.29800864,,7.45,5.04,4,0.3
7.031745932,8.995602996,4.60817714,0.411177203,,7.42,6.31,4,0.43
7.061132006,8.407669617,4.522129543,0.348448604,,7.68,6.23,5,0.37
6.941260803,10.01506262,4.655044249,0.473953624,,7.47,7.9,4.9,0.9
6.892449026,10.28168626,4.58960247,0.451039293,,6.71,9.04,4.7,0.9
6.892942502,10.27158905,4.586717044,0.449075265,,7.35,8.96,3.8,0.81
7.094574501,7.881868937,4.486441519,0.315939125,,7.56,5.83,3.6,0.32
7.004534283,9.457533898,4.672511276,0.461382428,,7.59,6.44,3.3,0.52
6.988528967,9.69048634,4.701869445,0.485652188,,7.43,6.63,3.6,0.67
6.990232893,9.734771488,4.726484815,0.500302312,,7.4,6.81,2.9,0.9
6.96845783,9.86458339,4.695550893,0.489140786,,7.66,7.25,2.5,0.85
6.975063091,9.81807518,4.701733345,0.490547342,,7.6,7.04,2.4,0.8
7.024055025,8.464029737,4.390124215,0.287600041,,7.55,7.36,2.9,0.31
6.953607089,9.791223114,4.607244215,0.439737466,,7.58,7.52,2.9,0.52
6.964169032,9.7487604,4.630699668,0.450400353,,7.47,7.25,3.1,0.54
6.972035919,9.745075546,4.659806357,0.46559361,,7.35,7.01,3.5,0.59
6.933367283,9.999754171,4.617988156,0.45382072,,7.26,7.83,4.2,0.64
6.95231622,9.639172902,4.53969217,0.398666127,,7.2,7.8,4.8,0.47
6.922884193,9.942743512,4.552822345,0.417360576,,7.28,8.22,4.9,0.53
6.918210536,9.995555652,4.557868899,0.422151947,,7.23,8.28,4.3,0.54
6.92224868,9.995569493,4.573396139,0.430257486,,7.24,8.15,4.4,0.56
6.930210085,9.498906227,4.396960797,0.322563111,,7.25,8.8,4.5,0.39
6.91772646,9.311538474,4.274505586,0.261384699,,7.36,9.66,4.8,0.34
6.920534832,9.276916071,4.272102398,0.259347822,,7.2,9.6,4.9,0.34
6.914296675,9.207485178,4.221045839,0.236465123,,7.09,10,5.7,0.33
7.032434186,8.14702156,4.316995343,0.24777224,,7.224423077,7.500576923,4.315384615,0.291730769
6.847998111,10.44189821,4.499461024,0.41135182,,6.99,10.2,4.6,0.65
6.86789849,9.685752625,4.23181003,0.254846424,,7.14,11.3,5.9,0.36
6.932955793,8.972355811,4.206114333,0.224414826,,6.76,9.72,4.2,0.3
6.941899971,9.058839151,4.273449747,0.253666445,,7.59,9.17,5.3,0.33
7.081465285,7.880500189,4.431442282,0.290399941,,6.83,6.23,5.4,0.33
6.905919602,9.067896725,4.135487075,0.200706028,,7.07,10.9,5.3,0.29
6.88049752,9.454300423,4.185963911,0.229503662,,7.06,11.4,4.8,0.32
6.924582897,8.846091889,4.126923098,0.192559083,,7.03,10.4,5.6,0.28
6.951436319,8.612318198,4.149615164,0.195188823,,6.98,9.64,5,0.27
7.058760713,7.098817463,4.08641457,0.147102776,,6.89,8.26,4.6,0.1
7.068042752,7.058993818,4.112613228,0.153913893,,6.9,7.97,5.2,0.13
7.068854767,7.068175964,4.118913413,0.155902437,,7.04,7.93,4.7,0.13
7.026808044,7.991138854,4.242142373,0.214758133,,7.06,7.89,5.1,0.27
7.133740789,6.680531934,4.272441472,0.198367926,,6.87,6.13,4.9,0.2
7.143234318,6.764180889,4.339309717,0.224835917,,6.88,5.58,5.1,0.24
7.162017197,6.473818698,4.330178262,0.215157716,,7,5.31,3.8,0.2
7.078949343,7.70654309,4.364660689,0.256756265,,7.01,6.59,3.6,0.28
7.143624399,6.748583314,4.336131368,0.223272949,,7.05,5.64,3.7,0.22
7.168332639,6.478082578,4.35894211,0.226226201,,6.95,5.01,3.4,0.21
7.0652819,7.505254094,4.242997122,0.204609192,,6.93,7.32,2.9,0.22
7.069653727,7.363213429,4.215847174,0.192151444,,6.85,7.38,2.9,0.2
7.055988372,7.49983985,4.202600206,0.190311016,,6.87,7.64,3.5,0.21
6.99475668,8.134745121,4.159445488,0.188399054,,6.94,8.81,3.4,0.23
7.004628278,8.137026624,4.20025306,0.202658375,,6.68,8.41,3.6,0.25
7.099212648,7.320047117,4.326190374,0.231992295,,6.68,6.42,3.5,0.25
7.014780819,9.106031735,4.580532237,0.400588105,,6.42,6.63,4.4,0.44
7.071251126,7.970958281,4.418573006,0.286994047,,6.62,6.46,3.4,0.31
7.132681253,7.368671504,4.483095046,0.300547594,,6.63,5.07,3.1,0.3
7.091442368,7.59947778,4.382464907,0.261668631,,7.08,6.32,3.6,0.28
7.119628435,7.542520179,4.482764449,0.304992307,,6.83,5.3,4.4,0.32
7.123461878,7.390479965,4.450892422,0.286412274,,7.2,5.44,3.5,0.29
7.129457735,7.331549983,4.457748313,0.287994468,,7.43,5.2,5.5,0.31
7.09088414,7.868422911,4.466713056,0.306292341,,6.97,5.91,5.5,0.34
7.12685772,7.790470408,4.592035327,0.365150884,,7.88,4.54,3.9,0.35
7.076385882,8.208689038,4.518143067,0.340557209,,8.17,6.04,3.7,0.34
7.043219629,8.399834689,4.446249932,0.311586756,,8.07,6.88,3.9,0.33
7.04621808,7.66741843,4.216115607,0.198385783,,8.05,7.8,4.8,0.23
7.00248884,8.379629508,4.273736076,0.236018307,,8.2,8.2,5.2,0.29
6.98911226,8.877663829,4.394681465,0.301623603,,7.62,7.87,4.6,0.35
7.102819458,7.984794169,4.554148031,0.351799478,,7.82,5.32,4.2,0.35
7.079050127,8.074591724,4.48485729,0.320581361,,8.07,6.13,4.2,0.33
7.025600726,8.632186574,4.454536998,0.32233965,,8.02,7.11,4.4,0.35
7.010211079,8.72225711,4.423955808,0.310575352,,8.09,7.47,4,0.34
7.006256486,8.886505326,4.466558118,0.335953855,,8.23,7.37,3.9,0.36
7.00104079,8.596450718,4.342821489,0.270365315,,8.36,7.95,4.3,0.31
6.980759208,8.664986542,4.285334766,0.247935633,,7.46,8.45,3.9,0.3
6.964681306,8.725255283,4.24241269,0.232238581,,7.3,8.9,4.7,0.3
6.986533132,8.620662177,4.292904596,0.249892143,,6.88,8.28,4.3,0.31
6.958479703,8.698080253,4.208017387,0.218327126,,6.94,9.17,4.6,0.29
6.966401421,8.640684345,4.219293014,0.22120632,,6.79,8.96,4.4,0.29
6.95296531,8.820314059,4.22985329,0.229728627,,7.02,9.17,4.4,0.3
7.019332281,8.929865415,4.534642791,0.371155853,,7.47,6.84,3.6,0.39
7.118779343,6.948761164,4.292264594,0.210991296,,7.681153846,6.336538462,3.790384615,0.209038462
7.056815531,8.271872904,4.458715616,0.313786167,,7.6,6.6,1.9,0.31
7.034479629,8.291514437,4.3738755,0.275673048,,7.59,7.27,3.2,0.3
6.984816151,9.009827978,4.425603614,0.320155946,,7.65,7.82,3.1,0.35
6.963006623,8.866606191,4.28650881,0.253799523,,7.84,8.78,3.3,0.3
7.085355648,7.416127072,4.298431505,0.223333607,,7.83,6.84,3.1,0.23
7.06262131,7.613369034,4.266663084,0.215609956,,7.74,7.31,3.1,0.23
6.955935041,8.518311358,4.134577226,0.187993133,,7.88,9.77,3.1,0.23
6.983263139,8.185624097,4.130109453,0.179662683,,7.92,9.25,3.2,0.21
7.024726047,8.077801361,4.262378976,0.224388914,,7.92,7.9,3,0.25
7.017533837,8.320134341,4.314498438,0.25108238,,7.96,7.79,3.2,0.28
7.028915106,8.240777718,4.334049359,0.257223891,,7.96,7.54,3,0.28
7.096025162,7.58359569,4.396588286,0.267334944,,7.84,6.24,3,0.27
7.143312648,6.903894682,4.383151061,0.245419369,,7.87,5.46,2.8,0.23
7.140784695,7.04164686,4.415255259,0.262105082,,7.82,5.33,2.9,0.25
7.141659896,6.907197364,4.377089169,0.243018542,,7.89,5.52,3,0.23
7.172438146,6.309424764,4.324439904,0.209600261,,7.76,5.06,5.7,0.2
7.133622251,6.6389566,4.258962334,0.192838907,,7.84,6.29,3.2,0.16
7.14088809,6.543270353,4.260385974,0.191472253,,7.91,6.17,3.1,0.15
7.177230863,6.149781077,4.295679824,0.196043116,,7.88,5.29,2.9,0.13
7.172637625,6.240914699,4.303990437,0.200794934,,7.85,5.32,3.2,0.15
7.191624682,6.134120448,4.353995866,0.216949865,,7.83,4.52,3.1,0.17
7.208487967,6.093321762,4.41570312,0.240203577,,7.7,3.43,3,0.2
7.192462285,6.378874881,4.433551135,0.254150209,,7.33,3.84,3.1,0.23
7.199633084,6.313962778,4.44496145,0.257436934,,7.21,3.51,2.9,0.23
7.165147241,6.585433941,4.378408262,0.236268755,,7.2,4.83,5.7,0.25
7.14317531,6.648112601,4.302914347,0.208677737,,7.58,5.85,4.3,0.2
7.154198874,6.901789271,4.429264202,0.264744247,,7.31,4.85,4.4,0.27
7.186736925,6.55476476,4.46282218,0.270894861,,7.09,3.71,3.7,0.26
7.179579702,6.244685293,4.335526686,0.212356903,,7.24,4.91,3.6,0.18
7.201491059,6.150260139,4.402470281,0.23615748,,7.38,3.82,3,0.2
7.172424569,6.196724903,4.28928498,0.194731079,,7.67,5.4,3.5,0.14
7.20046651,5.904038916,4.321212577,0.200169097,,7.31,4.38,4.9,0.15
7.187438756,6.054739987,4.310838322,0.199503412,,6.89,4.83,4.6,0.16
7.165610951,6.317479999,4.29717693,0.199900739,,7.46,5.45,4.3,0.17
7.181358303,6.168855887,4.319716884,0.20499253,,7.46,4.95,4.3,0.17
7.158588978,6.398926269,4.291998986,0.199686945,,7.7,5.64,4.1,0.17
7.17487158,6.329353119,4.341257981,0.216276903,,7.81,4.98,4,0.19
7.134388835,6.753440062,4.297967162,0.209035968,,7.77,6.05,4,0.2
7.109600177,6.950941933,4.253896943,0.197211361,,8.22,6.71,4.1,0.19
7.128562169,6.768595486,4.277717843,0.202007244,,8.16,6.28,4.2,0.19
7.091517042,7.675944653,4.40728843,0.274315147,,7.81,6.25,4.1,0.29
7.113065994,6.747759758,4.20498597,0.176826022,,7.69,6.88,4.3,0.15
7.122696338,6.489997606,4.165533752,0.160007447,,7.87,6.97,4.4,0.07
7.128356423,6.541443305,4.205900057,0.173379797,,7.58,6.64,4.6,0.13
7.041620664,8.169088391,4.361996603,0.267279388,,7.65,7.21,5,0.31
7.090161942,6.885527315,4.15098653,0.162360102,,7.65,7.5,4.8,0.13
7.086216227,6.825394681,4.115428956,0.150904118,,7.78,7.77,4.9,0.08
7.093646036,7.054646121,4.218910614,0.187181213,,7.76,7.09,4.6,0.19
6.975926803,8.790173921,4.310504428,0.261802622,,7.73,8.43,4.7,0.32
6.945091635,8.579964226,4.113006459,0.182088214,,7.85,10.1,4.4,0.24
6.979280348,7.969742556,4.041807955,0.148834428,,7.59,9.92,4.7,0.17
7.013864364,7.55901513,4.047930127,0.143793307,,7.59,9.25,4.8,0.13
7.058006661,7.739463016,4.288261635,0.226639693,,7.830961538,7.287692308,4.194230769,0.255576923
7.031848282,7.483631721,4.097497585,0.156625075,,7.58,8.62,4.8,0.16
7.029323985,7.51836024,4.098275101,0.157447844,,7.51,8.65,4.4,0.16
6.989246464,8.136396846,4.137699062,0.181170819,,7.23,9.01,5.3,0.24
7.070136759,7.16471268,4.154820422,0.168415365,,7.34,7.73,5.8,0.18
6.980066253,8.483352151,4.219023168,0.217351194,,7.36,8.74,5.6,0.29
6.957782049,8.453600339,4.119451694,0.181589682,,7.73,9.72,5.6,0.25
7.010692022,7.682176301,4.074872393,0.153407386,,7.8,9.1,5.4,0.17
7.191738521,6.373434492,4.428699078,0.251990457,,7.36,3.66,5,0.25
7.216018037,6.022081123,4.426940131,0.243151942,,7.35,2.74,4.3,0.22
7.059365938,7.253718207,4.138066393,0.164816298,,7.62,7.99,4.5,0.16
6.975705914,7.932732534,4.015131298,0.14086817,,7.67,10.3,4.1,0.14
6.967767486,9.292531332,4.463840815,0.347913741,,7.45,7.9,6.4,0.42
7.011317613,7.867083384,4.137883669,0.175976375,,7.55,8.67,6.2,0.23
7.077645941,7.104452398,4.167242309,0.171230625,,7.78,7.59,5.1,0.17
6.97305629,8.917161435,4.344880423,0.280294393,,7.63,8.33,4,0.33
6.971949234,8.514049784,4.197115211,0.209933842,,7.84,9.05,3.8,0.26
6.98217906,8.428416145,4.208529294,0.212164428,,8.02,8.82,4,0.26
7.099772443,6.927799327,4.204931341,0.180128026,,7.95,7.09,3.8,0.16
7.088115455,7.268047768,4.26299967,0.206914749,,7.82,6.96,3.3,0.21
6.965156505,9.872758199,4.686199982,0.484548737,,7.88,7.36,4.4,0.86
7.06900777,7.458459831,4.24354953,0.203834676,,7.98,7.34,3.1,0.21
7.11392814,6.956994413,4.274192884,0.204563141,,7.81,6.52,2.9,0.19
7.084612562,7.601490916,4.354530849,0.249982687,,7.92,6.61,3.3,0.26
7.114716656,6.852934966,4.244950566,0.192167717,,8.1,6.67,4.2,0.18
7.094611055,8.681820604,4.752062307,0.476635967,,7.45,4.1,4,0.48
7.149149235,7.072108423,4.460544261,0.2826681,,7.49,4.82,3.8,0.28
7.086286201,8.314824676,4.59421953,0.381960061,,7.85,5.47,3.4,0.37
7.182309744,6.741355094,4.501086696,0.292644357,,7.71,3.6,3.1,0.27
7.120448283,7.102719163,4.347621743,0.235589348,,7.85,6.04,3.9,0.24
7.116544343,7.114513465,4.334731275,0.230751792,,7.87,6.18,3.4,0.23
7.070308039,7.278266471,4.191553454,0.182300479,,8.66,7.63,5.9,0.2
7.107378754,7.461777892,4.405524774,0.268172589,,8.51,6.01,4.7,0.28
7.108259177,7.459371048,4.408472364,0.269390645,,8.48,5.98,4.6,0.28
7.13619459,7.134482574,4.424639136,0.268397393,,7.94,5.33,4.1,0.27
7.077316436,7.497417628,4.290707208,0.222167403,,8.13,7.01,5,0.25
7.118902582,7.449413792,4.450222751,0.287624207,,8.06,5.56,4,0.29
7.126700017,7.465083649,4.488128413,0.305432087,,7.61,5.2,3.4,0.3
7.106132794,6.969267776,4.244924664,0.194437802,,8.26,6.81,4.4,0.19
7.065635427,7.695196324,4.305586911,0.232401357,,8.23,7.13,3.7,0.25
7.081395311,7.557157324,4.326874644,0.237676385,,7.78,6.77,3.3,0.25
7.078472578,7.518467126,4.30227199,0.22709204,,7.61,6.91,3.2,0.24
7.031145406,7.917841633,4.235742348,0.210769687,,8.2,7.94,3.9,0.24
7.094689906,7.343374273,4.314532817,0.227947004,,8.04,6.64,3.1,0.23
7.052784176,8.284871395,4.44654568,0.308441835,,7.86,6.72,3.3,0.32
7.004383368,8.445778482,4.304098281,0.249985856,,8,8.03,4.8,0.3
7.069273568,7.256446475,4.180297134,0.178196435,,7.74,7.63,4.1,0.18
7.117419544,6.855254148,4.257196322,0.19647033,,7.67,6.54,3.3,0.18
6.946063964,9.547649802,4.47837909,0.364088596,,7.73,8.21,3.5,0.41
6.914532185,9.342727472,4.274157093,0.262165123,,7.87,9.83,3.3,0.32
6.971824952,8.036998831,4.034162775,0.147820688,,7.95,10.2,4,0.16
6.988113298,7.645215493,3.971003154,0.12516239,,8.17,10.6,3.7,0.03
6.897801538,9.275701884,4.182911773,0.223441337,,8.21,10.9,3.9,0.29
7.055195156,7.608280829,4.234184491,0.203588525,,7.400612245,7.539183673,3.630612245,0.226530612
6.903080943,9.235469922,4.187968216,0.224305914,,8.07,10.7,3.8,0.29
6.907954079,9.295957047,4.23030586,0.24263746,,7.98,10.3,3.1,0.3
6.873935079,9.682633726,4.253708097,0.263970805,,8,11.2,3.3,0.33
6.871707389,9.659233518,4.235419757,0.255521803,,7.96,11.5,3.1,0.32
6.886310087,9.444533099,4.204552708,0.236537757,,7.92,11.2,3.2,0.3
6.868360633,9.724826535,4.249936368,0.263720867,,7.83,11.5,3.1,0.33
6.982204125,8.495226424,4.231733739,0.222447522,,7.77,8.71,2.8,0.26
6.92156147,9.462332205,4.348652152,0.298787237,,7.9,9.27,3.2,0.35
6.899945676,9.572811696,4.308965408,0.284487289,,7.99,10,3,0.34
6.91858234,9.333209291,4.286270046,0.267049643,,8.12,9.68,3.2,0.32
6.919477906,9.378854728,4.307591687,0.277705816,,8.18,9.54,3.3,0.33
6.968514749,8.586248932,4.208590516,0.215867788,,8.16,9.08,3.4,0.26
6.997672624,8.111637118,4.163512965,0.189305224,,8.17,8.8,4.4,0.23
6.993100795,8.06378246,4.128980619,0.176897582,,8.15,9.06,5,0.22
7.025127616,7.857036158,4.191077337,0.193536921,,7.84,8.21,5.4,0.24
7.082081477,7.168514416,4.206127519,0.185062706,,7.5,7.3,4.2,0.19
7.081788002,7.22156032,4.221682074,0.191365677,,7.69,7.24,4.2,0.2
7.049894864,7.49313683,4.175158277,0.180976063,,7.77,7.93,4.5,0.2
7.121131838,6.734993492,4.235426821,0.18664831,,7.25,6.56,4.9,0.18
7.083027696,7.159632933,4.20729497,0.185284127,,7.49,7.28,4.2,0.19
7.055916309,7.335885377,4.149859109,0.16993196,,8,8,5.2,0.18
7.057146082,7.662978458,4.259931991,0.214175044,,7.77,7.42,5.8,0.26
7.172609948,6.731279418,4.455914487,0.272175562,,6.78,4.12,4.7,0.28
7.179608945,6.212400142,4.32561018,0.20803023,,7.21,4.94,4.3,0.18
7.132266629,6.518266096,4.215464302,0.176028682,,7.91,6.55,4.4,0.13
7.175979681,6.357721958,4.354907127,0.222067299,,6.9,4.86,3.4,0.2
7.173483583,6.495708668,4.386819655,0.237628669,,6.5,4.68,3.6,0.23
7.15962136,6.627020041,4.367371869,0.232803169,,6.72,5.12,3.8,0.23
7.152541423,6.329308134,4.244054374,0.181894666,,7.38,6.02,4.1,0.13
7.215546494,5.845999004,4.369972851,0.216859186,,7.25,3.59,3.3,0.16
7.116502568,6.746711667,4.219318916,0.181492613,,7.53,6.74,4.2,0.16
7.163607806,6.252307219,4.26813994,0.188524183,,7.54,5.7,3.4,0.13
7.179754116,6.025294989,4.267850314,0.184109383,,7.52,5.37,3.7,0.1
7.18815051,6.381460123,4.415468123,0.24668694,,7.6,4.13,3.1,0.22
7.17288619,6.202791224,4.293197048,0.196218486,,7.5,5.37,3.1,0.14
7.133244181,6.488796491,4.210464843,0.173889714,,7.37,6.53,2.4,0.1
7.129537632,6.676461062,4.253132613,0.191556621,,7.37,6.35,3.7,0.17
7.1341998,6.535109385,4.229037628,0.180762751,,7.39,6.41,3.8,0.14
7.112721866,6.734923517,4.199500975,0.174824912,,7.35,6.89,3.7,0.14
7.111801757,6.995174792,4.277127759,0.206408806,,7.27,6.5,3,0.2
7.109911406,7.117380915,4.307486197,0.220277003,,7.21,6.38,2.9,0.22
7.027297864,8.368593401,4.370705157,0.276350816,,7.04,7.35,3.4,0.31
6.987914864,8.58891799,4.287332478,0.246777001,,7.26,8.32,3.1,0.29
7.282610075,5.023299592,4.411532508,0.214721829,,0,0,0,0
7.071287157,7.689296866,4.327186875,0.240884783,,7.18,6.88,3.1,0.26
6.909766622,9.80968737,4.445213872,0.357254199,,7.27,8.98,3.2,0.42
6.964779479,8.051024653,4.010556151,0.141550181,,7.37,10.7,3.1,0.14
6.895156092,9.420064807,4.229123339,0.245716888,,7.38,10.7,3,0.31
6.934201753,8.940856154,4.199441166,0.221068435,,7.32,9.76,4.1,0.29
7.010782884,8.154695776,4.231202993,0.21434542,,7.493823529,8.215294118,4.158823529,0.260294118
6.914955164,9.190440422,4.217121056,0.234444786,,7.33,10.1,4.3,0.31
6.942306239,8.785679353,4.175090934,0.208222087,,7.31,9.75,3.7,0.27
6.970622856,8.13660062,4.062701986,0.157768804,,7.3,9.99,3.1,0.18
6.900637064,9.114017379,4.132202294,0.200650954,,7.48,11.3,3.8,0.27
6.887252651,9.384125946,4.184277017,0.226901982,,7.45,11.3,3.7,0.3
6.913424607,8.921596024,4.110628231,0.188693458,,7.44,11.1,3.5,0.25
6.863170524,9.853102055,4.284655676,0.283090587,,7.43,11.6,1.9,0.34
6.873969544,9.789114627,4.298634478,0.287113001,,7.42,10.9,2.6,0.35
6.874032207,9.785086817,4.297162331,0.286317326,,7.39,10.8,3.5,0.36
6.907796375,9.556776583,4.332920525,0.294730131,,7.35,9.61,3.6,0.36
6.974571182,9.065958947,4.405516768,0.312437128,,7.17,8.03,3,0.35
6.963447879,9.138028909,4.388246592,0.30663814,,7.49,8.3,3.4,0.35
6.955231642,8.871029246,4.25720527,0.241900214,,7.49,9.03,3.8,0.3
7.090572389,7.003736387,4.189902351,0.176636501,,7.43,7.26,3.6,0.16
7.0968377,7.513478885,4.377625565,0.257514375,,7.32,6.26,4.3,0.28
7.136449422,6.445585195,4.210772364,0.173210549,,7.29,6.47,3.6,0.11
7.089853846,7.382039865,4.306469916,0.22567724,,7.35,6.7,3.5,0.24
7.071121621,7.810045811,4.365577131,0.259695822,,7.32,6.73,3.4,0.28
7.088204751,7.574059054,4.360774052,0.251915809,,7.28,6.48,3.6,0.27
7.063655258,7.936007532,4.375690488,0.267188333,,7.44,6.81,3.6,0.29
7.148083955,6.905977025,4.404281502,0.25422969,,7.43,5.32,0,0.21
7.152274058,6.89660956,4.41937501,0.260386453,,7.24,4.99,3.8,0.26
7.168232899,6.992026671,4.51762645,0.306761658,,7,3.97,2.9,0.29
7.132176812,7.716632608,4.590870231,0.362418892,,7.06,4.26,5.3,0.37
7.232033798,5.731055704,4.407573817,0.228836742,,7.11,1.62,6,0.21
7.231107944,5.600985047,4.362512749,0.208898352,,7.15,2,7.5,0.18
7.064626544,7.481699326,4.232722234,0.2004439,,7.67,7.43,4,0.22
7.023098361,7.575021792,4.090952983,0.156263971,,7.98,8.81,6.4,0.18
7.009690971,7.670636525,4.067031303,0.150961689,,8.09,9.17,7.9,0.19
7.039506813,7.254303385,4.055773571,0.141130459,,8.16,8.84,7.6,0.12
6.958022259,8.67164727,4.196811928,0.213505116,,8.07,9.29,5.1,0.28
6.905861116,8.900272777,4.073178906,0.175867034,,8.24,11.4,6.4,0.26
6.880800394,9.252926841,4.108112018,0.195551431,,8.12,12.3,4.6,0.27
6.932125501,8.461958929,4.02036858,0.151299163,,7.99,11.4,4.4,0.19
7.063619749,7.568270327,4.256302014,0.210789611,,7.5144,7.3252,3.268,0.2276
6.871571618,9.352763932,4.111302612,0.199123646,,7.96,12.7,4.9,0.28
6.840105636,9.937397705,4.233487976,0.263744282,,7.96,12.9,4.5,0.35
6.865679155,9.880913014,4.306284838,0.293755219,,7.77,10.8,5.5,0.39
6.91747215,9.810345599,4.475263375,0.372322756,,7.57,8.67,5.5,0.46
7.011377143,8.092544622,4.212821879,0.206215687,,7.5,8.31,2.3,0.23
7.029146439,8.082169052,4.281914827,0.232091271,,7.44,7.72,2,0.25
7.153030198,6.600910789,4.33075045,0.218058043,,7.21,5.54,2.3,0.19
7.143529359,6.633773813,4.299972879,0.207307243,,7.16,5.87,2.5,0.18
7.137319923,6.828309806,4.33388877,0.224135244,,7.2,5.8,2.6,0.21
7.13647762,6.923660018,4.360014432,0.236501749,,7.4,5.68,3.1,0.23
7.092928016,7.391994815,4.32255192,0.232181091,,7.66,6.61,2.3,0.23
7.182061179,6.482394903,4.420078118,0.250930237,,7.67,4.33,2.5,0.22
7.229610285,5.824565795,4.425976595,0.238257809,,7.33,2.66,1.5,0.17
7.232486542,5.789376285,4.427843858,0.238211408,,7.44,2.25,2.5,0.18
7.175885163,6.663113463,4.449053887,0.267529808,,8.01,4.28,2.7,0.24
7.180108687,6.299992706,4.355025333,0.220874296,,7.88,4.83,2.8,0.18
7.210811218,6.082719733,4.422688989,0.242802706,,7,3.27,3.1,0.21
7.164216687,6.28043499,4.279565797,0.19299011,,7.21,5.59,3.8,0.15
7.168684599,6.25747232,4.291886432,0.196838201,,7.81,5.46,3.7,0.15
7.064581635,7.227661245,4.151550712,0.168518933,,7.06,7.8,4.4,0.17
6.964322035,8.240200999,4.07243153,0.162565465,,7.72,10,4.1,0.2
6.961932465,8.323380888,4.091210586,0.16991891,,7.54,9.92,3.6,0.21
6.960501125,8.383081368,4.105966433,0.175772166,,7.16,9.84,3.3,0.22
6.928273781,8.49590234,4.016949112,0.150931668,,7.57,11.8,3.2,0.18
6.943376742,8.512467266,4.082558073,0.170902736,,7.63,10.5,3,0.21
,,,,,7.551325137,7.63692623,4.025546448,0.297144809