7.368250267,9.894652783,4.644659162,0.346375799,,7.47,9.52,5.5,0.33
7.29229055,9.176029351,4.460857434,0.265523166,,7.29,9.3,4.4,0.23
7.355740533,9.651310928,4.662162922,0.319721966,,7.16,8.78,4.4,0.36
7.420876165,9.93665489,4.801758331,0.37435104,,6.99,8.76,4.3,0.42
6.984103875,8.66557941,4.107975447,0.518231052,,7.2,8.57,3.6,0.4
7.149767516,8.595304968,4.248129857,0.379786991,,7.25,7.93,4.3,0.37
7.164755594,8.127097818,4.049401332,0.411457563,,7.11,8.22,3.9,0.46
7.214921947,7.681115906,3.238207436,0.42001988,,7.02,8.22,2.6,0.4
6.983324758,8.31241245,3.137418591,0.414273924,,6.61,8.91,3,0.44
7.093334285,8.312248661,3.854469496,0.431658779,,6.68,6.24,4.3,0.43
7.15619053,8.261645742,3.981351037,0.457941089,,6.68,6.51,4.6,0.43
7.08239375,7.062175773,4.429056048,0.438889188,,7.33,6.79,4.6,0.44
7.436577563,6.876914969,4.982931763,0.447737692,,7.5,6.44,5.6,0.48
7.570615952,6.615630213,5.823446624,0.476550202,,7.19,5.86,6.1,0.47
7.381322407,6.008494377,6.025400121,0.430901233,,7.39,6.04,6,0.43
7.386667608,6.252529833,5.63437041,0.461418946,,7.28,5.52,5.1,0.44
7.34287936,5.932333935,5.99119225,0.427589965,,7.13,5.53,6.3,0.48
7.213574681,5.666649192,6.114161252,0.515732162,,6.58,5.6,4.7,0.42
6.869940799,5.162727717,5.821513902,0.556812013,,6.58,5.4,5.2,0.59
6.555250692,5.409970888,5.382712412,0.623401215,,6.98,5.57,4.3,0.53
6.984068366,5.586327141,4.959185271,0.576422272,,7.03,5.51,3.9,0.38
6.88103016,5.62548948,4.578321662,0.443787107,,6.98,5.16,4.4,0.35
7.010417346,5.53458001,4.251211664,0.401357197,,7.1,5.75,4.3,0.38
7.28799653,5.847944856,4.04394318,0.237316489,,7.36,5.3,3.1,0.3
7.047616521,5.440525495,3.87573227,0.369834874,,7.12,5.21,3.5,0.4
7.105849241,5.550254481,4.087326303,0.355758871,,7.14,5.76,4.1,0.33
7.096771381,5.443697837,3.702624092,0.352053712,,6.8,5.44,3.5,0.32
6.970253141,5.452647757,3.685422202,0.337022291,,6.64,5.48,4.2,0.36
6.832901939,5.420277253,3.917999273,0.321566288,,6.66,5.4,4.9,0.39
6.688821715,5.457617927,4.181873358,0.355081746,,6.88,5.25,4.8,0.49
6.709664658,5.529089639,4.539996395,0.442115335,,6.7,5.62,4.6,0.48
6.787299058,5.415431654,4.620153521,0.456584693,,7.14,5.63,4.4,0.52
6.73407629,5.614762879,4.475395709,0.376558937,,7.87,6.89,3.9,0.31
8.03527718,8.901758407,2.347915079,0.127005934,,7.81,7.97,3.1,0.25
8.012768953,8.084068382,3.27837736,0.234262838,,7.7,8,3.6,0.26
7.481201325,6.939074581,3.955070437,0.350453178,,7.74,7.2,4.3,0.25
7.809354698,7.832680903,3.594247522,0.261296625,,7.92,7.48,3.5,0.32
7.738933395,7.76687181,3.637454985,0.276058345,,7.77,7.68,3.9,0.29
7.771667791,7.703713319,3.787722752,0.287314256,,7.67,7.65,3.6,0.37
7.775832829,7.553795433,3.826840605,0.310573526,,7.71,7.55,3.9,0.36
7.731421079,7.648159839,3.742157075,0.355006346,,7.68,7.85,3.6,0.43
7.66723271,7.767275513,3.696871605,0.359439889,,7.44,9.34,3.1,0.4
7.643876959,7.749324153,3.688751251,0.362668695,,7.503584906,7.525471698,3.726415094,0.300188679
7.635220511,8.056911038,3.615510531,0.357090187,,7.83,7.83,3.1,0.41
7.659440497,8.271303105,3.120957248,0.31897261,,7.71,8.12,2.6,0.36
7.746047797,8.110199164,2.937831785,0.365781366,,7.87,8.25,2.8,0.46
7.750810227,7.981746014,2.981486403,0.397458947,,7.55,7.9,3,0.43
7.644557903,7.927875017,2.992590845,0.429585276,,7.18,7.66,3.2,0.51
7.583764855,7.921957873,2.988120247,0.44613168,,7.4,7.72,3.1,0.49
7.454368791,7.636307866,3.197903766,0.485631942,,7.38,7.36,3.6,0.46
7.386051939,7.74742021,3.144812291,0.469293049,,7.61,8.38,2.9,0.37
7.367068015,7.692370397,3.242992149,0.46347086,,7.24,8.05,3.3,0.28
7.401561169,7.956807887,3.189630828,0.360864194,,7.22,7.67,3.4,0.28
7.389995043,7.714050442,3.451014601,0.309546415,,7.89,8.13,4.4,0.21
7.362113416,8.08251047,3.401057679,0.284427463,,8,9.92,4.1,0.31
8.122155499,8.717836361,4.732833978,0.397589957,,8.04,9.61,5.1,0.27
7.93582594,8.153573095,4.926163218,0.333680546,,7.66,7.84,5,0.33
7.879832398,9.095109434,4.676504345,0.251652821,,7.54,7.81,4.4,0.34
7.417947166,6.736572166,4.598624668,0.379423363,,7.63,7.94,5.3,0.31
7.72358709,7.981830599,4.947859253,0.32720191,,7.95,7.78,5,0.34
7.696239148,7.789939826,4.986217015,0.330407972,,7.77,8.53,5.3,0.32
7.721948438,8.007645339,5.17385499,0.321630572,,7.32,7.55,5.9,0.27
7.754438969,7.794092208,5.207260385,0.31944558,,8.32,6.77,4.9,0.35
7.486551749,8.915015269,5.407663089,0.290826322,,8.59,5.81,3.5,0.42
7.370644537,7.426664124,4.568448954,0.324827934,,8.06,6.34,3.4,0.26
7.893982873,6.308975691,3.4990056,0.23645653,,7.63,6.27,3.6,0.17
7.669818626,6.159473812,3.309266778,0.210202656,,7.36,6.25,3.3,0.17
7.70115667,6.250242563,3.557725941,0.202881353,,7.28,5.83,3.8,0.16
8.276133431,6.417562388,3.415129962,0.380233914,,7.38,7.03,4.4,0.34
8.154795901,6.20416497,3.898232193,0.381607469,,7.32,5.85,4.4,0.32
7.553283213,5.578045831,5.041777608,0.572877983,,6.84,5.53,4.8,0.43
7.324190477,5.926624026,4.245233599,0.270978209,,7.5,6.44,3.9,0.41
7.324980038,6.339446097,4.221762604,0.321146378,,7.23,6.14,3.7,0.49
7.328666744,5.852810063,3.929785631,0.432946972,,7.05,6.39,3.4,0.48
7.18689045,6.418033376,3.767424456,0.475372156,,7.14,6.69,3.8,0.46
7.142387838,6.472858267,3.528705433,0.494164507,,7.14,6.37,3.1,0.44
7.1254786,6.470881272,3.544193586,0.459984625,,7.12,6.56,3.6,0.39
7.120721391,6.519465673,3.463121903,0.423884807,,7.16,6.1,3.2,0.27
7.196740117,6.766858406,3.585973642,0.36282508,,7.84,6.84,3,0.21
7.58392778,7.043609245,3.126115649,0.234840073,,7.68,7,3,0.24
7.460914522,6.809157331,3.232322851,0.251725859,,7.34,7.05,3.5,0.25
7.524784872,7.1082426,3.209335273,0.204524501,,7.12,7.27,3.2,0.15
7.585736668,7.364704442,3.110325626,0.182686636,,7.24,7.48,2.9,0.12
7.237201974,7.270578413,3.187529039,0.151694154,,7.2,7.02,3.3,0.13
7.157399937,6.954815951,3.249344844,0.155086435,,7.43,6.43,4,0.15
7.148426516,6.919393062,3.290321247,0.153927292,,7.34,7.37,4.3,0.21
7.30652771,7.194421431,3.44826763,0.14438233,,7.32,7.38,3.4,0.16
7.339050095,7.166538959,3.447389098,0.149249639,,7.36,7.2,3.1,0.15
7.366269577,7.491502022,3.468491518,0.149344399,,7.52,9.31,3.2,0.13
7.415404593,8.019855648,3.369694028,0.144275809,,7.51,8.79,3.3,0.15
7.476691638,8.750667088,3.301491856,0.118058991,,7.46,9.16,3.5,0.08
7.50276751,9.205406681,3.298577466,0.125105974,,7.48,10.5,3.6,0.18
7.519794765,9.251255123,3.297733549,0.141431281,,7.71,9.26,3.1,0.27
7.431750381,8.394228205,3.403877881,0.241482211,,7.63,9.31,3.6,0.45
7.291154773,7.310375144,3.519505222,0.368336324,,7.675192308,8.290192308,3.946153846,0.392884615
7.659715173,8.166019474,3.891027103,0.400214327,,8.08,8.5,4,0.38
7.744480164,7.751287307,4.238501093,0.463221353,,7.91,9.64,4.4,0.5
7.804707151,9.086956156,3.819266065,0.416526851,,7.87,10.4,3.2,0.4
7.796207884,9.265462419,3.71163899,0.383063029,,7.39,10.1,3.3,0.36
7.481701067,10.18363469,3.408172113,0.364353141,,7.38,10.3,3.5,0.36
7.456903532,10.20809914,3.514712503,0.370355452,,7.65,10,3.9,0.34
7.420236997,10.26894075,3.499895905,0.361976507,,7.32,10.5,4,0.35
7.437964517,10.26425318,3.784047801,0.359086089,,7.21,10.9,4.5,0.37
7.331373809,10.4649593,3.972577965,0.345802511,,7.23,11.3,4.5,0.36
7.290237274,10.50157023,3.95980994,0.334905396,,7.27,11,3.3,0.35
7.244993143,10.56720785,3.986682036,0.337926233,,7.1,10.3,3.8,0.3
7.235398831,10.74729663,4.080252369,0.352504582,,7.23,9.9,4,0.34
7.285254477,10.64503732,4.061816155,0.360203879,,7.36,9.66,4,0.36
7.420360235,10.01128395,4.237685903,0.408535862,,6.81,9.3,4.6,0.38
7.581033768,8.557459856,4.399771816,0.440081546,,7.36,7.42,4.2,0.37
7.40369904,6.05460888,4.570892642,0.430537659,,7.35,7.08,4.5,0.42
7.359355176,6.723922013,4.386265363,0.391783208,,7.38,6.8,4.2,0.35
7.255963443,7.707100586,4.276203311,0.360537004,,7.64,7.06,4.1,0.15
7.331409319,7.380404288,4.187520355,0.350558867,,7.7,7.26,3.8,0.18
7.405717851,8.432236336,3.955109054,0.269386187,,7.48,8.09,3.8,0.26
7.56820445,6.773936678,4.019882103,0.249449409,,7.22,7.26,4.5,0.3
7.449538998,7.24557877,4.137014321,0.263769201,,7.24,6.87,4.1,0.33
7.154910105,7.402636446,4.235296843,0.344666166,,7.23,7.04,3.9,0.35
7.107712437,6.878618983,4.366892456,0.41972749,,7.95,7.83,4,0.39
7.385595539,5.969250528,4.314660911,0.409266556,,7.82,6.28,4.7,0.43
7.587711092,6.614155348,4.629430966,0.499063635,,7.43,7.07,4.3,0.46
7.738698406,7.211241652,4.869248683,0.621288777,,7.51,7.42,4.4,0.54
7.44585177,6.831996967,4.652316586,0.5703444,,7.25,6.79,4.6,0.56
7.421261546,7.030575381,4.45055947,0.507792057,,7.66,7.03,4,0.46
7.491359088,7.315760937,4.211128392,0.420718002,,7.75,6.58,3.9,0.36
7.63562208,6.968028982,4.134303612,0.462901869,,8.23,6.47,3.9,0.45
7.789262673,6.694704627,3.944408439,0.406039764,,8.02,5.57,4.1,0.42
7.98030662,6.262580134,3.970233173,0.431284974,,8.03,5.88,4,0.45
8.037789988,6.074547231,3.896387065,0.430714129,,8.04,6.34,3.7,0.43
8.023648913,6.036824384,3.936849676,0.447925145,,7.82,6.11,3.9,0.47
7.894403241,6.046605933,3.913376798,0.461623343,,7.66,6.32,3.8,0.49
7.873500246,6.200261347,3.895510652,0.475259324,,8.07,7.45,3.5,0.38
7.976840804,6.469445625,3.742626599,0.433049224,,8.01,7.32,4,0.36
7.869828162,6.9360964,3.916623668,0.409572856,,7.81,7.12,4.1,0.4
7.873093977,7.294185471,3.919907036,0.395087146,,7.79,7.55,3.9,0.41
7.860122621,7.331623034,3.876764562,0.377004007,,7.58,7.19,3.7,0.38
7.789729517,7.314709,3.976226308,0.403183743,,7.71,7.07,4,0.42
7.852348163,6.912442437,3.80278565,0.339079442,,7.76,8.15,2.7,0.49
7.757427498,7.722688164,3.784012716,0.416732027,,7.86,8.68,3.2,0.47
7.715854929,7.685327497,3.586333437,0.440906383,,7.71,8.32,3.8,0.48
7.729124459,7.637785806,3.706843917,0.444296595,,8.08,8.84,4.5,0.45
7.885961938,8.680045077,3.650509104,0.448983808,,8.13,9.32,3.9,0.38
7.965740999,8.989931919,3.723378726,0.445791225,,8.27,9.89,3.6,0.41
8.041698628,9.186930121,3.864381763,0.422562298,,8.12,10.2,3.6,0.38
8.191668181,10.19052457,3.705325147,0.42642454,,8.1,10.8,3.5,0.43
8.275392435,10.90511942,3.624819529,0.412078862,,8.4,11.5,3.9,0.44
8.096462397,9.277032953,3.664398193,0.401003074,,7.663461538,7.903076923,3.803846154,0.283269231
8.181178302,10.62704674,3.688240285,0.389216033,,8.18,10.9,3.9,0.4
8.175998637,10.83265191,3.837928329,0.368342339,,7.79,10.9,3.9,0.34
8.176264435,10.99453634,3.860235404,0.341569982,,8.1,11.6,3.8,0.34
8.123635404,11.81688396,3.793019137,0.377681857,,8.25,12,3.5,0.32
8.140887725,11.81266314,3.699148111,0.348888653,,7.99,11.5,3.6,0.33
8.042043277,11.75356321,3.6681087,0.376042065,,7.92,10.8,3.2,0.31
8.01734757,11.05265969,3.741256645,0.374389063,,8.05,10.4,3.5,0.37
8.051416178,9.966404396,3.617445844,0.396703146,,8.16,10.2,3.5,0.39
8.063139485,9.152664516,3.768449213,0.397971093,,8.19,9.37,3.9,0.39
7.898569846,11.16302537,3.099720141,0.275383799,,8.53,9.32,4.2,0.2
7.834000274,10.17665792,3.716935611,0.178690993,,8.45,9.47,4.4,0.14
8.278785144,9.539754126,4.468858642,0.149300147,,8.16,9.68,4.4,0.21
8.276992966,7.919461061,4.990800638,0.105953674,,7.63,8.12,5.1,0.21
8.205985759,8.842297074,4.521823434,0.195968011,,7.85,8.17,4.2,0.35
8.070527518,8.683454643,4.507883249,0.23266762,,7.93,8.63,4.3,0.37
7.868851132,7.96266659,4.326946698,0.351035703,,6.97,7.83,4.8,0.45
8.327231383,10.78422745,4.655254287,0.452734829,,0,0,0,0
7.672931961,8.220397984,4.183717074,0.372394074,,7.95,6.93,5.1,0.15
7.036949618,7.628163815,4.631111737,0.353053354,,7.77,5.67,5.9,0.12
7.059701188,6.181179232,4.993631907,0.303770358,,7.09,6.18,5.1,0.29
7.337822934,5.657769248,5.418077374,0.175125008,,7.23,5.58,5.2,0.21
7.374399651,6.032421322,5.305265525,0.202265102,,7.09,6.73,4.5,0.27
7.393080701,6.365937906,5.110182048,0.238675463,,8.15,7.46,4.5,0.29
7.213162668,6.254732133,4.695771762,0.297059157,,7.88,6.53,4.7,0.32
7.636464383,6.586146767,4.479257386,0.310311318,,7.78,6.89,4.4,0.35
7.335833888,6.397091147,4.448432251,0.351076008,,7.46,7.01,4.8,0.4
7.69986789,6.792642388,4.52317926,0.35813478,,7.61,6.78,4.6,0.37
7.587234327,6.738293867,4.607279064,0.369790622,,7.55,6.79,4.7,0.36
7.569271819,6.340810231,4.073798187,0.365807547,,7.62,5.69,3.6,0.37
7.919305216,6.828472826,3.351440772,0.299872322,,7.74,6.81,3.3,0.32
8.033223382,7.190829621,4.439895118,0.280364583,,7.88,7.55,3.8,0.21
8.03833255,7.305666805,3.345468829,0.277507139,,8.12,7.49,3.5,0.28
7.922165807,6.539095671,3.673772415,0.311845742,,7.69,6.57,4.5,0.2
7.997311943,7.389937079,3.649712751,0.252515519,,8.12,7.45,3.4,0.3
7.723627299,6.755393988,3.850123225,0.247630139,,7.43,5.41,3.7,0.29
7.785812,7.024392178,3.758065539,0.236342463,,7.49,7.32,3.5,0.23
7.377446144,6.861108237,3.665991606,0.240831562,,7.6,7.51,3.3,0.29
7.734408041,7.031855699,3.527261307,0.297488626,,7.16,6.8,3.9,0.3
6.691872908,5.874696189,4.13991623,0.303038107,,7.81,7.59,2.7,0.23
7.747014904,7.314187646,2.650648002,0.26559615,,7.81,7.67,3.8,0.23
7.584014465,7.270258526,3.61817297,0.272709163,,7.77,8.22,3.3,0.26
7.809947913,7.91086717,3.598607686,0.22702534,,7.52,8.01,3.1,0.21
7.754823828,7.977175318,3.200577742,0.246691048,,7.73,8.06,3.5,0.24
7.752102663,7.812781769,3.584174665,0.241188317,,7.67,7.34,3.2,0.25
7.71051965,7.710525532,3.381633911,0.248834339,,7.84,7.83,3.1,0.26
7.838431632,7.821424105,3.099244495,0.231884915,,8.1,7.62,2.6,0.23
7.913860798,7.649418625,2.630953917,0.335249315,,8.13,7.71,2,0.49
7.525087746,6.571380437,3.182361926,0.291128003,,7.94,7.68,4,0.51
7.789926907,7.619960555,3.000321264,0.195194193,,7.95,8.22,3.2,0.17
7.939990456,8.176022099,3.221079718,0.195572188,,7.96,8.28,3.2,0.2
8.034474564,8.394280494,3.293919906,0.285829239,,7.94,8.43,2.9,0.2
7.917357424,8.299409344,3.082410406,0.208390046,,7.77,8.26,3,0.21
7.96240782,8.423200293,3.035049755,0.176350207,,7.433529412,8.042352941,3.943137255,0.333137255
7.784004157,8.24179659,3.145261564,0.22021229,,6.8,8.5,3.2,0.27
7.324256274,8.405109751,3.149376606,0.241183537,,6.79,8.41,3.2,0.22
6.943258726,8.563978326,3.227018931,0.237908304,,6.81,8.5,3.6,0.2
6.926851318,8.400089214,3.354372351,0.233304816,,7.19,8.6,3.2,0.22
6.864735025,8.442678806,3.330338823,0.226021616,,6.95,10,3.2,0.3
7.067644838,8.98053831,3.166014314,0.222495264,,7.75,11,3.8,0.19
7.154789478,9.854124002,3.395798733,0.215175358,,7.07,10.7,3.5,0.19
7.252950892,9.818118242,3.489621959,0.203407086,,7.7,9.52,3.2,0.16
7.327277702,9.419215876,3.518346012,0.198908025,,8.02,8.56,2.9,0.16
7.581750744,8.864494628,3.279614039,0.168324418,,7.98,8.42,3,0.14
7.580875021,7.07737272,2.996763341,0.16700513,,7.61,7.73,3,0.16
7.605744619,7.140104437,2.964088838,0.179564083,,7.27,7.4,2.9,0.2
7.72675891,8.052028914,2.966679223,0.154472681,,7.68,6.63,3.9,0.19
7.587175841,7.44390189,3.073495582,0.162183631,,7.55,5.82,4.1,0.28
7.371425221,5.520577641,3.823617988,0.250678527,,7.5,5.68,4,0.29
7.697200511,7.553864639,3.26052134,0.182080642,,7.33,7.02,4.1,0.35
7.600290801,6.58012812,3.860385868,0.229512792,,7.29,7.02,4,0.35
7.332503842,6.927913133,4.031165266,0.337445907,,7.1,6.77,4.1,0.4
7.307826412,6.973774648,4.055430729,0.351247296,,7.49,7.43,4,0.42
7.349278876,6.941412218,4.119798774,0.3796849,,7.51,7.15,4.2,0.38
7.441032942,7.019111732,4.118030879,0.382543633,,7.63,6.64,4.1,0.37
7.544840865,7.015995908,4.165181492,0.388182396,,8.26,7.34,4.1,0.36
7.727028363,6.965116164,4.126867998,0.375253345,,8.4,6.71,4.1,0.3
7.960891884,7.125008224,4.040099869,0.357909465,,8,7.13,4,0.36
8.052679371,6.962380206,4.039212625,0.365074275,,7.68,6.49,4.1,0.56
8.036657345,7.294946741,4.002906262,0.356291344,,8.18,6.59,3.8,0.33
7.760263024,7.898385419,3.896510685,0.373030948,,7.62,7.86,3.1,0.33
7.987264886,6.959707303,3.868989168,0.362062191,,7.87,6.7,3.9,0.38
8.020741324,6.760360698,3.899182072,0.357367917,,8,6.63,4.7,0.38
8.134435989,6.612632808,3.800836444,0.335585715,,7.57,6.96,5.2,0.5
7.697584848,6.891495979,4.429195916,0.407064969,,7.56,6.93,4.6,0.42
7.888072656,6.799606085,4.63397503,0.416872919,,8.32,6.87,4.7,0.44
7.776379046,6.927244138,4.643810535,0.419090724,,7.52,7.58,4.4,0.43
7.77814877,7.078218575,4.323981683,0.399297469,,7.48,7.29,3.9,0.44
7.580788336,7.240339849,4.254464892,0.423097322,,7.31,7.16,4,0.42
7.4136803,7.300052632,4.145884406,0.429040827,,7.2,7.47,4.2,0.44
7.419796263,7.49297458,4.449837054,0.446775186,,7.11,7.06,4.3,0.42
7.265029293,7.289134945,4.410030692,0.447899421,,6.98,6.81,4.5,0.45
7.186974524,7.282369639,4.282819495,0.432119316,,7.2,8.47,4.6,0.4
7.045826433,7.648524325,4.675246945,0.435189319,,7.26,8.7,4.9,0.37
7.108128628,7.759060719,4.378823627,0.40942364,,6.86,8.41,4.4,0.42
7.249854791,8.091062837,4.400959046,0.39378201,,7.14,9.44,4,0.36
7.16890601,8.575440437,4.389077323,0.382760006,,6.9,9.68,3.9,0.34
7.328151858,8.573911745,3.778522541,0.356010231,,7.39,8.27,3.7,0.42
7.150148719,8.911793328,4.063819047,0.388478304,,7.49,8.95,4.4,0.41
7.147397789,9.414197646,3.993481414,0.360251971,,7.6,9.29,3.9,0.3
7.230851023,9.435079511,3.939056248,0.351592262,,6.77,11.1,3.9,0.32
7.423072001,9.552804138,3.881823124,0.353462953,,7.16,10.6,3.5,0.33
7.216321433,10.02598492,3.743516668,0.329369878,,7.17,9.47,3.4,0.3
6.602864028,11.03381095,3.723555091,0.293912598,,7.39,10.1,4.8,0.3
6.621414529,11.11185265,4.15084572,0.317280861,,6.7,10.6,4.9,0.32
6.32098508,11.47660322,6.144291757,0.317220739,,7.56627451,8.182941176,4.296078431,0.267254902
7.266376037,9.520094138,3.949302174,0.299100652,,7.8,10.1,5,0.33
7.594086587,9.812621719,4.728115667,0.311291277,,8.21,9.08,5,0.31
7.737179859,9.703787802,4.807410037,0.311321539,,7.98,9.04,3.7,0.28
7.942609792,9.150590632,4.595898418,0.301479274,,8.12,8.65,4.5,0.29
8.018529822,8.928676604,4.347106068,0.292337037,,8.25,9.72,4.4,0.32
8.112550221,9.415843219,4.407810228,0.306849061,,7.25,9.85,4.3,0.28
8.02584997,9.447933438,4.399726135,0.29873987,,7.98,9.58,4.6,0.29
7.940912654,9.521817376,4.551548934,0.290531891,,7.64,9.94,4.8,0.32
7.609973887,9.329979661,4.475960832,0.287625818,,7.74,10.1,4.6,0.37
7.874214088,10.39749387,4.870653486,0.355970168,,8.43,8.69,4.8,0.25
8.03221972,9.960825595,4.803217291,0.330965176,,7.93,8.77,4.9,0.29
7.859980584,9.170314444,4.798403852,0.297263231,,7.13,8.77,4.6,0.24
7.885152012,8.957311887,4.912295086,0.284162434,,7.65,8.49,5,0.22
7.674551814,8.395608487,4.689902012,0.235984823,,7.54,8.45,4.5,0.25
7.541237189,8.386312536,4.609880516,0.232213877,,7.55,8.37,4.6,0.23
7.489466648,8.451589509,4.626423096,0.236517323,,7.43,7.44,5.1,0.24
7.688900201,7.78113524,4.741185091,0.225384045,,7.42,6.55,4.6,0.26
7.602913793,6.300819722,4.654213518,0.246917651,,7.27,6.49,4.5,0.24
7.364939543,7.046076836,4.935684137,0.227336687,,7.36,6.69,5,0.24
7.302918289,6.30669265,4.568349586,0.252839595,,7.37,5.89,4.4,0.25
7.39056267,6.463819148,4.587430041,0.252998423,,7.5,7.41,4.6,0.25
7.332626558,6.210310495,4.448587189,0.252062366,,7.87,8.37,4.1,0.2
7.484356435,7.30175357,4.591143845,0.23971635,,7.58,7.23,4,0.2
7.465671208,7.350530211,4.846951733,0.256049497,,7.64,6.4,3.8,0.1
7.608045416,7.203006095,4.027577202,0.191892941,,7.85,7.24,4.2,0.29
7.894971913,7.484725951,4.248516025,0.327100893,,7.31,6.21,3.7,0.35
7.560631559,7.038207304,3.958831334,0.18712904,,7.45,7.68,4.3,0.26
7.595447953,7.879535145,4.51551383,0.319878056,,7.55,7.78,4.6,0.27
7.57711834,7.388864381,4.430740587,0.263755829,,7.68,7.42,4.5,0.25
7.305119869,6.774807141,4.07404637,0.229146693,,7.19,6.43,4.1,0.28
7.273899319,7.006526172,4.088916655,0.246606089,,7,6.65,3.8,0.32
7.668591465,7.345503522,4.440171086,0.254837295,,7.13,8.08,4.1,0.34
7.611801574,7.323199851,4.419675468,0.254432637,,7.5,8.48,4,0.27
7.440506568,7.2815184,3.908828495,0.267729962,,7.73,8,4.1,0.25
7.427652707,8.011036451,3.943704154,0.276243516,,7.41,8.07,4,0.29
7.242672503,7.304737902,3.892788405,0.297343679,,7.1,7.43,4,0.3
7.304237357,7.813236224,3.883153755,0.290816683,,7.2,8.5,3.5,0.27
7.174702389,8.218970795,3.724156006,0.303545473,,7.18,8.26,3.3,0.28
7.293931291,8.642727471,3.341308578,0.295903237,,7.69,8.53,3.2,0.29
7.765903789,9.021087083,3.3332923,0.305700472,,7.42,8.17,3.2,0.31
7.270599038,8.443275519,3.560662464,0.282684506,,7.55,7.31,3.8,0.4
7.127412293,8.598395417,4.136141205,0.258936719,,7.73,7.83,4.2,0.29
7.621745236,7.732704631,4.023491359,0.259693325,,7.66,7.66,4.3,0.26
7.614186967,7.741630713,4.108326765,0.260801369,,7.41,7.17,4.3,0.31
7.647130242,7.759069177,4.332853181,0.267671103,,7.23,8.67,4,0.28
7.671298531,7.929426008,4.297964336,0.270100018,,7.84,8.84,3.9,0.27
7.625193298,8.493479348,4.258806454,0.266353696,,7.73,9.48,4,0.23
7.956257915,9.49463235,5.41998655,0.234819746,,7.57,9.87,5,0.26
7.62139432,9.46184853,4.533811589,0.223386559,,7.46,9.56,4.7,0.19
7.529588034,9.280300262,4.22961688,0.229569395,,7.43,9.33,4.3,0.15
7.507625502,9.329242229,4.286502217,0.216149706,,7.24,8.61,4.6,0.12
7.497693329,9.122687398,4.217734686,0.229813479,,7.666923077,8.114038462,4.165384615,0.2775
7.460520786,9.496387885,4.681524997,0.18112544,,7.65,9.94,4.5,0.23
7.458630957,9.735273619,4.688490145,0.170886921,,7.52,9.9,4.3,0.28
7.527687762,9.930918452,4.349071285,0.247251018,,7.56,9.74,3.9,0.29
7.487566376,10.21252681,4.183290405,0.294208775,,7.44,9.81,4.2,0.34
7.548729661,9.813103088,4.248998263,0.279201252,,7.8,9.51,4.2,0.23
7.576153322,9.672740292,4.134603127,0.276184334,,7.62,9.64,4,0.23
7.591567512,9.51379559,4.03681085,0.247403885,,7.37,9.58,3.9,0.23
7.613494534,9.556052992,4.084010441,0.235027204,,7.76,9.88,5.1,0.2
7.676037984,9.474850097,4.211971839,0.227330592,,7.64,9.73,5.5,0.21
7.657806023,9.52170357,4.978097602,0.209420997,,7.64,9,5.4,0.21
7.735097863,9.746152089,5.091901713,0.201819656,,7.79,9.49,4.6,0.19
7.735667579,9.759285149,5.080792326,0.201283209,,7.47,9.29,4.2,0.21
7.695333137,9.370132421,4.761033172,0.207549474,,7.74,9.07,4.6,0.22
7.714377114,9.199056613,4.569901792,0.219538952,,7.6,8.96,3.9,0.3
7.604495003,9.194674313,4.268155952,0.222244253,,7.53,9.02,3.7,0.26
7.588170103,8.865645761,4.092337065,0.252217114,,7.66,8.07,4.2,0.275
7.567347003,9.097551649,3.910137698,0.281856904,,7.16,10.7,4,0.3
7.463768847,9.137867428,3.874101182,0.283601794,,6.82,10.1,3.9,0.28
7.539131693,8.780165913,3.898456123,0.25128495,,7.8,9.21,3.3,0.2
7.279436688,9.523622893,3.854356,0.276756924,,7.47,9.46,3.2,0.33
7.253631314,9.768491132,3.643385722,0.301692451,,7.24,9.4,3.1,0.46
7.168332116,9.79481723,3.479723585,0.317777433,,7.17,9.37,3.9,0.38
7.172847548,9.597126196,3.55687284,0.373730762,,7.07,9.31,3.8,0.47
7.234807182,9.329535203,3.514043774,0.385783448,,7.19,9.36,3.5,0.38
7.285335418,9.155608862,3.673193635,0.397593099,,7.49,8.18,4.6,0.3
7.512857909,8.551117478,3.804663508,0.383456893,,7.51,7.32,4.1,0.26
7.783220862,6.340321557,4.387771417,0.262703718,,7.84,6.32,4.7,0.26
7.760711069,6.972468955,4.563333173,0.274921571,,8.44,6.78,5.3,0.26
8.041684528,5.47718564,4.913857653,0.234704444,,8.56,5.26,4.1,0.18
7.655039427,7.567058447,4.336496344,0.280584527,,7.55,7.22,3.7,0.34
7.229837962,8.262409319,4.151804075,0.426029736,,7.44,6.56,3.7,0.43
7.989323906,6.470827445,3.925305614,0.271637879,,7.86,6.37,4.2,0.22
8.011359545,6.387219245,3.920652293,0.268755544,,7.9,5.25,4.6,0.26
8.192265574,4.311829791,5.016558028,0.220199374,,7.8,5.56,4.9,0.28
7.815200163,5.603033555,4.562853288,0.277439446,,7.72,5.37,4.5,0.29
7.889687287,5.027582697,5.013585478,0.275135177,,7.6,6.19,5.3,0.32
7.7119677,5.781688228,4.506510941,0.279690171,,7.63,5.43,4.2,0.27
7.694207804,5.576687464,4.678210077,0.282783993,,7.65,6.02,4.6,0.28
7.683481892,5.700015115,4.556243227,0.283227532,,7.88,6.52,4.3,0.26
7.742496862,5.962589031,4.488401085,0.275582691,,7.82,7.05,4.6,0.27
7.860240638,6.48794756,4.333817187,0.262654176,,8.13,7.86,4.4,0.26
7.774809324,6.914039565,4.454478602,0.27025302,,7.63,7.02,4,0.28
7.728147952,7.252949247,4.378646084,0.275246237,,7.92,7.5,3.5,0.28
7.842851501,7.449284606,4.069291798,0.270677387,,8.01,7.8,3.7,0.25
7.887843934,7.655812524,3.688599138,0.266778385,,7.86,7.6,3.4,0.27
7.914436258,7.572311978,3.61084991,0.268751006,,7.89,8.06,3.8,0.26
7.919927674,7.671444702,3.609714247,0.269335947,,7.9,7.48,3.7,0.28
7.880115429,7.587648107,3.649582301,0.271649211,,6.94,7.6,3.8,0.29
7.848094352,7.407070266,3.68464398,0.282691461,,7.9,7.49,4,0.27
7.894312901,7.656885991,3.749165785,0.27257501,,8.39,8.03,3.6,0.25
7.93859097,7.322886885,3.76408693,0.282833615,,8.05,8.48,4.2,0.28
7.929614415,7.674465944,4.013480195,0.289889675,,7.900555556,7.666666667,4.144444444,0.305740741
8.124852121,7.927057613,4.110555236,0.296086769,,8.32,8.58,4.3,0.29
8.125341419,8.442834136,4.135587384,0.278523134,,8.59,8.64,3.6,0.27
8.162771927,8.409331339,4.108363028,0.286766021,,8.29,8.74,3.8,0.3
8.424146315,8.589566223,3.907849183,0.290132281,,8.76,9.3,4,0.28
8.555398787,8.916128722,3.908324358,0.281977845,,8.76,9.3,4,0.28
8.440613775,8.92978083,3.825232828,0.29009195,,7.84,8.22,3.7,0.3
8.171951616,8.874431892,3.856019818,0.308934406,,7.7,7.74,3.4,0.27
7.475928187,8.295105478,3.593556187,0.314093783,,7.18,8.36,3.4,0.33
7.765467233,8.340112678,3.626541272,0.3024109,,7.21,8.94,3.7,0.3
7.66199717,8.318012782,3.619501481,0.304464694,,7.46,8.8,3.7,0.3
7.736258183,8.167515869,3.655905799,0.289486386,,8.08,7.7,3.8,0.29
7.593701728,8.069292824,3.627803852,0.305670344,,7.52,6.71,3.8,0.29
7.74819089,7.885075498,3.751015152,0.288801206,,8.09,6.92,3.7,0.25
8.239734261,6.833298047,3.829226368,0.263313793,,8.52,7.3,3.9,0.27
8.13164955,7.386542892,3.779156656,0.281592708,,8.21,7.05,3.7,0.29
7.971343121,7.132262588,3.741553806,0.276217067,,7.7,6.27,3.5,0.27
7.717132222,7.300603207,3.685354623,0.285790357,,7.13,7.1,3.4,0.27
7.703073131,6.943742934,3.567023872,0.274951054,,7.43,6.96,3.5,0.27
7.745326122,6.992817162,3.561350973,0.270863149,,7.4,7.11,3.6,0.24
7.441648612,6.877613953,3.475966455,0.262706752,,7.62,6.68,3.5,0.27
7.958048526,6.122055473,3.556365171,0.292769406,,7.72,7.28,4,0.25
7.679571164,6.591451049,3.985949259,0.217140728,,7.61,6.6,4,0.21
7.761494885,6.19917673,4.498333603,0.201092104,,7.72,7.47,5.2,0.29
7.657764769,7.220737533,4.518556549,0.280254625,,7.65,7.25,4.6,0.29
7.653384065,7.228990776,4.624351918,0.289755012,,7.61,7.24,5,0.36
7.582904275,7.074123866,5.249557058,0.320813791,,7.46,6.43,5.4,0.28
7.612383301,7.243161931,4.944128025,0.293048612,,7.47,7.49,4.4,0.2
7.611427681,6.987517493,4.737395938,0.29228967,,7.67,6.56,4.7,0.3
7.627100881,6.79970605,4.803501737,0.30968011,,7.67,6.96,4.7,0.35
7.680887099,6.718563903,4.691957649,0.307612488,,7.87,7.19,4.3,0.34
7.838751216,7.010128747,4.530981262,0.322051771,,8.08,7.15,4.5,0.32
7.992534891,7.062726348,4.484889313,0.326535929,,8.24,7.02,4.4,0.32
8.05918437,7.127424295,4.483820288,0.321402277,,8.13,7.27,4.4,0.3
8.053155614,7.120900442,4.494902832,0.320588101,,8.1,7.37,5.2,0.33
8.167616864,7.192428288,4.481209888,0.317674482,,8.23,7.38,4.3,0.38
8.167864385,7.161822161,4.400635513,0.319437792,,7.78,7.21,3.8,0.31
8.156667452,7.398176481,4.167133994,0.322199939,,8.28,7.51,3.9,0.33
8.303137246,7.482594395,3.941583292,0.331881684,,8.59,7.4,4.1,0.32
8.323390629,7.442871484,4.047204885,0.338972222,,8.76,7.78,5,0.47
8.34743098,7.50351317,3.945303218,0.330463153,,8.36,7.64,4,0.36
8.244438205,7.953531351,4.09690138,0.436424372,,7.6,7.07,5.5,0.35
7.96850864,7.640518688,4.414368486,0.358539089,,7.43,7.97,4.5,0.38
8.238565586,7.202068734,4.485453495,0.374837758,,7.26,6.37,3.8,0.35
7.759755972,7.687127631,4.49843297,0.373718678,,7.28,8.04,4.7,0.4
7.517595274,7.620994806,4.513218486,0.377372039,,6.8,7.43,3.8,0.38
7.704243895,6.86804579,4.054867961,0.359092909,,8.14,7.84,3,0.36
7.542396465,7.265371019,3.715520918,0.345291761,,8.17,8.03,3.1,0.28
7.192300404,8.009844564,4.830860781,0.413071926,,8.04,8.06,5.8,0.3
7.932042628,8.043175114,5.139517141,0.295747388,,8.19,8.19,5,0.27
8.055446489,8.280985074,4.739638536,0.278324806,,7.8,8.63,4.1,0.27
8.166254454,8.050720145,3.01669101,0.281257194,,7.67,8.54,4.8,0.35
8.007000773,8.433918051,4.469766607,0.309271075,,7.92,8.61,3.8,0.32
7.893220467,8.567896175,3.98229338,0.320274363,,7.414821429,7.452321429,4.360714286,0.385357143
7.712524884,8.470441321,4.429178491,0.336262705,,6.97,8.36,4.9,0.28
7.772574324,8.544047664,4.198120189,0.325448266,,7.89,8.83,6.8,0.29
7.890099822,8.763307245,3.448635667,0.309051427,,7.63,8.98,3.9,0.39
7.812533829,9.61828181,2.82930946,0.411532587,,7.25,8.75,5.5,0.44
7.320608211,8.531453645,5.660405181,0.340601434,,7.6,8.77,5.9,0.16
7.77725007,9.083954138,3.50750812,0.25689952,,7.43,8.6,5.2,0.56
7.536389641,8.816634588,5.102775632,0.396650946,,7.66,8.83,5.2,0.43
6.91598128,8.67848332,5.636091211,0.679431394,,7.84,8.26,4,0.17
7.663360103,8.013881601,4.450107371,0.555026899,,8.19,7.73,3.3,0.17
7.401449419,8.155546245,4.219740875,0.265010725,,7.22,8.04,4.1,0.23
7.368712933,8.220595607,4.390366747,0.274266626,,7.25,8.02,4.4,0.26
7.368048699,7.952367146,4.040257633,0.204411428,,7.37,7.79,4.2,0.18
7.400336096,7.863263962,4.174511682,0.201383018,,7.89,7.67,4.8,0.17
7.399020684,7.823182715,4.355735975,0.222241595,,7.58,7.4,4.5,0.24
7.545974554,7.714444149,4.522491693,0.235730992,,7.57,6.57,4.3,0.28
7.566211227,7.374190326,4.499250987,0.236037882,,7.45,7.21,4.5,0.26
7.509814549,7.095041872,4.542439613,0.24923932,,6.95,6.01,5.2,0.22
7.463732815,6.936770778,4.605936896,0.252501046,,7.33,6.29,5.7,0.22
7.157782185,6.07567837,5.303940311,0.239425007,,7.03,5.58,5.6,0.26
7.085377058,5.708788558,5.553944851,0.252820073,,7.18,5.49,5.6,0.27
7.093767185,5.871146672,5.425604349,0.247872075,,7.29,6.26,4.6,0.2
7.972637646,6.496795977,4.636380573,0.425251031,,7.56,5.04,3,0.18
7.627818379,5.986651697,4.880453199,0.276404359,,7.4,6.18,4.4,0.14
7.24366572,6.942767124,3.786396596,0.175275862,,7.12,8.63,4.1,0.11
7.262915442,6.955063556,4.239434489,0.176840146,,7.34,8.57,4.8,0.16
7.196652388,7.085565983,4.195508377,0.139238313,,7.18,5.68,4.6,0.16
7.327176396,7.493189119,4.213540999,0.132977822,,7.56,6.35,3.9,0.15
7.414851064,5.190241474,4.329697437,0.208924801,,7.45,5.04,4,0.3
7.471476986,6.391437373,4.031232139,0.29067528,,7.42,6.31,4,0.43
7.300287464,6.092645462,4.414565338,0.157147049,,7.68,6.23,5,0.37
7.678995704,7.572045918,4.266633886,0.250303406,,7.47,7.9,4.9,0.9
7.644801246,8.671556532,5.080782907,0.494495268,,6.71,9.04,4.7,0.9
7.240530454,9.130651512,4.157803804,0.797036722,,7.35,8.96,3.8,0.81
7.425747212,5.339511512,4.060999551,0.380073796,,7.56,5.83,3.6,0.32
7.335294459,8.043465012,3.715626408,0.741940882,,7.59,6.44,3.3,0.52
7.271655441,8.225967558,3.89988565,0.767387883,,7.43,6.63,3.6,0.67
7.34064436,8.064173861,3.724127514,0.786824948,,7.4,6.81,2.9,0.9
7.463135945,7.262986476,3.099597697,0.802423158,,7.66,7.25,2.5,0.85
7.586083406,7.193788578,2.538090459,0.832584278,,7.6,7.04,2.4,0.8
7.456986561,6.26754915,3.807363857,0.456054958,,7.55,7.36,2.9,0.31
7.544174543,7.041934451,2.90013875,0.689179706,,7.58,7.52,2.9,0.52
7.578063516,7.370942241,2.779102941,0.62389341,,7.47,7.25,3.1,0.54
7.496286532,7.235943708,2.9938911,0.581035427,,7.35,7.01,3.5,0.59
7.477882768,7.198806807,3.067730144,0.614891582,,7.26,7.83,4.2,0.64
7.534146808,6.459532199,4.401183212,0.743190784,,7.2,7.8,4.8,0.47
7.309631122,7.608397711,4.106316338,0.580902671,,7.28,8.22,4.9,0.53
7.238583184,8.099063861,4.373102222,0.552631656,,7.23,8.28,4.3,0.54
7.232104294,8.189155928,4.40528648,0.557418328,,7.24,8.15,4.4,0.56
7.272118107,8.099340687,4.626357635,0.522145468,,7.25,8.8,4.5,0.39
7.304243623,8.272551126,4.679495733,0.500013816,,7.36,9.66,4.8,0.34
7.260030308,8.861902466,4.527712493,0.394141154,,7.2,9.6,4.9,0.34
7.396778373,8.004200401,5.118453573,0.547992079,,7.09,10,5.7,0.33
7.242152395,9.543745795,4.885464903,0.343989015,,7.224423077,7.500576923,4.315384615,0.291730769
7.23478525,9.610294628,4.922520997,0.345392697,,6.99,10.2,4.6,0.65
7.231949724,9.26240196,4.978731482,0.352175298,,7.14,11.3,5.9,0.36
7.023192356,10.33877612,5.505720503,0.384985007,,6.76,9.72,4.2,0.3
7.09372071,9.552470409,4.764182324,0.316829695,,7.59,9.17,5.3,0.33
6.836355745,8.466888728,4.194275936,0.346627992,,6.83,6.23,5.4,0.33
6.999933734,9.750780456,4.877344078,0.304087586,,7.07,10.9,5.3,0.29
7.211551692,9.88861722,5.017136808,0.329707728,,7.06,11.4,4.8,0.32
6.733705531,10.33408854,4.772103943,0.274811451,,7.03,10.4,5.6,0.28
7.055699076,10.36057997,5.401368083,0.287985634,,6.98,9.64,5,0.27
7.107383976,10.46405039,5.591839211,0.285073492,,6.89,8.26,4.6,0.1
6.953331892,9.770827231,4.977259806,0.258942358,,6.9,7.97,5.2,0.13
6.992214628,8.746353994,5.116825075,0.183819007,,7.04,7.93,4.7,0.13
6.995206291,8.089834809,5.02202136,0.141315737,,7.06,7.89,5.1,0.27
6.967136673,7.968130048,5.132092359,0.137386795,,6.87,6.13,4.9,0.2
6.941645661,7.375624436,5.134257724,0.177588025,,6.88,5.58,5.1,0.24
6.778023286,6.05855864,5.738961594,0.225270891,,7,5.31,3.8,0.2
6.882879257,6.098369981,5.13671554,0.23964922,,7.01,6.59,3.6,0.28
6.984202048,5.736285013,4.091513398,0.223971743,,7.05,5.64,3.7,0.22
7.029480644,5.591402274,3.765949954,0.2222656,,6.95,5.01,3.4,0.21
7.043459839,5.656174426,3.713098186,0.221415201,,6.93,7.32,2.9,0.22
6.968658875,6.380602733,3.340997995,0.230391386,,6.85,7.38,2.9,0.2
6.907583319,7.045883058,3.083267745,0.209638202,,6.87,7.64,3.5,0.21
6.889533082,7.367006706,2.997895707,0.209601845,,6.94,8.81,3.4,0.23
6.861090094,7.794743517,3.267163425,0.217515286,,6.68,8.41,3.6,0.25
6.844102005,7.755192852,3.428904142,0.218670749,,6.68,6.42,3.5,0.25
6.777114664,7.940012274,3.589484943,0.246724935,,6.42,6.63,4.4,0.44
6.674725548,7.12136797,3.553611606,0.281384365,,6.62,6.46,3.4,0.31
6.627291326,6.440513138,3.427082561,0.30598145,,6.63,5.07,3.1,0.3
6.698916814,6.308819208,3.482411453,0.295310937,,7.08,6.32,3.6,0.28
6.7267269,6.133777876,3.590592821,0.308127668,,6.83,5.3,4.4,0.32
6.918976598,5.836626541,3.543471877,0.295659045,,7.2,5.44,3.5,0.29
6.999161927,5.636172635,3.682455068,0.28943424,,7.43,5.2,5.5,0.31
6.919466418,5.500582387,4.311710966,0.30888081,,6.97,5.91,5.5,0.34
7.087651222,5.269267444,4.488934185,0.321662123,,7.88,4.54,3.9,0.35
7.637041409,5.331041422,4.18047091,0.328381648,,8.17,6.04,3.7,0.34
7.845836375,5.776217465,4.265099575,0.335889678,,8.07,6.88,3.9,0.33
7.997319253,6.329330819,4.037195605,0.327472845,,8.05,7.8,4.8,0.23
8.062578124,6.688512965,4.000241705,0.323825768,,8.2,8.2,5.2,0.29
7.967218815,7.463610322,4.485806226,0.308304676,,7.62,7.87,4.6,0.35
7.921397657,7.442197875,4.572700566,0.309280635,,7.82,5.32,4.2,0.35
7.937530911,7.290986599,4.640665622,0.308602732,,8.07,6.13,4.2,0.33
7.994964148,7.105798077,4.4130023,0.345541967,,8.02,7.11,4.4,0.35
7.997993931,7.042474261,4.340646705,0.347291502,,8.09,7.47,4,0.34
8.072196458,6.949451689,4.15423552,0.346173873,,8.23,7.37,3.9,0.36
8.15110084,7.397728177,4.062753318,0.344513942,,8.36,7.95,4.3,0.31
8.107012851,7.535194302,4.001056424,0.342297534,,7.46,8.45,3.9,0.3
8.048474647,7.818668154,4.074868625,0.329869968,,7.3,8.9,4.7,0.3
7.541004289,8.227588525,4.160091612,0.309123551,,6.88,8.28,4.3,0.31
7.272858582,8.628900041,4.378188805,0.301597771,,6.94,9.17,4.6,0.29
7.008308718,8.805358565,4.4445037,0.296618705,,6.79,8.96,4.4,0.29
6.960386764,9.015627471,4.476020641,0.295400032,,7.02,9.17,4.4,0.3
6.915261171,8.821059181,4.437158036,0.296987677,,7.47,6.84,3.6,0.39
6.950321953,8.770666187,4.444867263,0.294619823,,7.681153846,6.336538462,3.790384615,0.209038462
7.281406413,6.915311424,4.081216846,0.292606576,,7.6,6.6,1.9,0.31
7.542483149,7.355559975,3.278402555,0.306657258,,7.59,7.27,3.2,0.3
7.579210259,7.394334759,3.180888366,0.317076115,,7.65,7.82,3.1,0.35
7.623780757,7.74715415,3.124442412,0.3268516,,7.84,8.78,3.3,0.3
7.630375052,7.532106161,3.124058835,0.309040579,,7.83,6.84,3.1,0.23
7.661968972,7.580370674,3.162840204,0.294477643,,7.74,7.31,3.1,0.23
7.804172944,8.142163273,3.11831247,0.268930081,,7.88,9.77,3.1,0.23
7.862629164,8.663794655,3.170333977,0.238664695,,7.92,9.25,3.2,0.21
7.850680268,7.817886122,3.056294634,0.24184839,,7.92,7.9,3,0.25
7.886929046,7.923724942,3.08253544,0.249364611,,7.96,7.79,3.2,0.28
7.901999631,7.861165471,3.101670759,0.26115141,,7.96,7.54,3,0.28
7.7647889,6.964120361,3.236520071,0.295597447,,7.84,6.24,3,0.27
7.781981168,5.487987599,2.961634554,0.280503461,,7.87,5.46,2.8,0.23
7.801116529,4.801503215,2.810713598,0.235716599,,7.82,5.33,2.9,0.25
7.831873369,5.300964724,2.907928036,0.241725569,,7.89,5.52,3,0.23
7.821841978,5.893088163,3.024282974,0.261780227,,7.76,5.06,5.7,0.2
7.875092423,5.759949358,2.990635282,0.239438701,,7.84,6.29,3.2,0.16
7.862425507,5.859802212,3.175900915,0.198503206,,7.91,6.17,3.1,0.15
7.864961292,5.685236097,3.231028012,0.147655147,,7.88,5.29,2.9,0.13
7.856445837,5.472521516,3.227403215,0.147808444,,7.85,5.32,3.2,0.15
7.863840659,5.055803511,3.127091429,0.146482417,,7.83,4.52,3.1,0.17
7.83822432,3.950432272,3.059115777,0.15318422,,7.7,3.43,3,0.2
7.660431626,3.544798819,3.088137462,0.18849137,,7.33,3.84,3.1,0.23
7.343184845,3.38306587,3.032859901,0.224318615,,7.21,3.51,2.9,0.23
7.907532823,5.168090057,3.080958509,0.160901158,,7.2,4.83,5.7,0.25
8.012070254,5.791835033,3.3356564,0.149019894,,7.58,5.85,4.3,0.2
7.443302929,4.594270546,3.774935183,0.219414171,,7.31,4.85,4.4,0.27
7.014333819,3.762085249,3.839618284,0.265913002,,7.09,3.71,3.7,0.26
7.17443398,4.408315371,4.090883756,0.237221379,,7.24,4.91,3.6,0.18
7.087983339,3.853056237,3.534529032,0.232242448,,7.38,3.82,3,0.2
7.300364227,4.607374,3.615023348,0.201315834,,7.67,5.4,3.5,0.14
7.349402114,5.033286839,3.758354458,0.183778917,,7.31,4.38,4.9,0.15
7.358161957,5.110859475,3.883137743,0.173839528,,6.89,4.83,4.6,0.16
7.426971763,5.280203586,4.25142076,0.166552837,,7.46,5.45,4.3,0.17
7.407551805,5.008772409,4.260186768,0.164028464,,7.46,4.95,4.3,0.17
7.414718427,5.049797553,4.31802528,0.166593357,,7.7,5.64,4.1,0.17
7.491139765,5.06940256,4.096106439,0.167278322,,7.81,4.98,4,0.19
7.622482577,5.341758411,4.113490111,0.174732085,,7.77,6.05,4,0.2
7.697257953,5.675647172,4.189980056,0.178184459,,8.22,6.71,4.1,0.19
7.860027059,6.048594847,4.160691585,0.190824397,,8.16,6.28,4.2,0.19
7.975203718,6.159473428,4.112442749,0.199519443,,7.81,6.25,4.1,0.29
7.974975518,6.490402848,4.309190044,0.195562494,,7.69,6.88,4.3,0.15
8.039123155,6.706751147,4.382606659,0.184767604,,7.87,6.97,4.4,0.07
7.722048177,6.793422882,4.531890169,0.152319669,,7.58,6.64,4.6,0.13
7.60619423,6.95517121,4.827186536,0.151186654,,7.65,7.21,5,0.31
7.611213581,7.100196976,4.82063958,0.143000076,,7.65,7.5,4.8,0.13
7.637437756,7.477494655,4.996940234,0.121854157,,7.78,7.77,4.9,0.08
7.669195124,7.137315421,4.657812884,0.140469365,,7.76,7.09,4.6,0.19
7.709096143,7.491388985,4.804683787,0.188107442,,7.73,8.43,4.7,0.32
7.720482111,7.749634044,4.779366252,0.163642763,,7.85,10.1,4.4,0.24
7.709189094,8.949965248,4.801675917,0.194201425,,7.59,9.92,4.7,0.17
7.642032039,9.485376384,4.768104281,0.178811021,,7.59,9.25,4.8,0.13
7.757683375,8.383366652,4.697709194,0.338703676,,7.830961538,7.287692308,4.194230769,0.255576923
7.629783925,9.184678608,4.703853029,0.168751148,,7.58,8.62,4.8,0.16
7.59146255,8.86894229,4.750815739,0.156865265,,7.51,8.65,4.4,0.16
7.579120963,9.063885832,4.692447423,0.149918063,,7.23,9.01,5.3,0.24
7.521473104,8.620986678,4.790492122,0.174307932,,7.34,7.73,5.8,0.18
7.383670724,8.696592317,5.175324782,0.206728182,,7.36,8.74,5.6,0.29
7.310519901,8.949821453,5.346984359,0.234736371,,7.73,9.72,5.6,0.25
7.422413511,8.980042331,5.464390662,0.233672418,,7.8,9.1,5.4,0.17
7.425355565,8.294332673,5.50650885,0.245148837,,7.36,3.66,5,0.25
7.005457526,5.356553577,4.944197253,0.347353879,,7.35,2.74,4.3,0.22
7.408750767,3.809357036,4.456307718,0.214430057,,7.62,7.99,4.5,0.16
7.569566338,6.555367624,4.688215589,0.188017193,,7.67,10.3,4.1,0.14
7.809805875,9.393038956,5.927053081,0.203679203,,7.45,7.9,6.4,0.42
7.582942396,8.32924036,5.510374295,0.200499107,,7.55,8.67,6.2,0.23
7.625011051,8.21190944,5.026894608,0.176899677,,7.78,7.59,5.1,0.17
7.62956617,8.526083232,5.367916536,0.237424111,,7.63,8.33,4,0.33
7.590210846,8.418638056,4.769001886,0.290202204,,7.84,9.05,3.8,0.26
7.887148368,8.781650774,4.11137184,0.263460404,,8.02,8.82,4,0.26
7.979871631,8.892780035,3.323855443,0.29776222,,7.95,7.09,3.8,0.16
7.905127587,8.504628492,3.423575733,0.281148712,,7.82,6.96,3.3,0.21
7.805976088,8.745729599,5.846157998,0.139328697,,7.88,7.36,4.4,0.86
7.875122188,7.021901518,3.329957836,0.223223192,,7.98,7.34,3.1,0.21
7.83588227,6.846740997,3.174723339,0.221080196,,7.81,6.52,2.9,0.19
7.867102297,6.827040254,3.152686346,0.235536638,,7.92,6.61,3.3,0.26
7.934208698,6.857553337,3.395501572,0.233412492,,8.1,6.67,4.2,0.18
7.899314498,6.513974533,3.254258358,0.257282965,,7.45,4.1,4,0.48
7.831180414,6.129963837,3.470914957,0.254314811,,7.49,4.82,3.8,0.28
7.746176257,5.476774631,3.670812816,0.309142025,,7.85,5.47,3.4,0.37
7.635575082,4.836002584,3.691673646,0.305654233,,7.71,3.6,3.1,0.27
7.631676365,4.89456308,3.657876902,0.303274779,,7.85,6.04,3.9,0.24
7.718246066,5.285434818,3.606367774,0.273335778,,7.87,6.18,3.4,0.23
7.916798674,6.549682706,3.715540227,0.2114586,,8.66,7.63,5.9,0.2
7.904706174,6.091465109,3.868716261,0.23600182,,8.51,6.01,4.7,0.28
8.403154546,6.028125145,4.557264216,0.27328723,,8.48,5.98,4.6,0.28
8.452280163,5.992663423,4.598911468,0.275571682,,7.94,5.33,4.1,0.27
8.448423743,6.018668096,4.657550572,0.277937011,,8.13,7.01,5,0.25
8.429937994,5.966820616,4.607017695,0.280171035,,8.06,5.56,4,0.29
8.062519638,5.556191617,4.118652044,0.281059215,,7.61,5.2,3.4,0.3
7.983967739,5.577158067,4.069290385,0.275153141,,8.26,6.81,4.4,0.19
8.110096942,6.386552557,4.102057661,0.251786973,,8.23,7.13,3.7,0.25
8.011419598,6.398642139,3.732375728,0.25599633,,7.78,6.77,3.3,0.25
7.815924972,6.759541756,3.391561484,0.24732623,,7.61,6.91,3.2,0.24
8.13382502,7.151821074,3.689716906,0.241506082,,8.2,7.94,3.9,0.24
7.865931011,6.887692705,3.325417539,0.244091731,,8.04,6.64,3.1,0.23
7.791536316,6.817931929,3.269516694,0.250811444,,7.86,6.72,3.3,0.32
7.901469079,7.074446829,3.435810894,0.254646566,,8,8.03,4.8,0.3
8.046778553,7.608816794,3.855592679,0.244035477,,7.74,7.63,4.1,0.18
7.850926745,6.915309118,3.48409717,0.234111715,,7.67,6.54,3.3,0.18
7.839864538,7.387257255,3.793071176,0.258832856,,7.73,8.21,3.5,0.41
7.904463875,8.054739496,3.897202255,0.21781259,,7.87,9.83,3.3,0.32
8.018696925,9.796394366,4.008500515,0.111101316,,7.95,10.2,4,0.16
8.083181901,10.69243291,3.983994873,0.084832378,,8.17,10.6,3.7,0.03
8.087750074,10.91040064,4.008078085,0.100435932,,8.21,10.9,3.9,0.29
7.84224262,9.737835023,3.184053294,0.370684173,,7.400612245,7.539183673,3.630612245,0.226530612
7.959594227,10.17059083,3.998221859,0.145964471,,8.07,10.7,3.8,0.29
8.032660454,10.39221342,3.640613555,0.251763022,,7.98,10.3,3.1,0.3
7.988107189,10.3985212,3.335398327,0.298876815,,8,11.2,3.3,0.33
7.946650547,10.51745156,3.122558196,0.304554916,,7.96,11.5,3.1,0.32
7.953421344,11.11191109,3.17843055,0.313997331,,7.92,11.2,3.2,0.3
7.941000905,11.32996033,3.142155739,0.320558215,,7.83,11.5,3.1,0.33
8.06604133,10.83002437,3.726454882,0.31065819,,7.77,8.71,2.8,0.26
7.986046602,10.76372776,3.381622373,0.321657263,,7.9,9.27,3.2,0.35
7.914164716,10.52591088,3.147337687,0.321320137,,7.99,10,3,0.34
7.936902709,10.0118376,3.100380864,0.325857811,,8.12,9.68,3.2,0.32
8.066075795,9.537025857,3.172099047,0.3242431,,8.18,9.54,3.3,0.33
8.031327809,9.502698735,3.204488161,0.333093161,,8.16,9.08,3.4,0.26
8.132896033,9.623511504,3.239003789,0.320477363,,8.17,8.8,4.4,0.23
8.245709231,9.449844303,3.412129391,0.278615451,,8.15,9.06,5,0.22
8.168368827,8.869229112,4.376856526,0.233772093,,7.84,8.21,5.4,0.24
7.99629366,8.361953436,4.679277218,0.208251168,,7.5,7.3,4.2,0.19
7.626271111,7.083858893,4.195254542,0.19057795,,7.69,7.24,4.2,0.2
7.756025924,7.635520451,4.444833826,0.204295159,,7.77,7.93,4.5,0.2
7.551469103,6.809418778,3.710561959,0.184096118,,7.25,6.56,4.9,0.18
7.566599218,7.333108664,4.349619455,0.195597106,,7.49,7.28,4.2,0.19
7.574340256,7.374171871,4.419363237,0.195238123,,8,8,5.2,0.18
7.594667269,7.414596842,4.397221696,0.18911812,,7.77,7.42,5.8,0.26
7.410172186,6.955080473,3.945243409,0.187177427,,6.78,4.12,4.7,0.28
7.293538599,5.386011647,4.44969954,0.198187696,,7.21,4.94,4.3,0.18
7.591326779,6.446673657,5.037758638,0.206503405,,7.91,6.55,4.4,0.13
7.372077444,5.518183486,4.626231425,0.198076878,,6.9,4.86,3.4,0.2
7.04154599,4.929293906,4.030959467,0.200941062,,6.5,4.68,3.6,0.23
6.855525571,5.044795856,3.77465427,0.211658243,,6.72,5.12,3.8,0.23
6.843350042,5.138267499,3.729441795,0.207138721,,7.38,6.02,4.1,0.13
6.793042173,4.813667385,3.543754203,0.203646766,,7.25,3.59,3.3,0.16
6.883521036,5.161832648,3.827738209,0.208210433,,7.53,6.74,4.2,0.16
7.338693957,5.654754926,3.824621553,0.156191417,,7.54,5.7,3.4,0.13
7.467363646,5.591065469,3.714529126,0.124948327,,7.52,5.37,3.7,0.1
7.508696005,5.384380684,3.518966471,0.132117729,,7.6,4.13,3.1,0.22
7.534832451,5.624792803,3.414280157,0.131762478,,7.5,5.37,3.1,0.14
7.52062819,5.499165194,3.303600237,0.140166315,,7.37,6.53,2.4,0.1
7.51441301,5.539847767,3.212254137,0.145236919,,7.37,6.35,3.7,0.17
7.420514283,5.792309097,3.23814904,0.149293542,,7.39,6.41,3.8,0.14
7.389536033,6.289338003,3.591190203,0.158991425,,7.35,6.89,3.7,0.14
7.3666889,6.512858003,3.607320949,0.160386569,,7.27,6.5,3,0.2
7.357086755,6.449241598,3.641841521,0.166022297,,7.21,6.38,2.9,0.22
7.281253409,6.71561725,3.487176387,0.218325783,,7.04,7.35,3.4,0.31
7.29735951,7.259975999,4.118599299,0.285870107,,7.26,8.32,3.1,0.29
7.207332869,6.466054513,2.877169539,0.216444674,,0,0,0,0
7.140389915,6.964181878,3.181886516,0.266672374,,7.18,6.88,3.1,0.26
6.85719451,7.589872707,3.73109172,0.319063155,,7.27,8.98,3.2,0.42
6.948441002,8.22513862,3.657486261,0.301729748,,7.37,10.7,3.1,0.14
6.916019922,8.73369692,3.365936662,0.291047448,,7.38,10.7,3,0.31
7.358463264,9.582063817,3.363930238,0.29463282,,7.32,9.76,4.1,0.29
7.520032886,9.648382731,3.224114196,0.301908931,,7.493823529,8.215294118,4.158823529,0.260294118
7.35440371,9.784902266,3.954642356,0.287332488,,7.33,10.1,4.3,0.31
7.356929574,9.74915949,3.908634469,0.292011753,,7.31,9.75,3.7,0.27
7.35158385,9.678184526,3.927294849,0.279499039,,7.3,9.99,3.1,0.18
7.29685559,9.7907602,3.854387553,0.269996262,,7.48,11.3,3.8,0.27
7.371966216,10.64890672,3.851134089,0.274388856,,7.45,11.3,3.7,0.3
7.42495974,10.93803012,3.609389537,0.260939307,,7.44,11.1,3.5,0.25
7.414479261,11.04531612,3.619470634,0.258774964,,7.43,11.6,1.9,0.34
7.446801122,11.20707675,3.544351821,0.281757337,,7.42,10.9,2.6,0.35
7.427782211,11.09532771,3.246361462,0.315631053,,7.39,10.8,3.5,0.36
7.413971686,10.82021783,3.078798795,0.337944063,,7.35,9.61,3.6,0.36
7.386115125,10.40825469,3.005399135,0.353879721,,7.17,8.03,3,0.35
7.36623459,9.545690493,3.416594809,0.358666931,,7.49,8.3,3.4,0.35
7.390586691,9.117338516,3.48063155,0.346251958,,7.49,9.03,3.8,0.3
7.429080913,8.477527283,3.411391434,0.335662726,,7.43,7.26,3.6,0.16
7.402509477,8.078124324,3.479404996,0.31558272,,7.32,6.26,4.3,0.28
7.415897546,7.37074385,3.733257086,0.223296444,,7.29,6.47,3.6,0.11
7.378238838,6.960889193,3.677540848,0.211320984,,7.35,6.7,3.5,0.24
7.342945679,6.660291382,3.540165433,0.236452824,,7.32,6.73,3.4,0.28
7.317393048,6.599239071,3.581003851,0.25596733,,7.28,6.48,3.6,0.27
7.32617169,6.668194748,3.513250011,0.261458757,,7.44,6.81,3.6,0.29
7.331332034,6.656260496,3.466200178,0.273405217,,7.43,5.32,0,0.21
7.324972727,6.577932741,3.492090136,0.277183601,,7.24,4.99,3.8,0.26
7.292779326,5.929210037,3.412646244,0.27191193,,7,3.97,2.9,0.29
7.217927709,5.266572241,3.628676968,0.274923531,,7.06,4.26,5.3,0.37
7.166951952,4.705404805,3.708407896,0.273215213,,7.11,1.62,6,0.21
7.25232269,3.035549224,5.188166273,0.433370265,,7.15,2,7.5,0.18
7.139910539,3.807730686,5.211985289,0.287374162,,7.67,7.43,4,0.22
7.28513855,4.314968299,5.791727652,0.255074827,,7.98,8.81,6.4,0.18
7.665101105,6.81987432,6.278253825,0.195524606,,8.09,9.17,7.9,0.19
7.964273105,8.30823623,6.814484029,0.171869458,,8.16,8.84,7.6,0.12
7.95883652,8.858024603,6.383798656,0.183467354,,8.07,9.29,5.1,0.28
8.011459285,9.378362594,6.596351045,0.200589866,,8.24,11.4,6.4,0.26
7.344886161,10.91937286,4.596984397,0.315755807,,8.12,12.3,4.6,0.27
8.122482394,11.25097588,5.206698087,0.212285208,,7.99,11.4,4.4,0.19
8.209951318,10.08024424,6.159970168,0.294983989,,7.5144,7.3252,3.268,0.2276
7.982188094,11.48148227,4.301278786,0.19054307,,7.96,12.7,4.9,0.28
7.988358365,11.86077078,4.312928808,0.248177864,,7.96,12.9,4.5,0.35
7.930553324,11.8577457,4.78509425,0.292499034,,7.77,10.8,5.5,0.39
7.868943561,11.55096084,5.15119118,0.356093472,,7.57,8.67,5.5,0.46
7.80718445,11.48414594,4.375892049,0.286028695,,7.5,8.31,2.3,0.23
7.422671998,9.747535447,1.903248078,0.240591292,,7.44,7.72,2,0.25
7.328650034,6.564946553,1.895278188,0.212679877,,7.21,5.54,2.3,0.19
7.221789873,5.953557602,2.215725615,0.18915813,,7.16,5.87,2.5,0.18
7.257681469,5.937763558,2.378557491,0.192130258,,7.2,5.8,2.6,0.21
7.294447221,5.826210215,2.511150548,0.198196665,,7.4,5.68,3.1,0.23
7.217102639,5.791579354,2.571855179,0.203184538,,7.66,6.61,2.3,0.23
7.209385622,5.859444646,2.610838814,0.208987286,,7.67,4.33,2.5,0.22
7.395811788,5.528383734,2.59691676,0.216507212,,7.33,2.66,1.5,0.17
7.63726752,4.429346414,2.484269975,0.21754885,,7.44,2.25,2.5,0.18
7.674629099,4.273617116,2.500638543,0.220012243,,8.01,4.28,2.7,0.24
7.727380324,4.1390715,2.502195694,0.213450876,,7.88,4.83,2.8,0.18
7.558093685,3.507625393,2.60985597,0.199238599,,7,3.27,3.1,0.21
7.618291429,4.141012738,2.888710068,0.199881943,,7.21,5.59,3.8,0.15
7.713611052,4.72046334,3.059380208,0.186815705,,7.81,5.46,3.7,0.15
7.526663212,5.487700777,3.653779286,0.1614977,,7.06,7.8,4.4,0.17
7.442414151,6.689700239,4.102823404,0.202500808,,7.72,10,4.1,0.2
7.568028992,8.846591713,4.431335379,0.257866618,,7.54,9.92,3.6,0.21
7.494997751,9.613473506,3.870509586,0.229487282,,7.16,9.84,3.3,0.22
7.568486436,10.62748351,3.511103247,0.261659179,,7.57,11.8,3.2,0.18
,,,,,7.63,10.5,3,0.21
,,,,,7.551325137,7.63692623,4.025546448,0.297144809