7.750036479,5.949327872,3.578629495,0.177294117,,7.57,2.72,6.2,0.14
7.669093859,4.755612088,3.791756418,0.276403604,,7.48,1.75,4.2,0.15
7.553609723,3.304266364,3.93789958,0.228380006,,7.52,3.29,3.8,0.19
7.542289129,3.22439469,4.037455821,0.268322155,,7.54,3.27,4,0.28
7.53874101,3.199739969,3.996286989,0.240856544,,7.63,4.51,2.8,0.41
7.57009778,3.420961411,3.906594118,0.251487527,,7.7,4.48,3.1,0.55
7.793625657,5.402085884,3.510045329,0.391747243,,7.71,4.32,3.2,0.74
7.726561734,4.86658739,3.206730999,0.555800249,,7.7,4.39,3.3,0.7
7.686486269,4.330425452,3.1479847,0.55936379,,7.72,4.19,3.5,0.39
7.694123003,4.409999828,3.100061829,0.584153143,,7.83,4.68,3.1,0.19
7.732972554,4.410397715,3.1575084,0.367917059,,7.84,5.1,3,0.19
7.835440159,5.011882503,2.869698772,0.23777578,,7.89,5.74,2.9,0.2
7.832664731,5.025669082,3.106061128,0.216176182,,7.8,5.22,4.5,0.2
7.834350899,4.955023034,3.095927205,0.226368669,,7.81,5.15,3.2,0.38
7.867404626,5.526181192,3.025041303,0.214803798,,7.96,6.82,2.6,0.17
7.842342848,5.661486199,3.090091088,0.264566284,,7.76,5.92,3,0.29
7.81737049,5.839344159,3.054554164,0.301602212,,7.9,6.58,2.7,0.31
7.872895796,6.407486419,2.748184466,0.291388508,,7.9,7.48,2.6,0.29
7.905803422,6.95810151,2.664615637,0.260414088,,8.02,7.92,2.6,0.22
7.907059715,7.286455287,2.642036814,0.278705336,,7.98,7.88,2.7,0.23
7.960722319,7.771586585,2.650935691,0.262189182,,8.08,8.9,2.8,0.32
8.000280259,8.05885065,2.742637753,0.272939025,,8.17,9.65,2.7,0.33
8.102798103,9.811455798,3.244501282,0.590890657,,8.14,10.9,2.8,0.48
8.3523336,12.16915667,4.637648121,0.662084162,,8.11,14.4,2.8,0.57
8.213791283,13.31271851,3.781367835,0.523268505,,8.1,15,2.8,0.66
8.274687314,13.88831692,3.92430834,0.69028505,,8.15,14.4,3,0.93
8.130757202,12.03805944,2.833260928,0.477435801,,7.838823529,8.246078431,3.037254902,0.485294118
7.957775886,8.961646722,3.137512216,0.533331101,,8.18,9.92,2.8,0.93
7.887400331,8.098398882,2.981208888,0.483543703,,8.23,10.6,2.7,1.08
7.982256375,6.872257052,2.763759025,0.512482296,,8.33,12.3,3.3,1.33
8.142474233,9.749138564,2.993452351,0.968807079,,8.33,12.8,3.6,1.72
8.298258136,12.20431205,3.251625114,1.40324667,,8.26,13.5,2.8,1.8
8.284443634,12.71620195,3.094990248,1.443104899,,8.21,13.9,2.6,1.36
8.283914838,13.74773834,2.987223711,1.567463558,,8.29,14.2,2.9,1.58
8.288251481,14.00875524,2.899862699,1.575514817,,8.66,13.9,3.8,1.05
8.276846511,13.92274983,2.899958612,1.447608504,,8.14,13.7,3.8,1.05
8.311632727,13.70032355,2.869138261,1.381674781,,7.81,12.3,2.4,0.93
8.199450453,13.46280974,3.212334262,1.150776701,,7.9,12.9,2.5,0.79
7.929775994,12.6159799,2.663069934,0.918954656,,7.93,12.3,2.5,1.01
7.911306508,12.36563354,2.532031189,0.974356464,,7.93,10.4,2.9,1.62
7.899669989,12.19416189,2.531579528,0.95724775,,7.93,8.14,3.7,1.54
7.895686521,9.46145694,3.163351909,1.380257851,,7.82,6.55,3.6,1.34
8.437849351,11.88090728,2.227028303,0.828286841,,7.67,5.29,3.2,0.46
7.949866971,10.39110729,3.284196115,0.51022416,,7.56,8.69,4.3,0.29
7.57926798,7.674581605,4.322069445,0.374477444,,7.58,3.46,4,0.16
7.629598181,6.015114775,3.709871155,0.229441779,,7.72,6.16,3,0.1
7.673387241,6.927492783,3.563251198,0.308855545,,7.77,8.67,2.8,0.11
7.695810513,6.187217672,3.108916353,0.100538559,,7.83,5.77,2.7,0.09
7.741357128,6.15937091,2.997054555,0.103749372,,7.99,5.68,3.8,0.11
7.835213279,6.287606037,2.955405786,0.101488861,,8.11,6.02,3.2,0.11
8.01428788,6.335299339,3.150557914,0.111399293,,8.23,7.45,2.7,0.16
7.993885433,6.11526396,3.127652912,0.11440627,,7.51,6.51,2.7,0.13
7.969761823,6.202601613,3.177657972,0.120071349,,7.22,6.01,2.4,0.12
7.53847468,6.312399347,2.649273746,0.125980958,,7.41,4.74,2.4,0.11
7.494280381,5.910264705,2.454103693,0.117848893,,7.54,5.78,2.2,0.11
7.445002942,5.295016586,2.373829183,0.100044275,,7.48,4.86,2.3,0.07
7.429379627,4.968730036,2.36453039,0.099103051,,7.47,4.03,3.9,0.1
7.467834244,5.011132776,2.446709861,0.093508169,,7.48,6.29,3.6,0.08
7.466703387,5.766169066,3.162057171,0.088218883,,7.37,7.16,3.3,0.08
7.480254135,5.727543129,3.226959297,0.085220087,,7.56,5.45,2.8,0.09
7.492380161,5.800062378,3.217065989,0.086268771,,7.57,5.02,2.2,0.09
7.512997304,6.155819876,3.017954432,0.087696626,,7.53,6.33,3.1,0.09
7.519299757,6.247904014,2.987103588,0.08989834,,7.48,8.04,2.9,0.1
7.56421479,5.82440013,2.838372612,0.092318404,,7.7,5.57,3.2,0.1
7.611832898,6.214346896,2.985670986,0.0983996,,7.73,6.17,3,0.11
7.669876748,6.443533688,3.074776179,0.100932667,,7.68,6.65,3,0.1
7.668487343,6.659923256,3.061570995,0.106575103,,7.7,7.37,3.2,0.13
7.704172544,6.408343442,3.060729027,0.109686901,,7.72,6.73,4.1,0.13
7.718585458,6.699296238,3.188307129,0.116260323,,7.76,6.59,3.3,0.12
7.719525021,6.830884797,3.218753991,0.11846779,,7.75,6.53,2.9,0.12
7.753594528,6.627680954,3.070262152,0.118604384,,7.76,6.56,3.2,0.11
7.7408286,6.66670612,3.343832431,0.113645448,,7.83,7.28,3,0.09
7.766335443,6.651624842,3.138822108,0.110597724,,7.86,7.34,3.2,0.1
7.803873631,6.982293966,3.073073393,0.103639643,,7.91,7.97,3.2,0.13
7.839445365,7.370070233,3.042875648,0.107740167,,8.03,9.47,2.2,0.29
7.889619911,7.97478551,3.122951123,0.134639555,,8.08,10.2,2.7,0.39
7.973167491,10.23545995,2.624965526,0.291376421,,8.05,10.2,2.7,0.49
8.032975121,10.97501484,2.641564085,0.366592336,,8.19,11.1,2.6,0.45
8.091875984,10.06324081,2.631211538,0.415996076,,7.926470588,8.159,2.878431373,0.38122449
8.022995947,11.31088914,2.688364455,0.432150688,,8.17,11.3,2.9,0.57
8.090485076,11.44475638,2.777881762,0.4924491,,8.14,11.6,3,0.57
8.151566498,11.48144877,2.841131739,0.551573528,,8.16,12.2,2.6,0.57
7.415215868,2.753320893,3.774377431,0.385173768,,8.18,11.3,3.3,0.94
7.58145176,4.32640187,3.74140097,0.513376705,,8.32,11.5,3.7,0.88
8.289783444,12.31423898,3.399768597,0.677323623,,8.34,10.6,2.9,0.78
8.325850321,11.22905574,3.168286551,0.714004765,,8.37,10.9,3.2,0.7
8.362857673,11.21164704,3.265660623,0.750287314,,8.4,11.8,3.4,0.68
8.328038394,11.63221058,3.307739062,0.64995613,,8.3,11.4,3.2,0.68
8.363986759,10.31463241,2.957281734,0.801754221,,8.06,10.3,3.3,1.62
8.289473101,10.68211955,3.187655509,0.668035256,,7.93,10.3,2.8,0.95
8.413931795,7.362949835,4.41622312,1.102731252,,8.12,9.8,2.5,0.57
8.25634305,11.70140099,2.977770421,1.28875775,,8.03,9.38,2.5,0.76
8.036415409,11.28004704,2.645026761,1.349043283,,8.02,9.05,2.7,0.85
8.034597686,9.363112555,2.499886716,0.768635987,,7.99,8.5,2.3,0.57
8.03370176,8.96874879,2.570592988,0.72188317,,8.07,8.32,2.8,0.6
8.039365224,8.567391147,2.598281832,0.620020736,,8.08,7.8,2.7,0.4
8.044798319,8.252728278,2.631292852,0.538758459,,8.01,7.3,2.8,0.35
8.052373865,7.880341317,2.726767507,0.430554676,,8.25,7.15,3.2,0.32
8.077963688,7.660244242,2.759665057,0.3998934,,8.22,7.12,2.6,0.33
8.151141078,7.291297444,2.784866806,0.315361355,,8.18,6.81,2.6,0.11
8.157089229,7.000484132,2.752667631,0.265274009,,7.95,5.62,2.5,0.11
8.141548464,6.678032056,2.656537845,0.171481043,,7.97,6.09,2.6,0.11
8.021551688,6.223965044,2.623768549,0.113230175,,8.02,6.41,2.8,0.09
7.979027724,5.886010108,2.576869678,0.10595552,,7.85,6.05,2.6,0.11
7.956432372,6.091644641,2.629995157,0.106116974,,7.85,7.07,2.7,0.1
7.884651686,6.220868227,2.639530314,0.104830674,,7.64,5.99,2.7,0.1
7.837837937,6.325163937,2.662383756,0.106849717,,7.59,5.8,3,0.14
7.668760597,6.006237412,2.735102361,0.116291252,,7.52,4.95,2.5,0.19
7.61274337,5.850434939,2.858834873,0.134247823,,7.56,5.22,3.3,0.13
7.583013673,5.673925326,2.946070957,0.138605649,,7.42,4.44,4,0.16
7.557077277,5.49008877,3.132795273,0.146967412,,7.55,6.95,3.2,0.16
7.547159077,5.446571498,3.320871248,0.147449293,,7.71,8.14,4.1,0.16
7.575063697,6.050990371,3.57438676,0.136508809,,7.6,6.28,3.6,0.13
7.594388693,6.387410535,3.609932,0.134237795,,7.56,5.42,2.8,0.09
7.600724047,6.301274591,3.560718272,0.129781639,,7.57,5.18,3.7,0.1
7.584576766,5.901639934,3.457241225,0.113821733,,7.5,5.08,2.8,0.1
7.555301205,5.536623728,2.993596868,0.101698451,,7.57,6.26,2.8,0.12
7.552700432,5.43540427,2.846413073,0.097883518,,7.55,6.67,2.3,0.12
7.564975511,6.0364563,2.780163909,0.114356129,,7.61,5.92,2.6,0.11
7.595334106,6.186700865,2.506615991,0.113693055,,7.62,5.6,2.5,0.12
7.610982863,5.679270877,2.685825615,0.118258676,,7.74,6.09,2.4,0.14
7.630896447,5.94723248,2.501759522,0.122069386,,7.82,7.1,2.2,0.14
7.718133845,6.174854994,2.424826642,0.13479837,,7.85,7.22,2.3,0.15
7.835441715,6.755296002,2.196984499,0.140959369,,7.95,8.12,2.1,0.15
7.843368718,7.249905964,2.267563811,0.14717204,,8.1,9.35,2.6,0.17
7.929093422,7.982096805,2.223546407,0.154386104,,8.15,10.2,2.9,0.23
8.081660644,9.222695811,2.580287077,0.184729804,,8.12,10.5,2.9,0.41
8.109175323,9.999998156,2.783327203,0.26213656,,8.03,11.6,3.1,0.42
8.099417822,10.56527384,2.905472061,0.377234825,,8,11.9,3.1,0.59
7.965938732,11.06327076,2.901204562,0.722499851,,7.94,12.1,3.1,0.78
8.06781179,11.71564,3.119821279,0.478775408,,8.015576923,8.125576923,3.113461538,0.417884615
7.977346815,8.431415543,2.944889873,0.648493704,,8,13.1,3,0.83
7.971111724,9.44709633,2.878917915,1.168923808,,8.13,11.3,3,1.02
8.118467363,11.42846713,2.831192415,1.101153977,,8.12,11.2,2.9,1
8.099038025,11.31253076,2.88817679,0.993597593,,8.16,10.9,2.9,0.96
8.138103453,11.18346856,2.925238349,1.012630346,,8.29,11.7,3,1
8.129213538,11.29603407,2.959915009,1.001350223,,8.29,11.4,3.1,1.23
8.252602939,11.46564145,2.971200632,1.002522887,,8.4,11.8,2.9,0.88
8.288434509,11.6308533,2.999663621,1.008925091,,8.38,11.7,2.9,0.92
8.357899485,11.63444412,2.926594996,0.938399304,,8.28,11,2.9,0.88
8.358534985,11.34996795,2.929224206,0.845383575,,8.32,10.8,2.9,0.76
8.337086432,11.28670294,2.901138218,0.883558124,,8.28,10.5,2.9,0.92
8.168239569,8.913361058,2.935945165,0.742915913,,8.34,10.7,2.8,0.69
8.304223033,10.79222441,2.891225135,0.857782896,,8.34,9.25,2.8,0.91
8.290189541,9.694793386,2.841647343,0.810893907,,8.29,8.67,2.6,0.83
8.058827517,7.344195473,2.94797906,0.551533784,,8.22,8.85,2.7,0.69
8.046875932,12.66425573,2.745043719,0.781803889,,8.1,8.655,2.65,0.67
8.149544384,12.34076154,2.888358083,0.522266109,,8.18,8.09,2.7,0.52
8.048614539,12.39726783,2.900768424,0.763694889,,8.16,7.4,2.9,0.38
8.18587158,7.079868506,3.011806365,0.317979081,,8.2,6.63,3,0.37
8.182766003,6.294665634,3.003683481,0.333645795,,8.2,5.95,3,0.31
8.185272578,5.674563734,3.064097823,0.326253915,,8.22,5.2,3.2,0.34
8.209867285,5.095650793,3.067766001,0.308185609,,8.3,5.33,3.2,0.16
8.204902334,6.009593974,3.034955494,0.319082075,,8.37,6.13,3.9,0.12
8.189429306,6.539258721,2.939969461,0.297222007,,8.43,6.71,4.2,0.11
8.334350562,5.197348609,3.48022865,0.154839642,,8.33,5.65,2.6,0.12
8.325694344,5.066107867,3.678309554,0.127194315,,7.96,6.11,2.8,0.17
8.211935129,5.677388735,3.44049279,0.149193511,,8.06,5.35,3.2,0.21
8.029375637,4.989673226,3.248847876,0.172098885,,7.95,5.2,3.2,0.14
7.836272535,5.137004272,3.211104206,0.163473591,,7.58,5.15,3.4,0.16
7.75144687,4.884541506,3.435698969,0.169554154,,7.65,3.76,4.4,0.16
7.464758886,3.110263112,4.585355555,0.177612063,,7.47,2.93,4.4,0.17
7.55922853,3.846972434,4.174114093,0.159467965,,7.52,4.47,4,0.14
7.55205833,4.549914965,3.980642944,0.144019126,,7.57,5.92,3.3,0.13
7.531182962,4.572953547,3.993517144,0.141611096,,7.45,6.26,3.2,0.12
7.530048455,5.872498026,3.346271477,0.122971606,,7.48,7.31,3,0.1
7.528802199,6.284610704,3.170709334,0.146241583,,7.52,6.28,3.2,0.23
7.485255423,6.19360399,3.25368605,0.147185657,,7.48,4.95,3.6,0.13
7.467789104,6.145460494,3.292548895,0.145629442,,7.49,5.41,3.7,0.13
7.515660124,6.204476602,3.294801289,0.14763814,,7.57,7.41,3.3,0.07
7.544766452,6.258586177,3.338586948,0.132544298,,7.61,7.66,3.3,0.07
7.607463353,7.312564309,3.346298088,0.07698737,,7.63,7.33,3.3,0.08
7.624719323,7.378944466,3.258625867,0.085706559,,7.74,6.17,3.2,0.16
7.692349508,7.687086003,3.094685505,0.085741552,,7.8,6.76,3.2,0.12
8.416432359,7.987948881,1.350536166,0.179751444,,7.96,8.2,2.9,0.14
8.305615659,8.046539384,2.017503398,0.362835198,,8.08,8.7,3.3,0.26
8.04226641,8.88901213,3.10563423,0.156017584,,7.95,9.68,3,0.15
7.961863804,9.768339096,2.901391769,0.258707555,,8.03,9.89,2.8,0.23
8.002426521,9.811934157,2.822729861,0.37017055,,8.1,9.66,2.8,0.31
8.08438009,10.15962169,2.774282885,0.230483074,,8.12,10.4,2.6,0.16
8.162382557,10.79719935,2.593276595,0.167645421,,8.29,12,2.6,0.15
8.281232749,11.7496956,2.494633287,0.271249118,,8.32,12.3,2.9,0.55
8.152009523,10.21273297,2.786605999,0.265364263,,8.168148148,8.35,3.081481481,0.362407407
8.195080747,9.448960589,2.975432463,0.394913668,,8.36,11,2.9,0.53
8.363439499,10.49863349,2.879399699,0.607963798,,8.41,10.8,2.8,0.59
8.401292968,10.5390535,2.957904709,0.567015822,,8.42,10.8,3,0.55
8.389580017,10.57448963,3.043494002,0.585158547,,8.41,11.1,3.1,0.57
8.402219166,10.97598229,3.048766282,0.567514961,,8.35,12,3.4,0.59
8.406426777,11.04261727,3.093988054,0.564724118,,8.44,12.2,3.6,0.57
8.406795947,11.86123286,3.369396026,0.580615041,,8.45,12.4,3.4,0.57
8.434464133,12.20718578,3.445491743,0.570304274,,8.54,12.9,3.5,0.38
8.445159211,12.30622401,3.477268826,0.55725518,,8.54,12.2,3.5,0.4
8.493698096,12.16381693,3.472093199,0.463039077,,8.49,11.4,3.4,0.45
8.492653171,11.96339607,3.468098841,0.452235134,,8.4,11.3,3.7,0.57
8.464425702,11.49826197,3.457536542,0.452533393,,8.24,10.6,3.5,0.64
8.389024384,11.17459701,3.592502007,0.553696494,,8.23,10.1,3.2,0.73
8.226108173,10.15638047,3.445879832,0.630959584,,8.19,9.29,3.3,0.67
8.132802074,8.907048506,3.320234043,0.615706505,,8.24,8.78,3,0.48
8.197793001,7.836894681,2.844267866,0.432432902,,8.26,8.75,2.9,0.38
8.23118702,8.056927378,2.403434262,0.177702317,,8.03,8.37,2.8,0.33
8.165252612,8.232109657,3.097239315,0.248535757,,8.16,8.2,3.2,0.26
8.209619526,8.626091628,3.04726253,0.364971359,,8.41,9.19,3.3,0.18
8.174578896,8.312101144,3.206114123,0.228044326,,8.11,6.83,3.1,0.21
8.220128784,8.285023333,3.304634721,0.208975471,,8.23,7.05,3.5,0.18
8.224564402,7.358676791,3.304589259,0.18004147,,8.25,7.43,3.2,0.17
8.196629349,7.238017174,3.226844719,0.181484895,,8.35,8.59,3.6,0.13
8.210096366,7.280031415,3.290933337,0.177443537,,8.3,8.17,3.7,0.19
8.284396723,7.760782821,3.555728558,0.181867285,,8.26,7.12,4.1,0.29
8.268664879,8.019604634,3.575724003,0.215320461,,8.31,8.21,3.5,0.33
8.288647166,7.932311687,3.674064602,0.249027402,,8.16,6.39,3.4,0.43
8.327826919,7.892225189,3.750193953,0.285748816,,8.14,6.03,3.3,0.2
8.275844096,7.159982042,3.579064154,0.282067522,,8.3,6.59,3.1,0.11
8.26310361,6.561968711,3.207130546,0.184615008,,8.3,6.37,2.9,0.09
8.240063409,6.282572536,3.191215208,0.180895396,,8.08,5.35,3.4,0.44
8.352307837,6.559624751,3.080157678,0.115453476,,7.81,4.1,3.4,0.47
7.88080718,3.772888459,3.433003415,0.311832385,,7.79,3.69,3.5,0.36
7.8635109,3.92841867,3.432774997,0.333860609,,7.84,4.06,3.3,0.34
7.793669026,3.797980409,3.429177229,0.404478285,,7.95,4.21,3.2,0.4
7.722707298,3.595714061,3.493153856,0.450359547,,8.02,3.75,3.4,0.47
7.945550348,4.552086805,3.232103137,0.370670957,,7.84,4.85,2.9,0.29
7.9602151,4.70854557,3.161336434,0.351742708,,7.76,5.35,2.7,0.16
7.900247736,6.074686138,2.740899669,0.238736744,,7.82,6.3,2.6,0.16
7.942536715,7.291743167,2.509507068,0.18282656,,7.92,6.8,2.6,0.16
7.895810454,6.681622879,2.58996398,0.170451887,,7.9,6.96,2.6,0.17
7.909032342,6.836577718,2.546064851,0.181236407,,7.89,7.32,2.3,0.22
7.934694785,7.470238642,2.509399512,0.201860316,,7.91,7.63,2.4,0.21
7.98029926,8.331780929,2.381600015,0.246166414,,7.99,8.01,2.4,0.23
7.99056602,8.160876165,2.368120766,0.248904953,,8.03,7.79,2.4,0.22
7.986731872,7.937197209,2.376977507,0.224313894,,7.99,7.79,2.5,0.2
8.029211824,8.067377067,2.414612883,0.21843569,,8.01,7.96,2.4,0.2
7.96335959,7.402549032,2.47217163,0.205610751,,8.05,7.21,2.5,0.2
8.010190731,7.34783905,2.470342068,0.207848725,,8.12,7.11,2.4,0.18
8.074206723,7.653472107,2.506422501,0.228391617,,8.08,9.1,2.6,0.36
8.313856655,9.891075328,2.824399567,0.662920249,,8.14,10.3,2.6,0.53
8.179825635,11.74493525,2.626948844,0.752866932,,8.16,11.1,2.6,0.65
8.089954241,9.141209339,2.610036673,0.389035305,,8.0675,8.388928571,3.157142857,0.36875
8.156883121,10.93123111,2.686077133,0.625232805,,8.12,11.4,2.6,0.57
8.131020956,10.68367712,2.650730927,0.561912638,,8.15,11.8,2.6,0.74
8.128176342,11.21085216,2.645842487,0.602423701,,8.15,11.9,2.5,0.73
8.117143011,11.50653803,2.656436942,0.730320198,,8.12,11.7,2.6,0.82
8.091221054,11.24693564,2.691107134,0.895189603,,8.28,11.5,2.9,1.03
8.278644375,12.09603836,2.736405046,1.071053804,,8.33,11.9,2.8,1.06
8.370830192,11.9820029,2.808532278,1.114189243,,8.46,11.6,2.6,1
8.445420389,11.6516114,2.66813283,1.014545518,,8.47,10.8,2.7,0.9
8.444081652,11.42522234,2.697567704,0.988292684,,8.5,10.6,2.8,0.88
8.476526501,10.88145315,2.719941579,0.911453628,,8.51,10.3,2.9,0.9
8.464228074,10.76815445,2.768424777,0.911008377,,8.46,11.5,2.9,0.92
8.45200844,10.63381779,2.845509196,0.902953106,,8.49,11.6,3.1,0.83
8.477704538,10.99050563,2.908168909,0.874906652,,8.47,11.1,2.9,0.85
8.462312557,11.05514939,2.919576687,0.858593648,,8.42,10.3,2.8,0.74
8.443174347,11.05351849,2.943484067,0.849249967,,8.19,9.34,2.7,0.87
8.181120359,10.16624093,2.937842365,0.788731622,,7.93,7.85,2.7,0.81
7.743716314,10.07447644,2.751211004,0.531818428,,7.92,8.94,2.9,0.6
7.60973709,7.785740651,2.967148985,0.362629251,,7.82,7.39,2.8,0.49
7.655848194,6.676446765,2.80740682,0.233756643,,7.81,6.88,2.7,0.22
7.886893756,7.89025721,2.663785496,0.252669744,,7.88,8.33,2.7,0.21
7.900824355,7.546705919,2.771445771,0.305761533,,8.09,6.84,2.9,0.19
7.921524478,7.252198512,2.771427845,0.243611339,,8.07,6.46,2.6,0.2
8.003848988,6.90443453,2.782480245,0.179375018,,8.06,6.09,2.7,0.17
8.097091699,6.228162087,2.744170704,0.198774855,,8.11,6.46,2.8,0.16
8.014315683,6.763676228,2.754796576,0.175270535,,8.05,5.76,3.3,0.2
8.08661851,6.329640395,2.788656032,0.173340743,,8.07,7.1,3.7,0.23
8.019611803,8.149104059,3.517582384,0.123018791,,7.87,6.01,3,0.19
7.753281394,8.380041557,4.04212915,0.094569309,,7.56,4.71,3.4,0.11
7.774068468,5.944404796,4.287628595,0.099292584,,7.77,5.93,4.5,0.09
7.79981518,5.941526147,4.052476337,0.093334207,,7.77,6.06,3.8,0.09
7.882680134,5.923081601,3.399899438,0.120323901,,7.98,6.73,3.2,0.1
8.012189013,6.706247199,2.998331367,0.117926321,,8.02,6.69,3.1,0.1
7.879833588,6.277414304,3.837067451,0.075777866,,7.75,5.84,3.2,0.07
7.778113769,5.960268438,4.190621543,0.05882633,,7.42,5.6,3,0.06
7.708331097,5.720651627,3.299307555,0.067271011,,7.63,5.61,3.2,0.06
7.727955003,5.769263201,3.188771357,0.068277418,,7.77,6.23,2.9,0.07
7.667092142,5.782361301,3.144503359,0.069078617,,7.68,5.74,3.6,0.07
7.591832415,5.828823387,3.067843989,0.070681807,,7.47,4.99,3.8,0.07
7.606287087,5.726441114,3.33615936,0.072263093,,7.53,5.92,3.7,0.07
7.650507418,5.790607855,3.554431602,0.072371028,,7.64,6.61,3.5,0.07
7.697575529,5.832322115,3.549869526,0.075355151,,7.71,7.22,3.3,0.07
7.954463933,8.948965286,3.046777604,0.102548893,,7.86,8.34,3.3,0.06
8.105468276,9.05323596,3.120126206,0.087768881,,8.06,8.64,3.2,0.08
8.250353141,9.589849433,3.047292098,0.0887176,,8.2,9.24,3.1,0.08
8.386486248,10.02206348,3.02805546,0.094275114,,8.3,10.4,3.1,0.08
8.359165118,10.54979735,3.088570519,0.097454207,,8.37,11,3.1,0.1
8.36262462,10.39016309,3.079841478,0.095283263,,8.41,9.34,3.1,0.11
8.35468699,9.891094104,3.115802527,0.08594486,,8.38,8.89,3.1,0.09
8.324274345,9.39377493,3.14723957,0.095538401,,8.38,9.25,3.8,0.08
8.32265264,9.262260137,3.245365796,0.113050776,,8.41,9.56,3.8,0.17
8.219426836,9.282479977,3.554780882,0.180409979,,8.4,9.8,4,0.39
8.293209669,9.957746077,3.224684727,0.527293712,,8.43,10.1,4.1,0.49
8.107401398,9.33752794,3.934503618,0.199241852,,8.044807692,8.255769231,3.409615385,0.291538462
8.337343853,9.846564678,3.805817061,0.527040263,,8.44,10.4,3.9,0.51
8.367441538,10.08455507,3.830507642,0.666268606,,8.37,10.2,4.1,0.64
8.347816076,10.54013808,4.171782233,0.687552792,,8.35,10.6,4.2,0.7
8.408803998,10.50482444,4.221605816,0.677109706,,8.46,10.6,4.3,0.68
8.456530796,10.58636724,4.281983196,0.681692903,,8.48,10.3,4,0.75
8.476667771,10.57627789,4.41556189,0.810549729,,8.53,10.2,4.4,0.95
8.544253728,10.16189278,4.374768581,0.80429436,,8.59,9.84,4.5,0.87
8.582305039,9.744816343,4.425758277,0.853595443,,8.56,9.49,4.4,0.89
8.551540722,9.975732382,4.296402359,0.803396309,,8.5,8.89,4.4,0.78
8.413168658,10.20615754,3.982261829,0.789236145,,8.51,8.42,5,0.57
8.550465955,9.561761256,4.314977029,0.428847405,,8.64,8.3,4.9,0.45
8.488362044,8.96747108,4.401158251,0.605670774,,7.9,10.2,3.7,0.58
8.170999378,9.593987464,3.899510943,0.721478348,,8.02,10.4,3.5,0.55
7.908100561,10.33017953,3.113318759,0.566981779,,7.96,10,3.2,0.53
8.228021222,9.45320055,4.262021016,0.452718598,,7.8,9.53,3.6,0.59
8.03621703,9.664266919,3.972009261,0.451218435,,7.64,8.82,3.4,0.6
8.284906197,8.63274395,4.003573449,0.846344327,,7.94,8.83,3.2,0.83
7.889817539,8.842918872,3.404883977,0.609857963,,8,8.31,3.3,0.63
7.779647771,9.205391727,3.524450078,0.585319209,,8.05,7.71,3.1,0.43
7.88731134,8.094776765,3.179825355,0.387868183,,8.06,7.52,3.2,0.21
8.002560813,7.005048662,3.488395517,0.160301043,,7.96,7.11,3.8,0.13
7.928451857,6.421696369,3.447005659,0.119231251,,7.85,6.15,3.4,0.11
7.870773419,6.161596845,3.795930406,0.082500179,,7.81,6.18,4.2,0.08
7.855300713,6.630128633,3.76256179,0.080261625,,7.85,6.93,3.5,0.08
7.887533228,6.803002269,3.673930064,0.097205772,,7.89,6.77,2.9,0.08
7.846969169,6.374144339,3.3892318,0.097847153,,7.75,6.13,2.8,0.1
7.804942548,6.382685956,3.191828388,0.0793669,,7.75,5.83,3.1,0.07
7.738515359,5.946506894,3.025730068,0.075125348,,7.56,4.56,2.9,0.09
7.606036269,5.513792137,2.868962512,0.071353748,,7.45,4.89,2.8,0.08
7.440443069,4.612920679,2.910997337,0.057513324,,7.46,4.57,3,0.08
7.506331801,4.800348505,2.932907169,0.075268592,,7.59,5.04,2.8,0.09
7.559945346,4.849404461,2.897262689,0.089792674,,7.7,5.61,2.7,0.1
7.619955328,5.238453968,2.819402091,0.097224139,,7.65,5.34,2.8,0.1
7.779517612,5.833153208,2.794344675,0.12992747,,7.9,6.29,2.8,0.08
8.049764773,6.879452111,2.567371296,0.160812111,,7.98,6.65,2.5,0.08
8.102129432,7.439456006,2.634122574,0.119379405,,8.01,6.98,2.7,0.09
8.224983811,7.968868162,2.580623606,0.136078547,,8.26,7.55,2.7,0.1
7.976960148,6.750877215,2.680095391,0.086360661,,7.81,6.36,2.8,0.08
7.978584269,6.732729967,2.67544276,0.080711626,,7.8,6.24,3,0.09
7.778080491,6.063611006,3.062025429,0.073880322,,7.69,5.55,3.1,0.08
7.778533499,6.275487008,3.010014504,0.07354802,,7.76,6.71,3.2,0.06
7.785982643,6.273371051,2.903259215,0.071814992,,7.91,7.51,3.2,0.04
7.865406558,6.686086819,2.93510061,0.085233651,,7.97,8.05,3.2,0.05
8.107456253,8.983771951,3.220386921,0.091715499,,8.04,8.63,3.3,0.05
8.116819679,9.258240132,3.301093133,0.067140539,,8.08,8.96,3.4,0.06
8.164458774,9.722066118,3.382365585,0.073448372,,8.17,9.55,3.3,0.04
8.243968728,10.27164804,3.320939995,0.071244916,,8.2,10,3.3,0.05
8.271118853,10.67148477,3.277043084,0.066283287,,8.26,11,3.2,0.05
8.31511284,11.70856207,3.075130634,0.062483345,,8.28,11.4,3.2,0.05
8.312599288,11.83817863,3.147467248,0.05845951,,8.35,12.1,3.1,0.05
8.385808453,12.81440238,3.044759911,0.07459834,,8.37,12.7,3.1,0.07
8.38845501,12.96856726,3.100285258,0.082856074,,8.42,13.4,3.2,0.06
8.133500801,8.561374551,3.097783933,0.037070819,,7.901153846,8.618461538,3.921153846,0.354615385
8.44852575,13.87105933,3.120695033,0.289440665,,8.4,13.9,3.5,0.45
8.354606372,13.4688469,3.432425717,0.186648512,,8.16,11.1,3.9,0.28
8.176894714,11.07041933,3.713586828,0.208483984,,8.19,11.1,3.7,0.21
8.142663058,10.76378753,3.822584716,0.209541641,,8.27,11.3,3.9,0.18
8.229936524,11.01612332,3.875002579,0.187710233,,8.29,11.1,3.7,0.2
8.287140859,11.91719999,3.779986978,0.232402152,,8.3,11.1,3.7,0.36
8.280008446,12.15188389,3.598175496,0.361887904,,8.35,11.8,3.7,0.51
8.360145419,12.92722451,3.77576605,1.321849172,,8.34,11.7,3.9,0.83
8.247039094,11.57447129,3.751373743,1.102957361,,8.21,10.9,3.7,0.95
8.17078114,10.46196167,3.880180424,1.327355278,,8.19,10.4,3.9,1.19
8.187552434,10.27301517,3.945277703,1.234936173,,8.27,10.4,4.1,1.15
8.332160449,11.4690454,3.869984406,0.788290276,,8.39,10.5,4.4,0.46
8.33783615,12.0483616,3.599179352,0.397164889,,8.34,10.2,4.1,0.33
8.307731702,9.82904958,4.020688166,0.368978569,,8.29,8.98,3.9,0.4
8.280936361,9.872158234,4.072380119,0.670866265,,8.18,8.03,3.8,0.58
8.304250837,9.044911616,3.943175371,0.378946952,,8.2,7.99,3.8,0.43
8.115461405,7.203608844,3.55047901,0.390461735,,7.87,7.23,3.9,0.39
7.422834621,4.717582981,3.96197735,0.320737728,,7.58,6.39,4,0.15
7.527138305,6.852025589,4.035512051,0.168278199,,7.66,7.23,4,0.12
7.769819421,7.245680309,3.979253956,0.152848942,,7.76,7.48,4,0.13
7.707206842,7.318787448,3.952297306,0.142017079,,7.65,7.31,3.4,0.15
7.609042871,7.128039273,3.866657561,0.112981529,,7.55,7.02,3.4,0.14
7.506554011,6.631687547,3.476527761,0.120283736,,7.52,6.77,3.3,0.16
7.535421919,6.828637403,3.372237945,0.139235788,,7.64,7.25,3.1,0.15
7.540540431,6.709789292,3.211162973,0.148365869,,7.71,7.06,3.1,0.19
7.688088652,7.078531782,3.244884935,0.229311096,,7.89,7.87,3.4,0.22
7.758108617,7.22798415,3.348564527,0.260990286,,7.93,7.6,4.1,0.27
7.863667521,7.195881332,3.875473461,0.26331408,,7.94,7.05,4.7,0.29
7.89971121,6.972144258,4.538061573,0.280361148,,7.88,6.53,4.9,0.35
7.940523082,6.704213949,5.129080931,0.414704605,,7.96,6.91,5.1,0.38
7.974441067,6.822513064,5.22515694,0.545270234,,7.99,7.02,4.3,0.51
7.934534085,7.529349975,4.368179572,0.27036516,,8.02,7.42,3.4,0.27
7.995996592,7.422594963,3.316874672,0.321548269,,7.98,7.05,3.5,0.31
7.97802971,7.372108401,3.271082779,0.316864791,,7.95,7.37,3.4,0.33
7.979760856,7.178249997,3.481537433,0.304376694,,8.01,7.06,3.6,0.31
7.973278328,6.876522943,3.702002562,0.292185062,,7.99,6.48,3.8,0.24
7.943686895,6.641746501,4.043580602,0.344358798,,7.88,6.83,3.9,0.21
7.865656249,6.716457261,4.145858639,0.306521934,,7.81,7,4,0.25
7.523844279,7.131003759,4.955567897,0.35213027,,7.55,6.74,5.1,0.2
7.464322892,8.009253299,5.52873554,0.255628533,,7.49,7.58,5.4,0.22
7.482421169,7.053068322,5.153118044,0.197775204,,7.42,6.23,4.8,0.24
7.674556314,6.70575811,4.339460629,0.221683185,,7.52,5.95,4.1,0.26
7.562368619,6.151708222,4.103135974,0.250993771,,7.54,6.19,4,0.26
7.483827481,6.24699245,4.411251887,0.250069647,,7.53,6.84,4.4,0.27
7.494625398,6.249055206,4.429636948,0.257899653,,7.61,7.47,4.2,0.28
7.611602153,7.90690858,4.474061291,0.309256355,,7.6,9.37,4.1,0.3
7.625547406,8.258217337,4.022361014,0.314079542,,7.61,8.46,3.8,0.34
7.695701985,9.86513932,3.524592377,0.374143083,,7.63,11.2,3.7,0.32
7.637515952,9.807052211,3.547618241,0.3386459,,7.62,10.2,3.2,0.35
7.667247581,10.5435009,3.057170068,0.359962968,,7.84,10.9,3.4,0.36
7.647834561,10.07689327,3.32782543,0.362590299,,7.77,12.1,4.3,0.35
7.753529958,12.37058075,3.250587623,0.409645703,,7.59,12.5,3.4,0.66
7.945210001,10.18271616,3.830974087,0.256963548,,7.897307692,8.267692308,3.182692308,0.217884615
8.017780017,10.97722155,3.473968962,0.254190914,,7.5,13,3.1,0.65
7.707792962,12.11438768,3.376333576,0.51896615,,7.65,13.2,3.2,0.57
7.664724099,12.7474017,3.309891661,0.610370984,,7.79,13.7,3.2,0.42
7.658046465,13.6683021,3.113713131,0.528906244,,7.71,13.8,3.1,0.36
7.746217575,13.79446643,3.072167298,0.444283523,,7.98,12.3,3.2,0.16
8.004693012,12.4721145,3.264471224,0.170312812,,7.99,12.2,3.3,0.19
7.899857472,12.20263466,3.233725349,0.253068602,,7.96,11.4,3.2,0.24
7.774559746,12.77472361,3.168137968,0.361407343,,8.1,11,3.3,0.29
7.950501934,12.21567822,3.273141497,0.224007982,,8.08,11.6,4.1,0.26
8.06660681,11.96178038,3.756203416,0.304060754,,7.99,11.4,3.8,0.38
8.090144783,11.32659899,3.715315117,0.299612357,,8.12,11,3.5,0.28
8.03486144,10.9338831,3.373084718,0.312706526,,8.15,10,3.5,0.17
8.114606379,10.87619388,3.940804703,0.341149673,,7.98,8.92,3.5,0.48
8.028880441,10.0989729,3.645621018,0.410261275,,7.88,9.06,2.9,0.45
7.695514072,8.451449404,3.372093059,0.69719183,,7.85,8.23,3.5,0.48
7.712252679,7.753259617,3.311753009,0.616707107,,7.81,8.12,3.4,0.45
7.720708854,6.78031821,3.492115256,0.61600524,,7.72,7.66,3.3,0.24
7.575854476,5.789186636,3.335362485,0.207376978,,7.64,6.71,3.6,0.12
7.682001164,6.573198975,3.598900668,0.095043854,,7.76,6.88,3.6,0.09
7.81745712,7.834158646,3.44663716,0.09171893,,7.85,8.43,3.5,0.1
7.875960688,8.745857562,3.354653826,0.070005063,,7.78,9.38,3.4,0.1
7.733793981,7.413936215,3.434711375,0.13049781,,7.83,8.32,3.2,0.12
7.750046409,7.232947461,3.630097834,0.132901935,,7.8,7.04,3.6,0.15
7.866920433,8.626363443,3.256800001,0.08558506,,7.75,6.95,4.6,0.15
7.78768749,6.962172481,4.036225025,0.133264427,,7.74,6.94,4.9,0.16
7.714007604,6.31503837,5.068199035,0.164208235,,7.61,5.4,4.5,0.15
7.599659317,5.474501861,5.018139273,0.124728966,,7.34,4.65,4.6,0.15
7.649138624,5.757063254,4.477735568,0.269957752,,7.18,4.6,0,0.12
7.248678381,5.157411878,0.744872552,0.402125146,,7.11,4.74,0,0.22
7.134563254,4.631434073,0.052966178,0.247780688,,7.11,4.32,0,0.3
7.192268743,4.320803727,0.989041961,0.155819026,,7.32,4.28,3.5,0.32
7.198016368,4.701225333,0.412112814,0.160371557,,7.82,4.86,3.4,0.13
7.952735738,4.7828115,3.939607171,0.116193345,,7.88,4.27,3.5,0.11
8.061305752,5.695310663,3.767851256,0.118255456,,7.87,5.53,3.4,0.1
7.820342687,5.605774345,3.036763988,0.127296708,,7.85,5.78,3.1,0.11
8.151509496,9.030010058,2.711975779,0.138935418,,7.93,9.32,3.2,0.11
8.054137377,11.19422494,3.041911894,0.136642184,,8.03,10.6,3.1,0.11
7.773418101,3.640420077,3.493874223,0.148502252,,8,0,2.9,0.18
8.094220678,2.325343679,3.15745148,0.218993626,,8.3,0,2.9,0.14
8.21607189,7.776393424,3.2835116,0.230891221,,8.38,6.88,2.9,0.1
8.476092601,6.624881435,3.043798745,0.123818037,,8.39,7.07,3,0.12
8.377117669,6.653151567,3.050499191,0.106041868,,8.37,7.09,3.1,0.1
8.470540993,7.442352985,3.156745898,0.107013388,,8.4,6.81,3.3,0.11
8.541153626,8.613574712,3.157166143,0.165536864,,8.54,7.53,3.1,0.12
8.62034787,8.201783474,3.205670962,0.132699894,,8.59,7.86,3.2,0.12
8.31485703,6.694641848,3.374955676,0.117396463,,8.32,8.98,3.1,0.13
7.862796661,6.627996581,3.499071656,0.11828438,,7.98,10.5,3.1,0.17
7.998913022,12.26462465,3.440792542,0.11326823,,8.03,12,3.5,0.13
7.943267272,10.62337168,3.176389476,0.129829141,,7.9,9.35,3.1,0.19
7.948148437,10.33637227,3.121895522,0.20720101,,8.02,9.56,2.9,0.26
7.90535036,10.24911509,3.05074498,0.231595675,,8.02,10.2,2.8,0.2
7.945539882,10.303319,2.870126594,0.257788129,,7.96,10.5,2.8,0.27
8.123619529,9.959065812,2.867183033,0.221719181,,8.153125,9.295833333,2.825,0.321458333
8.010094708,10.98143111,2.777437123,0.369545847,,8.13,12,2.9,0.39
8.096464787,11.65012536,2.818880574,0.390407424,,8.11,11.7,2.8,0.38
8.11577937,12.18803711,2.862212354,0.413529829,,8.15,12.4,2.9,0.43
8.142087243,12.14036392,2.882842971,0.418868623,,8.26,12.2,3,0.36
8.200683881,12.52158846,2.947366804,0.397223845,,8.21,11.1,3,0.4
7.859820599,13.31013269,2.634652592,1.143378963,,8.34,12.3,0,0.61
8.419242192,12.35327041,0.81939189,0.526246136,,8.28,11.2,0,0.72
8.646092488,12.51972152,2.602694956,0.262693283,,8.35,11.8,3.5,0.63
8.348323188,12.20693006,3.260949964,0.629794625,,8.32,11.5,3.3,0.62
8.313834004,11.63201924,2.604487003,0.676227543,,8.27,11,3.5,0.6
8.276279607,11.10417449,2.563288417,0.579596072,,8.28,10.8,3.5,0.58
8.302687313,11.19178396,3.875286069,0.592414413,,8.29,10.6,3.4,0.64
8.2984636,11.04215858,3.706759052,0.605360692,,8.2,9.86,3.1,0.68
8.271424258,10.31345127,3.240902035,0.589946847,,8.21,10.2,3.4,0.5
8.234220459,9.85695446,2.760880699,0.514077305,,8.14,9.31,3.1,0.39
8.173624036,9.037611051,3.506441278,0.450346616,,8,8.6,3.2,0.5
8.107159972,8.884104254,3.389729293,0.456721321,,7.98,8.6,3,0.52
7.952008777,7.365601375,3.067063561,0.357399078,,7.78,8.26,2.9,0.37
7.830671118,6.653589691,2.33621543,0.277895323,,7.79,8,3.1,0.16
7.862217465,8.945776821,3.120998112,0.244263223,,7.84,8.54,3.3,0.17
7.897125037,9.464261823,2.818857289,0.164159466,,7.85,9.17,2.9,0.16
7.831216768,9.17718016,3.060296585,0.135207256,,7.74,9.23,3,0.15
7.814140605,7.620540432,3.360709859,0.123003273,,7.78,6.56,3.4,0.18
7.794561248,8.197670479,3.448431609,0.14667005,,7.76,7.35,3.9,0.16
7.749703271,8.408074298,3.411478161,0.146960076,,7.7,8.32,4.1,0.15
7.700468664,7.332654499,4.38113102,0.136364825,,7.94,3.96,5.6,0.13
7.810923923,4.6674952,5.201514568,0.123083235,,7.72,5.13,5.6,0.14
7.842628017,5.008538013,5.583209165,0.12591398,,7.85,5.03,5.6,0.12
7.815288477,5.741323449,5.352801571,0.123340854,,7.78,7.63,5.2,0.12
7.85802864,5.634207656,5.426697379,0.125801295,,7.77,8.77,4.8,0.14
7.761832303,7.950281897,3.954145348,0.146375327,,7.88,6.78,4.5,0.13
7.820568816,7.591111061,3.542109967,0.202621192,,8.03,5.51,4,0.13
8.276292381,6.414325167,2.099659954,0.258231797,,8.24,6.02,3.6,0.13
8.376886012,9.7442137,0.332771566,0.550759661,,8.39,7.76,0,0.12
8.347106184,8.135913864,0.135326572,0.146593783,,8.32,8.14,0,0.13
8.418585759,8.788983205,0.120457966,0.175760491,,8.45,8.46,0,0.21
8.401658166,8.240448306,0.025243699,0.167598183,,8.18,9.02,0,0.27
8.080800894,9.09767955,0.1002086,0.250493787,,8.74,9.39,0,0.15
8.191057667,9.321258363,0.106618533,0.260004621,,8.69,9.58,0,0.3
8.66210655,9.288957049,0.028762926,0.193206575,,8.53,10.1,3,0.32
8.605085565,9.280543293,0.035895629,0.184437614,,8.54,9.86,0,0.15
8.664424622,9.607818749,0.054380299,0.191506323,,8.51,10.5,0,0.23
8.63482589,9.720799136,0.464650431,0.173360377,,8.5,11.3,3.6,0.45
8.593035542,10.46421041,1.694699247,0.21681846,,8.52,11.4,3.5,0.41
8.532659718,11.22460745,1.200397352,0.262041557,,8.51,11.1,3.3,0.34
8.535604702,11.00149895,1.511046746,0.251278307,,8.57,11.4,3.5,0.22
8.551121099,10.31715922,0.199988454,0.094279336,,8,9.43,2.2,0.23
8.392039358,10.14553737,2.655341423,0.202568676,,7.93,9.33,3.4,0.41
7.468003102,5.575697177,1.754933959,0.06058691,,7.881470588,8.228529412,2.361764706,0.19
8.063311442,9.64175185,2.522595087,0.151729269,,8.02,9.45,3.3,0.42
7.942067658,9.221204403,3.154850176,0.336373091,,7.97,9.62,3.4,0.31
7.926665587,9.536212406,3.24631495,0.366231058,,7.97,9.55,3.7,0.36
7.949165237,9.585908111,3.013860834,0.363554641,,7.96,9.74,3.1,0.35
7.946113335,9.684028964,3.085232031,0.354544265,,7.98,9.74,2.9,0.32
7.918993964,9.710884137,2.842923231,0.324617685,,8.02,9.6,2.6,0.35
7.932446704,9.513739361,2.202673511,0.295442797,,8.05,9.44,2.3,0.34
7.995572729,9.258638914,2.424471078,0.327435394,,7.95,8.89,2.3,0.36
8.00902461,9.4267227,2.156034845,0.340814099,,8.06,9.91,2.2,0.29
8.015606543,9.60855283,2.211930539,0.334925919,,8.07,10.2,2.1,0.26
8.035575304,9.652699568,1.912403031,0.297489338,,8.14,10.2,2.3,0.3
8.046995732,9.787357226,2.020809176,0.28975175,,8.14,10.1,2.3,0.3
8.091236083,7.724410536,4.374923446,0.363338243,,8.07,9.34,2.2,0.43
8.19922717,10.46663081,2.541568564,0.292562755,,7.89,8.68,1.8,0.21
8.1613956,10.12219523,2.199819211,0.312466219,,7.91,7.79,1.7,0.24
7.879174686,7.300353632,1.449339144,0.246964341,,7.79,7.15,1.8,0.06
7.816164168,6.947338429,1.511630727,0.113380704,,7.8,6.92,1.6,0.03
7.800650079,6.920336172,1.579939534,0.061970904,,7.84,7.11,1.7,0.04
7.811057571,7.315609266,1.677016072,0.052465981,,7.82,7.48,1.9,0.03
7.826181611,7.114040785,1.603776319,0.042279616,,7.79,6.86,1.5,0.03
7.805283324,6.986102957,1.653910742,0.042670451,,7.82,7.2,1.4,0.05
7.807576975,7.053828779,1.512368465,0.041245816,,7.65,6.69,1.4,0.08
7.789442361,6.964062223,1.442163197,0.044578129,,7.67,6.6,1.2,0.08
7.687683736,6.710523372,1.243453774,0.058201152,,7.65,6.79,1,0.06
7.657064017,6.634155344,0.937171488,0.056261068,,7.48,6.15,1,0.05
7.529381824,6.250418306,0.656432654,0.04315249,,7.26,5.78,1.5,0.05
7.469410381,5.862358153,1.236714149,0.04348474,,7.48,4.95,4.4,0.07
7.670677778,6.613066858,2.32624358,0.074879552,,7.67,6,2.9,0.11
8.015098894,7.980172639,1.445135218,0.171295838,,7.83,6.87,2.7,0.08
8.045536551,7.463945313,2.427314845,0.144258958,,7.85,7.27,4.1,0.08
7.936524209,7.82192338,2.610806567,0.103646715,,8,8.25,2.8,0.1
8.112793594,9.441767319,2.615275872,0.131631839,,8.01,8.98,3,0.12
8.229305747,10.43280054,3.072522122,0.187685215,,8.22,9.67,3.4,0.21
8.17246865,11.0849078,2.650256535,0.294393532,,8.14,10.8,2.8,0.29
8.14873906,10.18579107,2.917803491,0.235403482,,8.1972,8.0556,3.344,0.2056
8.284848014,10.97496566,3.341052606,0.391019777,,8.26,11.6,4.4,0.37
8.152272525,9.858681024,2.926107483,0.235117731,,8.22,11.7,2.8,0.36
7.635860861,6.680277661,0.688062262,0.120043587,,8.25,10.7,1.9,0.36
8.211935558,10.69400699,2.615732153,0.361117951,,8.2,9.91,2.5,0.37
8.219337952,9.511535332,3.459159123,0.231586649,,8.04,7.1,3.2,0.18
8.224477129,9.372260392,2.915027177,0.31797755,,8.21,8.19,3.2,0.26
8.223010433,8.593238636,3.130849655,0.261924649,,8.03,7.99,3.2,0.12
8.159162225,8.301153425,3.220309672,0.192834476,,8.15,8.36,3.3,0.17
8.143140327,7.990158274,3.331375149,0.1742617,,8.18,8.2,3.2,0.15
8.155298665,8.052657017,3.321740937,0.163548855,,8.14,7.51,3.2,0.12
8.134492697,7.978311062,3.244887153,0.135192319,,8.02,7.07,3.2,0.11
8.134495702,7.592374466,3.227729561,0.12856464,,8.05,7.17,2.8,0.11
8.105417071,7.220360804,3.21709334,0.11893827,,8.08,6.13,3.6,0.12
8.050170011,5.599318285,3.525475371,0.099263344,,7.76,5.43,4.8,0.13
7.986619586,5.932474877,3.366977309,0.104067371,,7.88,5.26,3.2,0.13
8.019607079,6.464937355,3.292574029,0.126233615,,8.11,6.38,3.1,0.12
8.108850703,6.456987651,3.498471042,0.124391174,,8.47,5.82,3.5,0.09
8.089421258,5.436606427,3.749052603,0.122263616,,8.27,4.7,4.9,0.11
8.480978221,5.924166627,3.719585573,0.112395461,,8.28,6.31,2.9,0.12
8.508673996,5.961420971,3.706986731,0.113056529,,8.38,7.34,3,0.13
8.586873554,6.870183567,3.573581014,0.136191601,,8.74,9.14,3.2,0.24
8.719819822,10.8819941,4.880849711,0.505630091,,8.91,9.23,3.1,0.3
8.687059692,9.03385392,3.373099872,0.21499122,,8.22,9.35,3.6,0.3
8.610189532,9.181157247,3.583992143,0.202866671,,8.04,10.1,3.8,0.33
,,,,,8.04,10.7,4,0.34
,,,,,7.994498208,8.279120287,3.143806104,0.338309353