8.455396804,9.971321643,6.576117951,0.285094601,,8.354042553,9.315531915,4.925531915,0.296595745
8.438434358,11.3334596,7.061624971,0.240787385,,8.56,11.1,3.2,0.85
8.441760978,11.43751379,7.130296339,0.237938714,,8.62,11.2,3.3,0.65
8.421858729,11.60285963,7.063615512,0.230031075,,8.61,11.2,2.5,0.49
8.421581326,12.26346314,7.493338676,0.222174706,,8.71,13.8,2.5,0.82
8.437293803,12.26171268,7.606971261,0.224572408,,8.95,13.7,2.9,0.37
8.428584911,11.91521634,7.284726051,0.224652049,,8.81,11.9,2.6,0.2
8.437027452,11.33504116,7.044180693,0.239684104,,8.76,10.7,3,0.3
8.477495064,10.53871159,6.988284571,0.27142093,,8.72,10,4.7,0.29
8.440570689,10.8472811,6.846220514,0.254357274,,8.62,10.1,3.5,0.39
8.468486666,11.1213984,7.159096904,0.249266948,,8.65,10.7,4.5,0.22
8.494248077,8.695791867,6.417496466,0.353389541,,8.62,8.48,5.8,0.53
8.520317835,11.05607608,7.542239965,0.26177487,,8.76,11.2,6,0.36
8.522121504,11.86963834,7.971551487,0.240282907,,8.75,13.1,6.2,0.34
8.517058632,11.57925791,7.764104582,0.245444412,,8.78,12.1,5.9,0.23
8.52685724,10.68381077,7.427129468,0.27510683,,8.75,10.7,6.4,0.27
8.52047864,10.6952305,7.37139021,0.272359951,,8.63,10.7,6.4,0.29
8.543540073,11.96327307,8.229014139,0.244754022,,8.86,13.9,7,0.5
8.518273235,11.58404209,7.787027334,0.246638535,,8.88,12.1,5.7,0.26
8.492356545,9.58405561,6.724097755,0.311326468,,8.7,9.11,5.5,0.23
8.505248026,9.64044133,6.856270108,0.313469816,,8.83,9.28,5.6,0.3
8.484573249,8.343831893,6.219872059,0.368772764,,8.74,7.87,5.4,0.32
8.473952933,8.553440681,6.212171335,0.354494565,,8.67,7.96,5.2,0.24
8.491104366,11.02123012,7.297846809,0.257645217,,8.82,10.7,4.9,0.2
8.491049659,8.718005603,6.393704807,0.350251423,,8.7,8.25,5.7,0.19
8.52373508,11.11229618,7.610393578,0.262278352,,8.97,11.2,5.7,0.28
8.482523676,7.481895927,5.866530728,0.410550372,,8.6,6.91,5.9,0.26
8.435725539,6.662262962,5.160536015,0.427077942,,7.57,5.69,6.5,0.69
8.423897803,6.531798733,5.022900054,0.428154344,,7.57,5.12,6.1,0.54
8.421404496,6.713260177,5.071458394,0.416155878,,7.54,5.35,6.3,0.16
8.393111649,6.97444967,5.013177518,0.397461069,,7.52,5.5,4.8,0.23
8.401345862,7.394640643,5.224122096,0.37940339,,7.55,6.28,5.2,0.19
8.404333189,6.317311993,4.766644645,0.422564269,,7.27,4.01,5.8,0.2
8.412559666,8.450956536,5.682688885,0.333346055,,7.75,7.5,5.1,0.07
8.42942375,9.87915331,6.307470743,0.277291741,,7.84,9.02,5.2,0.06
8.422911974,9.145991976,5.989032321,0.304119922,,7.66,8.37,5.5,0.15
8.437444108,11.79051407,7.174708017,0.218538829,,7.75,12,5.3,0.06
8.483139266,11.75761381,7.551021313,0.23133122,,8.41,12.2,5.7,0.02
8.451263396,9.678890227,6.412490636,0.292674964,,8.17,8.95,5.4,0.09
8.437198756,8.27320058,5.805964036,0.351132207,,8.06,7.52,5.5,0.13
8.456538464,8.611891648,6.061576607,0.339976695,,8.16,7.98,5.9,0.07
8.414239553,6.721765197,5.065002335,0.420701657,,7.92,5.17,5.1,0.26
8.414566689,7.509211908,5.391318851,0.384872012,,7.99,6.57,4.8,0.41
8.409422586,9.635438893,6.121211338,0.287855418,,8.12,8.53,3.6,0.27
8.404932754,8.731162637,5.777589467,0.326035478,,8.12,7.7,3.7,0.38
8.406134648,8.986932915,5.875997462,0.315119885,,8.16,7.91,3.6,0.33
8.401416042,9.37872209,5.977147,0.296749863,,8.16,8.1,3.2,0.17
8.418586816,11.27106898,6.833769763,0.233466604,,8.28,10.4,3.2,0.08
8.411931918,9.998079908,6.269349032,0.274167063,,8.15245283,8.855283019,3.543396226,0.194339623
8.415232013,11.44427109,6.896849366,0.228854623,,8.36,10.6,2.8,0.04
8.449388995,11.98484903,7.46261575,0.22506046,,8.72,12.4,3.8,0.06
8.452249225,11.61729003,7.277807599,0.233066655,,8.63,11.5,3.9,0.27
8.436530117,10.01200798,6.49716528,0.28484846,,8.51,9.35,3.6,0.77
8.431443483,10.28610115,6.55615461,0.27231565,,8.55,9.4,3.4,0.47
8.442467747,11.2125193,7.016548925,0.243005148,,8.72,10.5,3.4,0.17
8.400656777,10.12049209,6.270241008,0.271372896,,8.53,8.61,2.1,0.1
8.396864872,10.59141431,6.420071405,0.253435177,,8.47,9.02,1.6,0.07
8.408303582,11.55909681,6.935461151,0.227985288,,8.69,10.6,1.7,0.05
8.417989461,11.64601483,7.042678175,0.226880265,,8.64,11,2.4,0.09
8.380627431,8.833921527,5.657536706,0.316198279,,8.16,7.19,1.8,0.15
8.40563676,10.91226562,6.610149389,0.244453376,,8.48,9.6,2.1,0.11
8.432552541,12.12711741,7.430585618,0.220609753,,8.67,12.8,3.3,0.07
8.439181466,10.86887022,6.82720195,0.251421744,,8.58,9.96,3.7,0.08
8.406813786,9.687921156,6.145193183,0.288192898,,8.4,8.41,2.9,0.22
8.430074706,10.21309585,6.503611087,0.272964727,,8.5,9.2,3.6,0.24
8.395798917,7.955246427,5.437841539,0.358712818,,8.12,6.65,3.6,0.14
8.398823268,7.863376419,5.440853751,0.366820556,,8.31,6.55,3.4,0.19
8.387618858,7.303088154,5.145416513,0.387638056,,8.08,5.67,3.4,0.08
8.408677136,9.909967486,6.221946672,0.277776806,,8.27,8.63,3.2,0.11
8.446514397,11.47765832,7.160444095,0.235183621,,8.67,11,3.7,0.07
8.401950953,8.85972504,5.795192147,0.318484732,,8.17,7.59,3.5,0.09
8.387576861,8.288376795,5.493850952,0.339436378,,8,6.86,3.1,0.09
8.407237626,10.19406224,6.320921635,0.267296752,,8.31,8.86,2.9,0.09
8.411289251,10.95644631,6.679488714,0.245259495,,8.62,9.72,2.2,0.13
8.41602996,11.23751613,6.827011252,0.236720201,,8.57,10.2,2.5,0.08
8.376918415,6.592951629,4.773634864,0.412725079,,7.7,4.19,3,0.22
8.389414238,9.98422861,6.113470629,0.270504805,,8.07,8.41,1.8,0.19
8.396600732,9.842368235,6.102765895,0.276360435,,7.99,8.53,2.8,0.26
8.394143896,9.092222636,5.812242213,0.30487552,,7.95,7.77,3.2,0.15
8.372419189,6.817409242,4.843078766,0.401973746,,7.61,4.71,2.6,0.34
8.41413235,10.44146734,6.453162681,0.258610122,,8.2,9.29,3.4,0.13
8.441272484,10.0018353,6.454084901,0.277122005,,8.04,9.24,5.2,0.13
8.406105913,9.764380236,6.126484248,0.279718313,,7.94,8.6,3.7,0.17
8.393813444,8.785790759,5.703000813,0.317918532,,7.84,7.65,3.5,0.35
8.426801688,11.68099789,7.087178026,0.223862107,,8.23,11.4,3.7,0.13
8.413460395,10.20920665,6.325613223,0.262732059,,7.81,9.17,4.2,0.13
8.410692448,7.401047513,5.288540688,0.382244097,,7.58,6.46,5.6,0.27
8.404285666,6.725413652,4.965828471,0.409454557,,7.26,5.41,5.9,0.47
8.39807616,6.555334095,4.829902643,0.409720111,,7,4.86,6,0.32
8.428466656,11.33521884,6.867791461,0.226695845,,7.52,11,5.2,0.18
8.40225267,9.072487634,5.81906839,0.30191336,,7.4,8.2,4.7,0.36
8.412580112,11.50639299,6.823633022,0.218647839,,7.33,11,4,0.15
8.404426577,8.913730189,5.78744016,0.310450911,,7.64,7.89,4.6,0.14
8.403659576,9.254657053,5.947875842,0.302318784,,8.16,8.03,3.4,0.18
8.381648625,8.397562845,5.512233855,0.335842313,,8.04,7.01,2.4,0.38
8.439046633,10.79504342,6.762184607,0.25016366,,8.15,10.1,4.6,0.19
8.441033763,10.70566092,6.729680293,0.252348321,,8.08,10,4.9,0.12
8.416780936,9.86362393,6.23571847,0.278063515,,8,8.82,4.2,0.14
8.443549174,10.67079632,6.758114327,0.256690268,,8.27,10,4.5,0.29
8.491660276,11.68067762,7.618202466,0.238754789,,8.6,12.3,5.2,0.57
8.446071216,9.49708165,6.332277409,0.30211744,,8.237884615,8.877115385,4.907692308,0.431346154
8.414557848,10.4939507,6.478879264,0.257132277,,8.1,9.53,3.5,0.37
8.435443163,9.029021493,6.101873919,0.32169154,,8.01,8.77,4.8,1.07
8.408962274,9.05934431,5.91741692,0.312200283,,7.94,8.31,4,0.7
8.406269481,11.24047636,6.726916193,0.231679402,,8.06,10.3,2.6,0.27
8.404496757,11.20517523,6.695063431,0.232010162,,8.02,10.2,2.5,0.25
8.401605582,11.41566693,6.770079618,0.22571327,,8.04,10.4,2,0.16
8.403912664,11.90921034,7.050068758,0.215852925,,8.16,11.6,2.1,0.13
8.420509292,11.53645148,6.976947251,0.227123419,,8.13,11.2,3.4,0.46
8.474196627,11.67784353,7.470689156,0.234790641,,8.56,12,4.8,0.38
8.461636703,10.38278605,6.794352124,0.272466969,,8.56,9.7,4.6,0.24
8.453082537,10.78381783,6.872481511,0.254448862,,8.38,10.1,4.7,0.1
8.435403929,9.721146066,6.330772328,0.289663774,,8.3,8.76,4.5,0.08
8.421185668,9.85260124,6.268737465,0.28020089,,8.13,8.78,4.2,0.07
8.434666215,10.92310405,6.789040254,0.245810265,,8.26,10.1,4.2,0.06
8.45078927,10.28911402,6.651507845,0.270620285,,8.31,9.51,4.9,0.09
8.440163979,10.00890847,6.477778136,0.280199396,,8.39,9.06,4.4,0.08
8.453333968,11.05666615,7.008563691,0.247662175,,8.58,10.4,4.2,0.1
8.444773171,10.01031345,6.490090477,0.278456495,,8.15,9.23,5.1,0.11
8.464166481,7.032710893,5.567375386,0.430297692,,8.17,6.73,5.8,1.16
8.519012607,9.871179682,7.02241751,0.302917587,,8.4,9.99,6.9,0.56
8.512329527,6.12109166,5.427259323,0.478243771,,8.04,4.8,8,0.93
8.52440151,7.834118581,6.299960205,0.401875937,,8.47,7.99,7.7,0.47
8.536299978,9.907228814,7.169842136,0.304634356,,8.62,9.9,7.4,0.11
8.485885109,8.124875754,6.107758396,0.373391962,,8.35,7.75,6.5,0.17
8.439593702,7.603957138,5.580200357,0.385153495,,8.07,6.81,5.7,0.17
8.47195033,7.847964944,5.901394677,0.383065647,,8.09,7.6,6.5,0.5
8.420866269,6.338009424,4.92023877,0.43639797,,7.61,4.53,5.7,0.72
8.430561542,7.324068556,5.392791124,0.392665913,,7.69,6.58,6.2,0.32
8.414444013,6.574255831,4.987258445,0.424247439,,7.72,4.91,5.5,0.3
8.420454033,6.180829156,4.830831016,0.439801642,,7.74,3.63,5.4,0.45
8.428119626,6.836462592,5.197556085,0.418870901,,7.82,5.73,5.8,0.43
8.43361297,8.879644302,6.001885487,0.322929465,,7.93,8.31,5.3,0.46
8.426626515,8.201082026,5.748500292,0.358408439,,8.02,7.84,4.7,1.03
8.503658211,7.257227183,5.959351571,0.434797179,,8.45,7.49,6.5,1.33
8.513462346,5.927376385,5.319333332,0.483386859,,8.11,3.76,7.4,1.31
8.489819031,7.600925624,5.96149949,0.40573008,,8.31,7.54,6.5,0.77
8.541523655,10.9741583,7.662711544,0.26679551,,8.76,11.2,7.1,0.08
8.504031765,9.356247867,6.7024981,0.320370738,,8.5,9.04,6.5,0.12
8.442372148,10.59142637,6.725056372,0.260039933,,8.43,9.74,4.2,0.14
8.483076823,12.04857882,7.756599683,0.229204298,,8.65,13.2,5.2,0.14
8.480643749,11.02166554,7.188659236,0.25257505,,8.51,10.7,5.3,0.15
8.468236341,9.93031943,6.650284197,0.288796928,,8.43,9.28,5.3,0.13
8.428310824,8.02425066,5.680232876,0.364827531,,8.28,7.1,4.7,0.19
8.459261098,11.29533974,7.169150086,0.242464333,,8.63,10.9,4.2,0.22
8.461866582,11.87969695,7.4860255,0.228175183,,8.54,12.4,4.5,0.3
8.455904086,11.70747976,7.340409432,0.230351383,,8.45,11.9,4.4,0.37
8.401936033,10.2237204,6.295341923,0.265157387,,8.08,9.1,2.8,0.47
8.391051576,9.478248754,5.947375515,0.291032859,,7.94,8.31,2.6,0.58
8.408380392,9.024439674,5.899641996,0.313348861,,8.11,8,3.8,0.34
8.475309,10.99690342,7.242614542,0.264045643,,8.76,11.4,3.5,1.84
8.465272223,10.5962281,6.938528215,0.269174546,,8.53,10.4,4.3,0.98
8.443413236,9.013134013,6.121280031,0.319832662,,8.085576923,8.394230769,5.361538462,0.313653846
8.484272085,11.84557048,7.660726642,0.234736634,,8.85,12.4,4.6,0.24
8.485163973,10.24988202,6.922037941,0.282565491,,8.65,9.76,5.2,0.26
8.46678578,10.69463275,6.960917319,0.262655653,,8.61,10.1,4.6,0.23
8.501522985,10.61757592,7.200868539,0.272769357,,8.55,10.6,5.7,0.62
8.518702048,9.905041824,7.040904989,0.302474582,,8.64,9.76,6.5,0.27
8.524152289,9.378343699,6.879988461,0.325879182,,8.65,9.26,6.9,0.19
8.50902059,9.463772288,6.797967701,0.3191358,,8.61,9.24,6.3,0.29
8.435202785,7.348361248,5.471024062,0.399990428,,8.22,6.4,5.2,0.25
8.395079439,7.247425764,5.169995059,0.39240459,,7.96,5.91,4,0.35
8.414056092,11.98621343,7.204764525,0.21955127,,8.51,12.1,2.4,0.32
8.459793247,9.685594874,6.492743849,0.296316813,,8.14,9.3,5.5,0.54
8.460891805,11.29065976,7.156991533,0.240579322,,8.4,11,4.8,0.2
8.495380343,10.76275736,7.190526233,0.263834345,,8.52,10.5,5.8,0.18
8.490572217,11.62764916,7.574513596,0.239133832,,8.72,11.9,5.1,0.2
8.494145847,8.930130964,6.502071147,0.342052596,,8.74,8.52,5.6,0.29
8.537759933,10.43632122,7.396875086,0.28454209,,8.59,10.6,7.3,0.27
8.514575824,9.713787735,6.935104361,0.309548724,,8.64,9.51,6.4,0.25
8.552361694,10.39387235,7.517088812,0.291330518,,8.79,10.7,7.7,0.28
8.517150362,9.49488479,6.864085148,0.318432716,,8.52,9.41,6.8,0.31
8.480905126,9.4487573,6.591218998,0.315058412,,8.73,8.83,5.1,0.19
8.48824082,7.838410301,6.049456502,0.39427865,,8.71,7.32,5.8,0.2
8.415028659,6.44014534,4.935472076,0.431185444,,7.87,4.41,5.2,0.21
8.470298072,11.05947501,7.079694657,0.244532768,,7.96,10.9,6.2,0.17
8.441144282,8.492361269,5.889081311,0.338287552,,7.77,7.95,6.2,0.21
8.423640846,7.427694454,5.394830365,0.386964838,,7.8,6.56,5.7,0.25
8.486472517,10.02959712,6.803292899,0.286023418,,8.18,9.74,6.4,0.25
8.418707834,6.20631515,4.82225267,0.43601146,,7.51,3.88,5.8,0.55
8.383685489,7.653712244,5.190847812,0.358955724,,7.14,6.47,4.2,0.37
8.37998421,6.59351757,4.749903696,0.404883642,,6.96,4.61,4.1,0.53
8.38806867,8.590258659,5.551621249,0.318193792,,7.27,7.43,3.8,0.29
8.403218606,8.623835637,5.680312846,0.323108907,,7.52,7.8,4.8,0.4
8.390030381,7.365530322,5.153778529,0.379682881,,7.55,6.15,4.4,0.37
8.388831251,6.882567049,4.948561564,0.400099188,,7.44,5.31,4.6,0.31
8.398386718,7.671581614,5.301912122,0.364273277,,7.45,6.65,5.1,0.23
8.408268216,6.908333272,5.083032548,0.405655167,,7.53,5.71,5.6,0.39
8.420497135,6.54987046,4.990624885,0.422291497,,7.43,5.05,6.4,0.3
8.418246417,8.584658474,5.76444359,0.328190025,,7.62,7.88,5.5,0.29
8.397973377,8.45531516,5.600415912,0.331420975,,7.73,7.4,4.2,0.26
8.434302055,9.77241309,6.312877449,0.283708842,,7.86,9.09,5.3,0.28
8.418925556,9.32033364,6.064036717,0.301492754,,8.02,8.44,4.4,0.33
8.405465455,9.170565445,5.922371486,0.305145056,,8,8.12,3.8,0.32
8.386705419,8.284462917,5.488874343,0.339712385,,7.85,7.08,3.2,0.41
8.473712001,9.400907858,6.446325225,0.305399908,,7.85,9.13,6.9,0.24
8.494907322,9.695736846,6.697801387,0.295676945,,7.75,9.65,7.8,0.2
8.447247138,9.287661509,6.198111952,0.302106241,,7.51,8.97,6.7,0.37
8.423074437,8.118960792,5.637204785,0.351845495,,7.7,7.44,5.7,0.29
8.416246577,7.113546146,5.252604317,0.40545034,,8.08,5.91,4.8,0.3
8.432287295,8.525429887,5.885031536,0.341535674,,8.21,7.76,4.8,0.32
8.422747301,7.996465255,5.639467533,0.365790942,,8.14,7.27,4.6,0.56
8.434595483,9.748457111,6.355760465,0.291073924,,8.23,9.12,4.3,0.65
8.482846391,10.60103202,7.024909403,0.266829108,,8.32,10.4,5.7,0.46
8.479353993,11.22202733,7.269336393,0.24623336,,8.45,11.1,5.3,0.27
8.469771449,9.107076396,6.364055327,0.324765198,,8.377058824,8.648039216,5.531372549,0.368431373
8.513654649,11.84470073,7.877001544,0.238170918,,8.73,12.8,6,0.16
8.518200845,11.07224159,7.505021508,0.257836356,,8.55,11.2,6.5,0.19
8.501316315,9.474944141,6.732165009,0.31541406,,8.5,9.19,6.3,0.24
8.481731808,9.590622062,6.632567201,0.306797365,,8.49,9.13,5.6,0.28
8.444693598,10.65725102,6.781064761,0.259630775,,8.36,10.1,4.2,0.55
8.513539709,11.84545642,7.889456909,0.239434478,,8.76,12.9,5.8,0.37
8.466086748,11.46139848,7.300196191,0.239050706,,8.64,11.3,4.4,0.24
8.470102453,11.85003879,7.534927302,0.230419327,,8.65,12.3,4.6,0.19
8.515836292,10.96442104,7.439277768,0.261021264,,8.56,11,6.4,0.19
8.443685113,11.15160057,6.984839186,0.243639043,,8.56,10.5,3.8,0.2
8.450607466,9.335833406,6.322735832,0.312249561,,8.56,8.51,4.5,0.21
8.456810341,10.9826189,6.981663445,0.248406324,,8.31,10.5,4.9,0.2
8.510696609,9.857638774,6.952053438,0.301672693,,8.57,9.62,6.4,0.21
8.465757401,8.849751425,6.245939795,0.336155652,,8.48,8.25,5.3,0.24
8.475576456,10.26625044,6.856263443,0.280033145,,8.65,9.66,4.9,0.22
8.431896058,6.075606338,4.887016261,0.455996211,,8.05,3.49,4.6,1.22
8.460168459,12.03690903,7.589140973,0.227206545,,8.79,12.8,4,0.2
8.425886039,9.965098484,6.405627037,0.284661054,,8.78,8.77,2.9,0.22
8.473602035,10.9330815,7.130122045,0.257829637,,8.82,10.4,4.3,0.23
8.534129386,10.81310528,7.547254509,0.272656366,,8.85,10.9,6.5,0.22
8.531632763,6.962619198,6.02418283,0.455989242,,8.38,7.42,8.4,1.2
8.475776495,7.910470177,5.960871006,0.382485261,,8.24,7.61,6.3,0.44
8.499303765,10.41887685,7.083167723,0.277298709,,8.56,10.1,5.9,0.19
8.42892752,5.867616953,4.666133331,0.440267295,,7.67,1.45,4.7,1.14
8.411471054,8.645350173,5.806746309,0.33391798,,8.17,7.86,3.8,0.69
8.425199716,11.93740759,7.26432595,0.222881025,,8.68,12,2.7,0.24
8.478808029,6.666521778,5.4746299,0.446066927,,8.15,5.82,6.8,0.47
8.485159552,5.837368718,5.015056819,0.462385686,,7.8,2.32,6.7,1.15
8.474921631,5.789282919,4.852932535,0.444864093,,7.43,1.31,7.1,0.85
8.464586453,6.281419702,5.146260814,0.447411621,,7.58,4.75,7.6,0.39
8.459815351,9.917741499,6.545973271,0.282819099,,7.94,9.44,6.1,0.21
8.42110941,8.583512334,5.812720496,0.333439136,,8.03,7.7,4.8,0.2
8.417060549,6.1342125,4.788186372,0.440594571,,7.82,3.28,5,0.45
8.442277101,6.022703459,4.855434168,0.445700327,,7.67,3.02,6.3,0.37
8.456048866,8.977629435,6.20124412,0.324863008,,8.19,8.42,5.6,0.27
8.437619834,9.519989103,6.273089179,0.298302869,,8.08,8.92,4.9,0.51
8.449181219,9.259372132,6.253807123,0.310899889,,8.2,8.58,5.3,0.21
8.457198262,6.339971572,5.171827198,0.452485272,,8.11,4.65,6.1,0.43
8.50597303,11.35592395,7.554414409,0.24858253,,8.69,11.5,5.7,0.2
8.478147126,10.06442444,6.791012341,0.287559501,,8.57,9.52,5.2,0.25
8.530461815,11.3963679,7.767629424,0.251466791,,8.67,11.9,6.7,0.2
8.500269701,8.486412855,6.357937091,0.360854175,,8.46,8.27,6.6,0.27
8.451000361,6.317511608,5.127418083,0.452854609,,8.17,4.49,5.7,0.48
8.484354975,8.380978906,6.223200052,0.365428574,,8.57,8.05,5.7,0.45
8.493197042,10.1898122,6.955660814,0.286006992,,8.58,9.85,5.6,0.34
8.51444928,11.07955934,7.497745241,0.259028737,,8.74,11.1,5.9,0.22
8.474152972,9.601640365,6.573841875,0.303802353,,8.45,9.03,5.5,0.18
8.452141469,8.331088896,5.954111983,0.356110786,,8.34,7.67,5.3,0.24
8.490309182,10.28975564,6.957510382,0.27973449,,8.48,9.9,5.8,0.2
8.513862424,11.34456894,7.606864122,0.249807514,,8.64,11.6,6.1,0.21
8.509551081,10.31192715,7.122160905,0.283617006,,8.51,10.2,6.3,0.36
8.505136955,9.01149761,6.586482812,0.33668477,,8.307843137,9.041568627,6.819607843,0.55
8.488665765,9.850171861,6.770937247,0.296079631,,8.4,9.48,6,0.25
8.475328893,11.26825353,7.266598437,0.244860791,,8.52,11.1,5,0.26
8.478428949,11.59819061,7.455812128,0.236862809,,8.56,11.8,5,0.28
8.501043886,11.8871518,7.804163008,0.235490489,,8.66,12.9,5.6,0.34
8.504540705,12.23319846,8.089665995,0.2342889,,8.75,14.7,5.9,0.32
8.486438809,12.21258548,7.893074024,0.22774288,,8.39,14.4,6,0.34
8.464168139,10.28742936,6.731261243,0.271199178,,8.02,9.91,5.9,0.34
8.437168916,9.176658635,6.124123075,0.309595514,,7.96,8.5,5.4,0.25
8.46665371,11.00890883,7.054701393,0.248062871,,8.2,10.7,5.5,0.21
8.474524315,11.53211151,7.361953722,0.23483295,,8.26,11.7,5.6,0.21
8.477247502,11.06042812,7.158386399,0.2484449,,8.22,10.9,5.8,0.24
8.490934167,10.87987755,7.182649165,0.256478969,,8.21,10.8,6.3,0.27
8.47804158,10.68690042,7.005040387,0.260810214,,8.21,10.4,5.9,0.26
8.500739959,10.89870606,7.270248874,0.258035958,,8.27,10.9,6.5,0.26
8.553216006,10.18610287,7.391582184,0.293644099,,8.25,10.7,8.9,0.31
8.534084073,9.241858668,6.88123005,0.330698976,,8.29,9.5,8.1,0.36
8.536926068,10.38007808,7.37413483,0.28735542,,8.59,10.6,7.2,0.41
8.556267433,11.86614398,8.264320487,0.247574072,,8.82,13.7,7.9,0.35
8.542127641,10.25716686,7.359653552,0.292319067,,8.56,10.5,7.6,0.33
8.527506539,8.353793992,6.520173641,0.375378018,,8.52,8.49,7.6,0.37
8.553260213,10.13361732,7.420547302,0.301992254,,8.75,10.5,7.9,0.38
8.527952483,7.614312982,6.250814391,0.416477928,,8.62,7.7,7.7,0.41
8.547031919,8.814876951,6.849792518,0.357795201,,8.6,9.18,8.4,0.35
8.545271905,8.343705763,6.664433291,0.382121648,,8.68,8.68,8.4,0.33
8.526420691,6.217031837,5.583851306,0.480466013,,8.24,5.18,8.6,0.58
8.553375153,9.166929603,7.013434186,0.339518757,,8.28,9.84,9.2,0.55
8.539455293,9.233066839,6.925122434,0.332997873,,8.39,9.48,8.2,0.28
8.514825044,5.910871963,5.276388287,0.474584749,,7.84,3.51,8.3,0.82
8.544931507,6.133961336,5.665222052,0.488022234,,8.15,5.37,10.2,0.74
8.567711669,5.747159243,5.541930496,0.493338543,,8.13,3.64,12.9,1.68
8.555205346,5.900046694,5.583156693,0.49410534,,8.17,4.38,11,0.95
8.497049179,6.274418922,5.422259645,0.47177565,,8.19,5.13,7.1,0.88
8.5551849,6.257027202,5.833719348,0.492210622,,8.41,6.51,12.8,0.85
8.513239097,6.407554372,5.587978489,0.468237832,,8.17,5.62,8.1,0.54
8.489833398,6.482160982,5.457197925,0.456574855,,8.11,5.5,7.3,0.45
8.499930408,6.425900295,5.492985633,0.460850102,,8.07,5.47,7.8,0.42
8.474001008,6.481808914,5.354319287,0.452555456,,8.1,5.35,6.7,0.52
8.447850571,6.442298329,5.170072466,0.447324264,,7.96,5.16,5.9,0.85
8.464337785,7.697155352,5.815880859,0.39304197,,8.15,7.53,5.9,0.89
8.509249364,8.100674095,6.287429483,0.38370452,,8.26,8.36,7.2,0.81
8.512519619,9.329374439,6.765657161,0.324625577,,8.42,9.33,6.8,0.47
8.452136495,7.140101506,5.501119017,0.415461505,,7.94,6.72,6.1,0.86
8.447281399,8.485014454,5.976954251,0.347672039,,8,8.27,5.5,0.88
8.431896058,9.151251608,6.100901973,0.31265847,,8,8.61,4.9,0.63
8.41605538,10.78419293,6.584293883,0.245396877,,7.78,10.1,4,0.53
8.433730672,9.928149989,6.414348919,0.283570714,,8.26,9.22,4.2,0.55
8.434465071,10.75357398,6.773540894,0.257523266,,8.35,10.4,3.5,1.08
8.47006764,11.93734836,7.621995414,0.232292391,,8.64,13,4.2,0.94
8.463308854,12.08654184,7.665846788,0.229022617,,8.71,13.4,4,0.76
8.443558016,10.28668354,6.655891854,0.276203641,,8.44,9.88,3.8,1.02
8.414859565,8.984668602,5.971186142,0.322690292,,8.23,8.42,3.5,1.09
8.474081687,7.746298452,5.922703671,0.396800792,,8.124615385,7.991153846,5.942307692,1.436346154
8.438414465,9.60326251,6.327474069,0.297504962,,8.23,9.01,4.5,0.63
8.485325883,10.88059047,7.197171965,0.26177487,,8.46,11,5.1,0.96
8.527620926,10.61826909,7.445405744,0.282320594,,8.66,11.2,6.1,1.25
8.493941939,9.812279034,6.848186962,0.305489007,,8.5,9.94,5.4,1.16
8.534746634,11.93808869,8.201639198,0.249958334,,8.69,14.6,6,2.15
8.484189196,8.268131239,6.265731917,0.385364544,,8.33,9.28,4.9,2.75
8.476730273,6.4390332,5.544997047,0.498287008,,8.36,7.36,3.8,4.64
8.512625717,5.830814879,5.509089897,0.54678311,,8.3,6.55,4.3,8.35
8.512755025,5.85322823,5.458663021,0.529994217,,8.23,5.75,4.6,6.5
8.520552135,5.784454322,5.42418457,0.523168456,,8.18,4.84,4.8,6.4
8.513149577,5.888553484,5.474821111,0.527161723,,8.16,5.97,5.1,6.07
8.498600865,6.938794284,5.939462562,0.481860234,,8.18,9.2,5,5.21
8.448272753,7.996230543,5.889183837,0.386052446,,8.2,8.47,4.3,2.34
8.441874812,9.053365186,6.191193501,0.327310984,,8.3,8.88,4.2,1.34
8.462337393,9.883522901,6.634116368,0.295165747,,8.31,9.84,4.7,1.27
8.490239555,8.510609579,6.331765292,0.363365615,,8.505,8.555,5.7,0.985
8.421392339,9.948765161,6.374308948,0.285166279,,8.58,9.05,2.9,0.7
8.508827182,11.81782073,7.847035259,0.240339402,,8.81,12.8,5.4,0.52
8.520178581,10.34747505,7.244589192,0.287385285,,8.75,10.3,6.1,0.44
8.481751148,7.437505745,5.843966817,0.412730056,,8.5,6.99,6,0.45
8.457763567,7.358924385,5.63550593,0.407730073,,8.19,6.88,5.8,0.65
8.44769916,6.976925662,5.388362003,0.419027446,,7.79,6.39,6.4,0.72
8.492871563,12.15148578,7.905911811,0.229891205,,8.48,14.1,5.9,0.4
8.428673326,7.76102334,5.578977735,0.376616192,,8.01,7.1,5.2,0.52
8.463441477,8.745037516,6.179577311,0.338662612,,8.24,8.33,5.7,0.42
8.431754594,7.292577663,5.424147148,0.401313968,,8.08,6.44,5.3,0.43
8.469371923,11.4929497,7.325039767,0.237182868,,8.39,11.6,5,0.4
8.433083584,9.372702933,6.189174765,0.303585828,,8.14,8.64,4.7,0.39
8.455368069,6.273750432,5.098168454,0.448130135,,7.7,4.62,6.9,0.53
8.442905954,7.694123838,5.629984395,0.380446194,,7.79,7.3,6.2,0.58
8.511922817,10.16498098,7.069744513,0.288198872,,8.32,10.2,6.8,0.46
8.464607452,6.342365854,5.225330877,0.455629114,,8.1,4.83,6.3,0.57
8.525663636,10.55182366,7.339854254,0.277006525,,8.45,10.7,7,0.37
8.586626984,5.647831645,5.493276807,0.47329879,,7.66,1.89,14,1.81
8.607875354,5.58873193,5.485616068,0.452769492,,7.42,0.32,17.2,2.77
8.549847389,5.78980444,5.423853411,0.483214137,,7.82,3.15,9.9,1.19
8.51544174,5.725332123,5.050430322,0.452483779,,7.21,1.36,8.6,1.35
8.508534859,10.47432482,7.104739183,0.268582711,,7.72,10.7,8.1,0.31
8.470498663,7.434875655,5.707370469,0.399054642,,7.77,7.21,7.3,0.48
8.502383928,9.862359337,6.856598191,0.295467637,,8.09,9.85,7.1,0.4
8.48410686,9.547487699,6.605925833,0.305344906,,8.11,9.35,6.5,0.41
8.447602456,7.982894185,5.779947564,0.369316814,,8.06,7.45,5.8,0.37
8.438061909,6.482809182,5.097827043,0.436385277,,7.72,5.1,6.3,0.54
8.521445128,9.29446377,6.78548773,0.323138026,,8.07,9.51,8,0.4
8.484899833,10.91423544,7.152183066,0.25437818,,8.2,10.8,6.1,0.29
8.428003581,11.20546478,6.867813504,0.23652956,,8.16,10.6,3.9,0.29
8.373883565,7.179158022,5.010164793,0.388783398,,7.8,5.44,2.6,0.38
8.373526589,6.840397309,4.871756299,0.40386697,,7.71,4.89,2.7,0.49
8.374118418,7.532737947,5.130441573,0.36959531,,7.54,6.1,2.7,0.55
8.398868028,8.341614194,5.564728679,0.336550375,,7.5,7.62,4.6,0.66
8.427552111,9.43091151,6.121170328,0.293196615,,7.5,8.93,5.8,0.46
8.461181365,9.794078982,6.534593916,0.291120216,,8.013333333,9.512037037,5.774074074,0.606111111
8.445222431,9.536435395,6.29556748,0.294331504,,7.5,9.45,6.3,0.85
8.489058108,8.266635773,6.210881559,0.371655781,,7.76,9.12,6.9,1.9
8.547782895,11.58565107,8.023975056,0.251253502,,8.59,12.9,7.5,0.67
8.553023703,11.59770583,8.087519101,0.253298293,,8.85,12.8,7.4,0.44
8.483077376,12.06233909,7.751719447,0.227680162,,8.31,13.6,5.8,0.48
8.443369581,12.33896912,7.659276925,0.220314334,,8.13,14.9,5.1,0.53
8.420311464,11.56460486,6.972915418,0.224776738,,7.89,11.4,3.8,0.56
8.402915784,10.14193533,6.249588181,0.265710396,,7.69,9.32,3.5,0.74
8.415898443,11.03564955,6.700832566,0.238853345,,7.77,10.6,3.8,0.81
8.418983026,11.35676409,6.862603136,0.22981903,,7.86,11,3.8,0.59
8.417349556,11.69640991,7.006020022,0.220004977,,7.87,11.5,3.7,0.3
8.427989214,11.92026813,7.21704252,0.218175466,,8,12.3,4.2,0.32
8.440771281,11.84595217,7.273479467,0.222058728,,8.11,12.2,4.6,0.3
8.465782268,11.94331816,7.524821832,0.224899933,,8.23,12.8,5.4,0.28
8.485247967,10.53340644,7.014219535,0.269527954,,8.41,10.2,5.7,0.27
8.488558562,12.36747018,8.073770884,0.231785425,,8.53,15.8,6.2,0.25
8.480406686,12.46816492,8.163504158,0.237387695,,8.59,17.4,6.3,0.25
8.538981167,11.47615902,7.892194352,0.252349566,,8.78,12.2,6.8,0.29
8.552168839,10.59067398,7.607762249,0.285104805,,8.9,10.9,7.4,0.29
8.542662,9.307805064,7.026816386,0.337167346,,8.89,9.44,7.3,0.34
8.550199391,10.13750652,7.417614547,0.303827241,,9.02,10.3,7.2,0.29
8.482010868,6.596409244,5.504479817,0.458891671,,8.77,5.31,5.6,0.27
8.478165914,6.234447687,5.276812232,0.467846096,,8.53,4.26,5.9,0.3
8.437966863,7.51441725,5.569622243,0.395450374,,8.41,6.6,4.8,0.3
8.400348429,7.146846734,5.180364533,0.402030491,,8.21,5.71,3.8,0.31
8.464563244,11.18223268,7.147156219,0.245685079,,8.47,10.9,4.7,0.34
8.517420581,11.1289728,7.517976687,0.255193508,,8.42,11.4,6.7,0.3
8.459146711,10.08670782,6.636228915,0.280037127,,8.23,9.54,5.3,0.32
8.44698134,10.99835228,6.898056609,0.244269454,,8.02,10.6,5.1,0.32
8.40333023,9.144333088,5.871868229,0.302004698,,7.66,8.19,4.3,0.34
8.429203264,8.77714206,5.938798194,0.327003867,,8.04,8.03,5,0.3
8.498794826,6.84665008,5.718748799,0.448596535,,8.62,6.1,6.6,0.25
8.47793493,10.95649677,7.13177015,0.253324426,,8.36,10.7,5.5,0.26
8.414110246,7.311114427,5.306094156,0.393199013,,7.92,6.29,5,0.36
8.428146151,8.11609928,5.687522983,0.356182463,,7.93,7.4,5.4,0.29
8.441929519,10.44777714,6.628595858,0.260827387,,7.96,9.83,5.2,0.26
8.453643421,6.051080579,4.912630832,0.442050514,,7.19,3.64,7.9,0.39
8.418295598,6.723393923,5.030457242,0.40949836,,7.04,5.69,7.1,0.44
8.4089783,8.122723314,5.515660272,0.343136216,,7.18,7.56,6,0.47
8.428133994,6.153412819,4.856938224,0.441639366,,7.29,4.21,6.3,1.19
8.474692857,5.883791791,4.971829315,0.457346878,,7.1,3.45,7.6,1.96
8.500668122,6.52249635,5.588488555,0.466122856,,7.37,7.31,8.1,2.75
8.492318416,6.379090057,5.430513496,0.463258008,,7.4,6.37,8.1,1.99
8.435104423,6.474889846,5.095530974,0.440098555,,7.55,5.55,6.1,1.35
8.516476197,9.948220059,6.962001531,0.290326789,,7.68,10.3,8.5,0.46
8.479452907,10.26804588,6.794454137,0.269802717,,7.54,10.3,7.5,0.42
8.46027732,11.83329856,7.349048781,0.21943355,,7.53,12.6,6.8,0.16
8.430826235,11.64070968,7.011494395,0.217391247,,7.24,11.8,5.8,0.25
8.395163433,7.991207816,5.459492456,0.359016202,,7.64,7.55,4,1.34
8.376407818,6.899211311,4.931409485,0.405835107,,7.69,5.44,3,1.02
8.408515778,7.471490727,5.365071183,0.389980258,,7.77,7.09,4.5,1.41
8.414270499,7.245434002,5.283982384,0.396896611,,7.66,6.6,5.3,0.9
8.515385375,9.066132313,6.689502424,0.337239272,,8.44875,9.072321429,6.953571429,0.416607143
8.47419939,11.52390207,7.339957292,0.233450426,,7.99,11.9,6.1,0.4
8.52206956,12.4206829,8.482237855,0.247131067,,8.72,17.9,7.8,0.33
8.536467967,12.16721258,8.310692974,0.24119256,,8.65,15.1,7.3,0.66
8.547512124,12.08461918,8.35475709,0.245013851,,8.71,14.9,7.6,0.86
8.52720648,11.82657636,7.989858008,0.24224731,,8.72,13.1,6.4,0.45
8.502788427,9.162025328,6.647599043,0.3325922,,8.48,9.17,6.2,0.71
8.46862813,9.796781461,6.600623191,0.29391936,,8.24,9.4,5.6,0.44
8.479012489,10.03029468,6.762083106,0.28628947,,8.25,9.71,5.9,0.39
8.494742096,11.02373517,7.28647258,0.253793065,,8.34,11,6.1,0.28
8.507305336,11.18616575,7.466768051,0.251917511,,8.42,11.4,6.3,0.34
8.523758842,12.12071657,8.14847693,0.236973062,,8.68,14.3,6.7,0.29
8.506038789,12.01905227,7.918326678,0.233398162,,8.58,13.5,6.1,0.27
8.519270116,12.0266486,8.040684222,0.236599246,,8.68,13.7,6.4,0.27
8.545706244,10.65162561,7.557165693,0.278847982,,8.49,11.2,7.7,0.59
8.557897588,11.14794937,7.900871123,0.266786301,,8.71,12.1,7.9,0.64
8.497095597,7.568642852,6.004822855,0.410155401,,8.24,7.74,6.8,1.01
8.530897812,11.73529642,7.956025983,0.243639043,,8.68,12.8,6.7,0.3
8.547628168,11.60678502,8.033577123,0.250653703,,8.76,12.7,7.3,0.34
8.533115927,6.344078484,5.717843495,0.481633754,,8.48,5.63,8.7,0.51
8.506545518,7.972862989,6.167888327,0.380850871,,7.91,8.09,8.2,0.34
8.45625222,6.232054502,5.06275958,0.445556724,,7.52,4.48,7.4,0.41
8.484803681,6.153790114,5.262286355,0.469275658,,8.33,4.14,6.5,0.4
8.531182951,6.111705374,5.581924331,0.49077011,,8.73,4.49,8,0.34
8.548234365,5.931254617,5.575218622,0.49643908,,8.73,3.83,9.4,0.32
8.543819686,6.639732803,5.961169356,0.475141492,,8.85,6.39,9.3,0.22
8.547002631,6.040731315,5.64178462,0.495163574,,8.66,4.57,9.7,0.33
8.50861388,6.282950814,5.520206273,0.478163383,,8.64,4.86,6.9,0.38
8.495866627,7.298706498,5.886612486,0.423764862,,8.12,7.51,7,1.17
8.503607373,9.819952142,6.857075962,0.298376537,,8.14,9.83,7,0.46
8.490254475,6.974950352,5.694828983,0.435513702,,8.3,6.44,6.9,0.38
8.457328122,7.214515083,5.577181993,0.415383606,,8.35,6.45,5.6,0.38
8.50163903,8.369484051,6.345053168,0.370290429,,8.65,8.13,6.2,0.35
8.519393897,6.382520252,5.644943444,0.476924711,,8.51,5.5,7.7,0.54
8.498071479,6.657782595,5.628335265,0.457702527,,8.53,5.83,6.7,0.41
8.49372919,7.10933833,5.807499362,0.435864871,,8.7,6.52,6.1,0.37
8.489527261,6.79319826,5.616941557,0.445697341,,8.4,6.02,6.7,0.32
8.44594854,6.928452698,5.384445512,0.426461219,,8.34,5.83,5.3,0.33
8.512324001,9.56142674,6.825328801,0.310906609,,8.29,9.45,7.2,0.18
8.476016321,7.757392981,5.895407674,0.388713961,,8.22,7.35,6.5,0.26
8.404022078,6.716667888,5.044924678,0.427233989,,8.33,5.01,3.6,0.55
8.425856198,6.833907631,5.235393799,0.429217058,,8.39,5.56,4.3,0.63
8.40454649,6.914035458,5.141401597,0.420244466,,8.42,5.44,3.4,0.62
8.394141686,7.797788124,5.414623,0.373573395,,8.4,6.62,2.8,0.62
8.370255229,6.967944638,4.931380265,0.402636512,,7.92,5.2,2.1,0.76
8.528099473,9.180052088,6.815594988,0.332790059,,8.29,9.41,7.8,0.44
8.573137043,10.57429788,7.737464239,0.285242436,,8.54,11.4,9.9,0.19
8.582040448,11.70160428,8.365909862,0.253288836,,8.68,13.9,11.3,0.14
8.573716162,11.68670336,8.289849961,0.252562109,,8.7,13.5,9.7,0.2
8.573782474,11.38415301,8.11763251,0.259074282,,8.67,12.6,9.6,0.04
8.54461708,12.08328329,8.290036046,0.240508889,,8.69,14.4,7.8,0.1
8.539570233,10.82432649,7.573481673,0.270683003,,8.6,11.1,7.3,0.23
8.505703364,10.51720473,7.162286486,0.273712609,,8.41,10.4,6.4,0.28
8.481807513,8.941662563,6.373375961,0.332407781,,8.147692308,8.763076923,6.45,0.465384615
8.460428178,9.588931916,6.452299412,0.29918639,,8.11,9.15,5.7,0.4
8.448625309,9.078449209,6.189222952,0.319283634,,8.01,8.73,5.5,0.66
8.461998652,12.10503693,7.608984871,0.22292433,,8.23,13.5,5.3,0.4
8.453521298,12.40312995,7.82031751,0.224956179,,8.37,15.6,5.3,0.32
8.514041465,12.33657484,8.266446363,0.237498446,,8.57,16.1,7,0.4
8.448906027,10.0939137,6.606811657,0.282918899,,8.35,9.72,4.3,0.93
8.446612759,9.237562561,6.287586861,0.319689307,,8.25,9.15,4.4,1.39
8.479009174,9.140340791,6.452212778,0.326635525,,8.2,9.15,5.9,0.93
8.457057903,9.196697995,6.288650567,0.315578818,,8.07,8.83,5.7,0.53
8.47510454,10.65913859,6.966389129,0.260648691,,8.19,10.3,5.9,0.18
8.458768736,10.49580097,6.776094815,0.262976707,,8.14,9.93,5.5,0.14
8.464386414,9.216551449,6.32556196,0.313159215,,8,8.78,6.3,0.21
8.488405493,10.39790413,6.949064294,0.270982653,,8.13,10.1,6.6,0.09
8.517494076,10.63381492,7.280125711,0.26914916,,8.3,10.6,7.2,0.05
8.506633381,10.93957118,7.328658933,0.257174089,,8.32,10.9,6.7,0.07
8.491290038,10.16919154,6.890555298,0.281215072,,8.23,9.84,6.5,0.11
8.511201128,10.86940764,7.334291196,0.260340579,,8.29,10.9,6.9,0.14
8.48429861,9.24737111,6.492893024,0.317764724,,8.22,8.86,6.5,0.12
8.504229594,9.524195274,6.753981506,0.311375995,,8.35,9.28,6.8,0.14
8.508663061,9.839604337,6.909013557,0.299346917,,8.39,9.61,6.8,0.12
8.531005016,10.97921667,7.556519779,0.262126785,,8.49,11.2,7.2,0.12
8.50508059,8.71393324,6.468763542,0.349567503,,8.39,8.55,6.9,0.23
8.469920097,8.937911558,6.293357534,0.330940638,,8.39,8.35,5.7,0.12
8.444793617,7.669553659,5.650485997,0.385222434,,8.24,6.85,5.5,0.13
8.491827712,9.893003512,6.803358003,0.294017418,,8.39,9.49,6.2,0.12
8.482886178,8.820026905,6.333737379,0.337798753,,8.28,8.43,6.4,0.15
8.523570407,10.43431301,7.267244864,0.280017964,,8.48,10.4,7,0.15
8.512263768,8.591368057,6.47552154,0.356937065,,8.41,8.47,7.2,0.17
8.452508392,7.195075664,5.518150115,0.41132588,,8.2,6.34,5.9,0.2
8.448813191,7.714562428,5.684864998,0.382337925,,8.11,7.03,5.9,0.18
8.497639903,6.524313723,5.540625341,0.459152746,,8,6,7.6,0.9
8.536030312,5.936362345,5.509802452,0.496744455,,7.65,5.33,9.2,2.8
8.478050975,6.173473567,5.189672352,0.457923531,,7.63,4.63,7.7,0.72
8.440472327,6.089573348,4.869947741,0.440952459,,7.36,3.62,7,0.45
8.433731778,6.386056287,4.986392614,0.430708591,,7.34,4.78,7.1,0.31
8.443268456,5.90763206,4.736184698,0.435124206,,7.15,2.23,7.2,0.4
8.428087576,6.07313912,4.770501671,0.434249396,,7.12,3.46,6.9,0.56
8.445584933,6.490488323,5.108845507,0.429840999,,7.35,5.23,7.6,0.26
8.420000905,6.615776823,5.016610087,0.419274086,,7.18,5.57,6.7,0.75
8.453722442,8.709326194,6.021228032,0.326471763,,7.41,8.47,7.4,0.25
8.432090571,6.887176837,5.217568125,0.412322143,,7.49,6.02,6.7,0.43
8.511272966,7.393548793,6.032049646,0.422366161,,8.57,7.15,7.1,0.29
8.502070054,6.668505862,5.680027824,0.462382949,,8.55,6.12,6.6,0.82
8.509653311,6.244980114,5.530500903,0.485147182,,8.5,5.26,6.8,1.23
8.514063569,8.193731921,6.387292834,0.385023829,,8.53,8.47,6.7,0.94
8.550772432,10.6301034,7.604116426,0.282327314,,8.71,11.1,7.6,0.47
8.516021412,10.3587829,7.209308475,0.285264337,,8.6,10.4,6.2,0.57
8.500159182,10.01942115,6.959738271,0.29630188,,8.54,10,5.7,0.79
8.505709443,10.34346082,7.138119582,0.285694649,,8.55,10.5,5.7,0.96
8.494418828,11.05883339,7.327679297,0.255671356,,8.45,11.2,5.6,0.65
8.484946251,10.93188162,7.159109719,0.25370098,,8.21,10.8,6.1,0.25
8.489120551,12.30989115,8.03909507,0.232647791,,8.69,15.2,5.5,0.5
8.495323979,8.403838649,6.299649551,0.365105031,,8.508269231,8.1575,6.284615385,0.347884615
8.504374374,12.34831921,8.192616914,0.235302585,,8.61,15.9,6.6,0.25
8.483055272,12.35321307,8.021884552,0.23116472,,8.68,15.4,5.6,0.21
8.450910288,12.19553486,7.606101329,0.222017663,,8.49,13.6,4.5,0.19
8.43841557,11.86076973,7.290783796,0.223907403,,8.46,12,3.8,0.18
8.425746232,10.36638691,6.526030949,0.265831352,,8.45,9.3,3.5,0.18
8.410637741,9.904926662,6.252005742,0.280681724,,8.39,8.72,3,0.3
8.422339486,11.14615613,6.828315382,0.240160707,,8.39,10.4,3.1,0.4
8.450076422,12.20034974,7.620210437,0.223447225,,8.63,13.6,4.1,0.28
8.444514005,11.91921851,7.389358908,0.225659263,,8.67,12.2,3.6,0.21
8.409364563,10.11740135,6.325850058,0.272838048,,8.48,8.82,2.7,0.2
8.414875037,10.62381663,6.554030273,0.255201721,,8.5,9.37,2.8,0.08
8.429727677,9.796227584,6.347064727,0.289179456,,8.58,8.68,3.6,0.13
8.446392826,9.293322017,6.306925818,0.317288618,,8.73,8.51,3.8,0.5
8.428361663,7.455995896,5.504543896,0.39955041,,8.6,6.37,4,0.36
8.419129464,8.298982158,5.737067111,0.352365901,,8.41,7.31,3.9,0.33
8.43794918,9.469028082,6.269525377,0.302178416,,8.31,8.69,4.5,0.35
8.419642824,9.076559449,5.98829721,0.312832188,,8.15,8.11,4.3,0.22
8.464114537,10.65959814,6.930738806,0.26383982,,8.67,9.98,4.4,0.19
8.467997067,9.030700123,6.352716983,0.332069803,,8.81,8.26,4.6,0.17
8.480603962,10.73510522,7.08736411,0.264475707,,8.74,10.2,4.8,0.16
8.486863754,10.8392998,7.177391121,0.26189259,,8.74,10.4,5,0.15
8.485461822,9.895073145,6.792129361,0.29722348,,8.76,9.28,5.1,0.15
8.498755591,9.16360086,6.61816333,0.331651437,,8.78,8.69,5.7,0.14
8.490616977,7.604940954,5.976669229,0.407190005,,8.75,7.01,5.9,0.12
8.503195137,6.209283051,5.435328628,0.477380907,,8.63,4.43,6.7,0.25
8.521072679,6.062211851,5.473075606,0.487046628,,8.73,3.95,7.3,0.2
8.521561173,5.998851674,5.429105815,0.486680278,,8.79,3.44,7.2,0
8.540853358,5.931983979,5.525966181,0.494830574,,8.79,3.55,8.4,0.28
8.543973307,6.157179179,5.69605468,0.492443076,,8.73,4.97,9.4,0.22
8.551836729,5.886200331,5.527918275,0.488333333,,8.29,3.61,10.2,0.22
8.545606777,5.97859186,5.537208151,0.4835332,,8.01,4.29,10.3,0.28
8.552273279,6.00461528,5.63791324,0.493196433,,8.48,4.54,10.6,0.26
8.550932132,5.993400104,5.637507237,0.496746197,,8.69,4.41,10.2,0.3
8.544027462,5.905437393,5.511277288,0.491680261,,8.63,3.41,8.9,0.18
8.52814147,5.965296632,5.432370754,0.484499847,,8.41,3.64,8.2,0.26
8.524747434,6.038428066,5.466194065,0.484661868,,8.46,4.05,8,0.3
8.519236407,5.932666179,5.346743644,0.481569295,,8.4,3.26,7.6,0.33
8.512354946,5.902085618,5.248061905,0.472608648,,8.11,2.94,7.9,0.21
8.531630553,7.307417713,6.133659014,0.430189927,,8.42,7.4,8.5,0.32
8.527016388,5.998030182,5.445135747,0.483530961,,8.27,4,8.4,0.44
8.518232343,7.153813513,5.977602215,0.435866862,,8.47,6.97,7.7,0.33
8.505183372,6.762715312,5.730763303,0.45567665,,8.47,6.3,7,0.65
8.495528991,6.848388485,5.721119712,0.452581091,,8.41,6.67,6.4,1.2
8.509180842,7.043832842,5.90539524,0.446989522,,8.42,7.23,6.9,1.29
8.558759083,6.912695735,6.180643581,0.461471304,,8.48,7.99,13,0.61
8.50656928,6.348188686,5.523136464,0.471223635,,8.1,5.6,7.7,0.96
8.488229768,8.134245041,6.145329543,0.376405391,,8.22,8.18,6.5,0.8
8.450813584,6.912338732,5.402106632,0.427183467,,8.14,6.06,5.8,0.55
8.507034565,11.33242204,7.552748875,0.249578545,,8.54,11.7,5.9,0.51
8.524074374,12.33605167,8.395809505,0.244077817,,8.95,16.3,6.6,0.55
8.486795233,12.46037006,8.204269501,0.238179629,,8.39,17.7,6.8,0.57
8.45321516,12.46443256,7.903407102,0.228260549,,8.22,16.8,5.8,0.57
8.463469107,8.320372209,5.997356915,0.354323585,,7.937115385,8.009615385,6.553846154,0.352115385
8.456147227,12.02318825,7.506303595,0.222594316,,8.1,13.2,5.2,0.58
8.507956293,11.95536635,7.868660033,0.232293636,,8.17,13.6,6.9,0.57
8.512532881,12.29022689,8.181868094,0.233835691,,8.23,15.8,7.4,0.64
8.517316141,11.79258919,7.845005246,0.236726174,,8.14,13.2,7.2,0.64
8.523391367,12.06456775,8.077256254,0.234613937,,8.19,14.4,7.5,0.68
8.48660514,12.46427681,8.193337672,0.236888692,,8.12,18,7.4,0.68
8.501605322,12.35960732,8.15894893,0.232803589,,8.14,16.4,7.4,0.62
8.494786857,8.947322522,6.468277569,0.334740276,,8.06,9.02,7,0.62
8.482995039,11.46612563,7.386943397,0.237256536,,7.98,12,6.3,0.62
8.454927098,9.736328861,6.461925573,0.291374819,,7.9,9.47,5.8,0.66
8.452396767,9.315995855,6.290775418,0.308313786,,7.92,9.01,5.8,0.62
8.452989149,7.834065935,5.762601198,0.378296126,,7.97,7.49,6.1,0.58
8.444443272,8.375012396,5.906983879,0.350490098,,8.07,7.89,5.5,0.49
8.435250308,8.109803185,5.751799577,0.361453974,,8.1,7.48,5.2,0.44
8.423530327,8.216736988,5.703866132,0.352002537,,7.9,7.62,5.1,0.57
8.421784681,7.667101247,5.48338049,0.376622912,,7.91,6.83,5.3,0.3
8.415939335,8.77996025,5.829950495,0.320771434,,7.78,7.95,5,0.25
8.421657584,7.466406032,5.40334412,0.385731641,,7.91,6.51,5.4,0.19
8.420049534,7.142565434,5.284899991,0.404469009,,8.15,5.87,4.9,0.11
8.42443382,7.889678971,5.589311839,0.367605272,,8.12,6.92,5,0.09
8.463853713,10.37525004,6.757953361,0.267316912,,8.05,9.9,5.9,0.17
8.446272361,8.630674092,5.973461192,0.333102651,,7.8,8.11,6.3,0.18
8.484149962,8.264445493,6.113795636,0.360581652,,7.97,8.04,7.3,0.16
8.482088231,6.425391936,5.368281783,0.454700297,,8.14,5.08,7.1,0.17
8.479633053,6.349089147,5.306268962,0.455361569,,8.05,4.85,7.2,0.17
8.458842232,5.920766061,4.870336315,0.446476084,,7.52,2.5,7.1,0.34
8.404904019,6.020794504,4.59288059,0.42572827,,7.15,2.44,5.3,0.45
8.441902442,5.900649926,4.745194166,0.439595321,,7.34,2.19,6.5,0.71
8.451790018,5.805940342,4.70435808,0.434149097,,7.32,0.94,6.5,0.7
8.408165986,6.008741385,4.606803102,0.42733155,,7.3,2.26,5.3,0.26
8.405191368,6.417719376,4.840378232,0.423671532,,7.55,4.27,5.4,0.15
8.401227054,7.090661177,5.112290379,0.394981734,,7.64,5.75,5.1,0.14
8.392903321,6.581332288,4.840971858,0.413442348,,7.5,4.55,4.8,0.13
8.440819357,6.28818193,4.989163378,0.437851922,,7.5,4.42,7,0.25
8.398533708,6.621464751,4.90251921,0.415591171,,7.66,4.7,4.9,0.11
8.400502603,6.178681651,4.675330934,0.425826577,,7.4,3.18,5.1,0.14
8.451614846,6.238030884,5.036368888,0.443923579,,7.64,4.26,7.1,0.17
8.44754996,6.374566367,5.07719062,0.437384278,,7.56,4.76,7.2,0.18
8.442914243,6.207834198,4.965121042,0.442026871,,7.6,4.06,6.8,0.24
8.461660464,5.91113903,4.909871346,0.453732406,,7.43,3,6.8,1.31
8.455615079,7.379314717,5.561708777,0.393545204,,7.66,6.82,7.3,0.09
8.482690007,7.033715,5.64770293,0.426436082,,8.13,6.45,7.1,0.23
8.530240225,6.853356921,5.918597506,0.451740377,,8.34,6.64,8.8,0.2
8.510508175,6.301987712,5.500548973,0.468588254,,8.18,5.06,8.1,0.21
8.511008825,8.41780511,6.379692585,0.361667014,,8.14,8.42,7.8,0.2
8.51906234,8.831499277,6.59551381,0.343883102,,8.19,8.87,7.9,0.17
8.509936792,8.627964484,6.453880362,0.35185321,,8.26,8.49,7.5,0.07
8.492850012,8.603636146,6.330535493,0.350849231,,8.31,8.33,6.7,0.19
8.540969955,12.01814303,8.211226912,0.240243086,,8.67,14,7.5,0.16
8.53380446,12.33205389,8.429296018,0.241398135,,8.59,16.5,8.2,0.12
8.55040993,12.29280434,8.552213354,0.24600464,,8.71,16.6,9,0.26
8.564754182,11.301904,8.004298275,0.260257453,,8.57,12.4,8.8,0.33
8.481605816,8.916142568,6.361276874,0.3333361,,8.113673469,8.770408163,6.508163265,0.499795918
8.52793701,11.3287533,7.704162786,0.251899592,,8.34,12.1,7.1,0.62
8.517561493,11.91908908,7.922479492,0.234417073,,8.3,13.4,7.1,0.31
8.47437843,11.98020853,7.6211019,0.226427553,,8.26,13.1,5.6,0.39
8.463438161,12.04643241,7.577824672,0.22355723,,8.25,13.2,5.3,0.33
8.417400395,12.36233503,7.496381133,0.217233956,,8.34,14.4,3.6,0.29
8.397898224,12.46876157,7.475228492,0.217344707,,8.3,15.3,3,0.34
8.40451444,10.56268183,6.44615657,0.254079276,,8.14,9.46,2.7,0.43
8.421900726,10.1177238,6.400258778,0.273739488,,8.25,9.22,3.7,0.45
8.433055954,11.33895559,6.975213537,0.234611946,,8.25,10.9,3.9,0.36
8.424273567,10.29699332,6.470287077,0.265856986,,8.16,9.4,4,0.32
8.402267038,8.387470777,5.626292436,0.338990884,,7.98,7.35,4,0.32
8.41572548,9.80653188,6.213833281,0.280834038,,8.01,8.81,4.1,0.25
8.416352675,10.19479928,6.371086557,0.267458275,,8.08,9.21,3.8,0.31
8.406100939,8.060536697,5.543186952,0.356606802,,8.09,7.02,4.1,0.31
8.414791043,8.020283588,5.590638012,0.361688916,,8.19,7.04,4.3,0.3
8.428545124,7.423641285,5.449377246,0.393016335,,8.1,6.5,5.2,0.28
8.426990123,6.928581022,5.234454149,0.415291023,,7.97,5.75,5.5,0.28
8.439002425,6.399453517,5.074058452,0.442157532,,8.01,4.58,5.8,0.27
8.465430818,6.429086456,5.259679633,0.449428787,,8,5.07,6.7,0.39
8.499740315,6.178893879,5.374843444,0.472796054,,8.12,4.74,7.4,0.74
8.516863013,6.769073376,5.783146373,0.451911854,,8.34,6.25,8.1,0.15
8.531463669,6.205577014,5.63376504,0.486980675,,8.62,4.97,8.3,0.37
8.531068012,6.202277885,5.596839294,0.479795035,,8.25,5.04,9,0.29
8.547953094,5.807067837,5.545585034,0.510978851,,8.09,4.95,9.8,3.81
8.552340696,6.131794089,5.746267789,0.49674321,,8.56,5.64,11.4,0.72
8.539560839,5.854550405,5.398508996,0.480213401,,8.07,3.09,9.3,0.3
8.530821554,5.903080402,5.374087315,0.477970502,,7.95,3.48,9.1,0.41
8.507164977,6.04136087,5.305592804,0.469852311,,7.84,4.12,8.4,0.44
8.503126063,9.755673956,6.796329337,0.296690381,,7.73,9.99,7.9,0.55
8.529493117,6.890852164,5.936947601,0.451036546,,8.4,6.7,8.6,0.25
8.473742947,7.429500311,5.718596036,0.398560617,,7.71,7.22,7.6,0.4
8.444321702,8.199213653,5.813307457,0.354116268,,7.76,7.8,6.3,0.41
8.439837949,7.450579423,5.487595844,0.386313023,,7.51,6.97,6.9,0.38
8.424806821,7.388839747,5.366902296,0.385388686,,7.48,6.72,6.4,0.37
8.469101704,7.710316773,5.807575231,0.385415814,,7.88,7.44,7,0.38
8.474947603,7.517046244,5.765013634,0.395172873,,7.76,7.33,7.5,0.41
8.503437173,7.411979718,5.940514479,0.411287801,,7.99,7.4,8,0.42
8.498042744,6.159939787,5.32881083,0.467525042,,7.91,4.63,7.9,0.56
8.51095025,6.752600761,5.72442156,0.449094293,,8.04,6.45,8.3,0.49
8.519921072,6.198247199,5.516567114,0.476625309,,8.1,5.05,8.5,0.58
8.531940559,6.876130566,5.939578417,0.450735154,,8.1,7.04,9.2,0.62
8.52458055,6.085561308,5.491371875,0.482988653,,8.13,4.72,8.5,0.8
8.510504859,12.44404661,8.381270813,0.242405598,,8.17,18.4,8.4,0.58
8.511369117,12.12873078,8.015136806,0.231025099,,7.87,14.9,7.6,1.06
8.498817482,12.37299468,8.156793322,0.233226186,,8.12,16.6,7.3,0.76
8.456958989,10.85267838,6.957279698,0.255896841,,8.28,10.7,4.6,0.88
8.38412425,12.59752304,7.643595581,0.230474578,,8.59,18.2,3.3,0.26
8.413275828,12.53071457,7.707068884,0.22631058,,8.49,16.9,4.1,0.29
8.464740074,12.29730554,7.819835125,0.226761549,,8.69,14.5,4.7,0.26
8.406171671,6.442265425,4.642790222,0.378988757,,4.309705882,4.200294118,5.079411765,0.202058824
8.45362408,9.093755393,6.273831467,0.326053397,,8.25,8.97,4.8,1.18
8.41373835,7.369196874,5.395792058,0.403450098,,7.73,7.55,4.3,2.36
8.464931825,5.843027032,4.406224922,0.354860915,,0,0,0,0
8.464931825,5.843027032,4.406224922,0.354860915,,0,0,0,0
8.464931825,5.843027032,4.406224922,0.354860915,,0,0,0,0
8.464931825,5.843027032,4.406224922,0.354860915,,0,0,0,0
8.464931825,5.843027032,4.406224922,0.354860915,,0,0,0,0
8.464931825,5.843027032,4.406224922,0.354860915,,0,0,0,0
8.464931825,5.843027032,4.406224922,0.354860915,,0,0,0,0
8.464931825,5.843027032,4.406224922,0.354860915,,0,0,0,0
8.464931825,5.843027032,4.406224922,0.354860915,,0,0,0,0
8.464931825,5.843027032,4.406224922,0.354860915,,0,0,0,0
8.464931825,5.843027032,4.406224922,0.354860915,,0,0,0,0
8.464931825,5.843027032,4.406224922,0.354860915,,0,0,0,0
8.464931825,5.843027032,4.406224922,0.354860915,,0,0,0,0
8.464931825,5.843027032,4.406224922,0.354860915,,0,0,0,0
8.464931825,5.843027032,4.406224922,0.354860915,,0,0,0,0
8.464931825,5.843027032,4.406224922,0.354860915,,0,0,0,0
8.376524968,7.039085408,4.957544887,0.393355309,,7.74,5.14,3,0.16
8.555125773,7.902102255,6.4710673,0.390619877,,7.71,8.57,11.3,0
8.493333533,8.216887247,6.133668241,0.360521423,,7.71,8.14,8.3,0.05
8.523799181,6.487166709,5.623714934,0.451363325,,7.33,6.2,10.6,0.27
8.54278965,6.332641758,5.690261964,0.465228385,,7.47,6,11.4,0.25
8.565840583,6.080380095,5.711354628,0.47928533,,7.58,5.56,13.9,0.07
8.550336435,6.515342021,5.950301606,0.483432653,,8.91,6.4,10.7,0.2
8.551916856,6.425351903,5.936495461,0.492438098,,9.27,6.68,13.3,0.15
8.55370892,5.954203199,5.608022824,0.492802955,,7.99,4.9,11.2,1.1
8.560214064,8.001267529,6.607168447,0.396575308,,8.2,8.86,10.9,0.34
8.584438157,10.80913711,7.927240797,0.278038627,,8.51,12.1,11.7,0.11
8.554076948,8.778468622,6.858763026,0.356141149,,8.34,9.25,9.5,0.15
8.505066775,6.743076279,5.675822209,0.447248605,,8.2,6.08,7.9,0.11
8.545576937,7.517158116,6.306528017,0.419389317,,8.35,7.81,9.6,0.1
8.577251663,10.97373823,7.955871168,0.272929137,,8.68,12,10.1,0.11
8.577456123,11.27883861,8.092622843,0.262346296,,8.56,12.6,10.2,0.16
8.405146608,7.701267199,5.244661632,0.345661344,,6.0596,7.2284,7.872,0.2352
8.555687209,10.0747057,7.416891739,0.304889457,,8.67,10.6,8.2,0.53
8.530084393,9.242181123,6.883215978,0.334531218,,8.33,9.77,7.5,0.97
8.556329324,10.24800871,7.47846011,0.29636186,,8.56,10.8,8.4,0.47
8.541840292,9.902477541,7.195219871,0.303763527,,8.33,10.2,8.2,0.31
8.524972893,10.40210372,7.237818378,0.278222798,,8.05,10.7,7.9,0.4
8.5353462,10.66804449,7.436919671,0.271289024,,8.21,11,8,0.24
8.553090014,11.17221355,7.804173261,0.257672345,,8.21,12,8.8,0.21
8.567425977,10.03301142,7.469930464,0.305517628,,8.52,10.7,9.6,0.26
8.568215635,10.01091778,7.481869098,0.308424288,,8.58,10.8,9.6,0.44
8.583102535,9.901915987,7.539578904,0.31297604,,8.38,11.4,13,0.4
8.572357885,8.74570162,6.973590552,0.358951493,,8.13,9.77,11.9,0.16
8.553757548,6.896088764,6.050962608,0.443993016,,7.64,7.4,11.9,0.17
8.562166934,6.416465202,5.909808982,0.474538457,,7.92,6.78,13.5,0.26
8.554336668,6.901276557,6.058201965,0.44400098,,7.6,7.49,12,0.26
8.547750292,10.61905548,7.418201508,0.264098406,,7.18,11.5,10.9,0.18
8.564188325,6.380483523,5.838429391,0.462314507,,7.12,6.7,14.1,0.12
8.55566621,7.501683575,6.31665348,0.411775853,,7.63,8.25,11.7,0.13
8.444229971,7.716738449,5.501656253,0.354615271,,6.16,7.88,10.1,0.29
8.555324707,6.730654091,6.034870135,0.462453879,,8.27,6.97,11.5,0.08
8.464931825,5.843027032,4.406224922,0.354860915,,0,0,0,0
8.464931825,5.843027032,4.406224922,0.354860915,,0,0,0,0
8.464931825,5.843027032,4.406224922,0.354860915,,0,0,0,0
8.464931825,5.843027032,4.406224922,0.354860915,,0,0,0,0
8.464931825,5.843027032,4.406224922,0.354860915,,0,0,0,0
8.464931825,5.843027032,4.406224922,0.354860915,,0,0,0,0
,,,,,7.960696721,8.462185792,5.853551913,0.462308743