8.288932766,5.497839046,3.80460781,0.43461621,,7.501276596,5.033617021,5.257446809,1.076382979
7.809352182,6.995613127,4.367055842,0.840438959,,7.64,8.18,4.9,1.36
7.955395601,6.900535297,4.146126877,0.702969307,,7.53,8.27,5,1.21
7.388246053,7.697209227,4.861658194,1.304404579,,7.57,9.52,5.4,2.06
7.348672653,7.854614221,4.867537759,1.322562262,,7.64,10.1,5.4,2.12
7.404403208,7.535818636,4.912929507,1.353656187,,7.63,8.59,5.7,2.35
7.461179998,7.434576542,4.869794096,1.319345378,,7.53,8.02,6.4,2.31
7.745030869,6.76345928,4.611530964,1.051155479,,7.36,5.48,6.5,2.06
8.282993075,5.581926329,3.813592387,0.452414991,,7.21,5.47,5.5,1.11
8.044406673,6.013562564,4.2581326,0.738630199,,7.33,3.36,6.9,1.93
7.986846141,6.247549443,4.333602402,0.826293414,,7.35,2.28,6.6,2.15
7.794177239,6.908155007,4.550756857,1.082460463,,7.31,2.03,5.6,2.44
8.081100126,6.039729973,4.204642502,0.731089914,,7.41,1.48,8.2,2.24
8.331398384,5.428765259,3.778930846,0.45577613,,7.32,1.07,6.6,1.63
8.390767553,5.358745478,3.648866919,0.400915712,,7.26,0.84,6.6,1.44
8.343218012,5.354272032,3.747057808,0.425818314,,7.27,2.27,4.6,1.25
8.383904337,5.321790043,3.653978278,0.38885677,,7.28,2.58,6.4,1.2
8.455413247,5.296064128,3.458493455,0.313450554,,7.29,2.85,6.3,0.63
8.421813151,5.30360823,3.530941933,0.329315843,,7.49,3.51,4.9,0.72
8.407792748,5.283925518,3.583219639,0.35177989,,7.43,3.06,5.7,0.92
8.331609658,5.366116313,3.751308691,0.415665403,,7.41,3.85,5.6,1.14
8.37222876,5.316310747,3.67196138,0.388023295,,7.36,3.14,5.7,1.1
8.370020516,5.319141529,3.666402615,0.380320932,,7.41,3.51,4.7,0.97
8.253298353,5.506492508,3.917507269,0.503963813,,7.24,3.69,5.6,1.4
8.315925736,5.414218008,3.794121155,0.4453949,,7.17,3.49,4.9,1.22
8.248520671,5.530713023,3.920706697,0.505871413,,7.17,4.07,5.1,1.33
8.380709612,5.366403441,3.643603205,0.382731241,,7.08,3.7,4.2,0.93
8.468273242,5.334083919,3.409966655,0.297488983,,7.21,3.14,5.2,0.4
8.474168651,5.428167599,3.358548352,0.278779499,,7.37,4.04,4.6,0.32
8.46129105,5.417635199,3.403613934,0.29536046,,7.28,4.25,5.3,0.49
8.459587517,5.465799001,3.392974925,0.291700723,,7.32,4.59,4.8,0.47
8.428434682,5.450089735,3.475815642,0.315201234,,7.39,4.69,4.3,0.6
8.482484112,5.662031616,3.276769819,0.25924304,,7.48,5.36,4.8,0.34
8.469476865,5.751047791,3.291542764,0.265502513,,7.53,5.85,4.9,0.43
8.4514908,5.738016292,3.337789624,0.276541915,,7.65,5.87,5,0.51
8.48657942,5.892784022,3.201649787,0.238906059,,7.78,6.01,4.4,0.29
8.490992707,5.878608059,3.196348522,0.238657676,,7.7,6.01,4.7,0.29
8.488670823,5.879303828,3.201280705,0.23947176,,7.71,5.96,4.2,0.27
8.489502049,6.081062994,3.153393361,0.230526694,,7.78,6.55,4.2,0.25
8.481236739,6.057033298,3.180867454,0.237303222,,7.8,6.5,4.1,0.29
8.478840162,6.114260104,3.175909522,0.237665598,,7.83,6.75,4.8,0.34
8.452631468,6.00499776,3.265410885,0.258406538,,7.91,6.42,4.2,0.42
8.253633405,5.669732784,3.814085927,0.430671549,,7.95,5.67,4.7,0.98
8.204649758,5.964954568,3.855632353,0.468045795,,7.87,6.49,4.7,1
8.288560902,6.37980863,3.586996294,0.384701162,,7.91,7.39,4.7,0.8
8.230466848,5.900420834,3.819179047,0.451037448,,7.8,6.42,4.9,0.99
8.275119369,6.125902315,3.673693062,0.406406607,,7.79,6.98,4.8,0.87
8.155951013,6.308320352,3.88388109,0.50668617,,7.81,7.23,4.8,1.02
8.195282194,5.944158445,3.893867768,0.492029287,,7.617735849,6.566415094,4.977358491,1.059622642
7.893017906,6.94078191,4.224179182,0.735028522,,7.94,8.11,5.6,1.29
7.69309365,8.090174907,4.284534853,0.899784295,,7.94,9.87,5.1,1.35
7.356040047,7.612499982,4.907073545,1.304405812,,7.92,9.15,5,2.1
7.347970539,7.669892404,4.915391843,1.331241907,,7.81,9.41,5.1,2.18
7.581153971,8.692048715,4.309974702,0.993617762,,7.87,11.2,4.8,1.47
7.375898238,7.911246067,4.779679026,1.227604455,,7.98,9.93,5.3,1.9
7.426276509,7.758051693,4.902380622,1.461328418,,7.92,9.51,6,3.76
7.366664054,7.538628716,4.942254376,1.352027234,,7.92,8.9,6.6,2.42
7.641906561,7.15562433,4.599278293,1.015905721,,7.73,8.36,6.2,1.65
7.557601679,7.127960522,4.792823288,1.206418643,,7.55,6.79,4.9,2.04
7.497488781,7.587273166,4.847138457,1.39776392,,7.68,4.99,5.8,2.93
7.772666199,6.641251396,4.591384869,1.017429089,,7.57,4.47,6.5,2.12
7.792429958,6.626061032,4.569964152,1.0085376,,7.47,3.68,4.5,2.05
7.926427002,6.324620527,4.41322116,0.872944278,,7.44,3.04,6.3,2.09
7.884914786,6.367714124,4.43148,0.849129028,,7.31,6.15,5,1.6
8.136631144,5.799551827,4.06860781,0.575682494,,7.36,5.62,4,1.21
8.120036501,5.853216977,4.086688547,0.586765162,,7.4,5.83,4.2,1.22
8.069954335,5.942516231,4.171813497,0.642548276,,7.35,5.84,4.3,1.31
8.340169472,5.634097331,3.658145474,0.388424677,,7.25,5.79,4.2,0.84
8.399886497,5.540045154,3.534555505,0.341042112,,7.31,5.5,5.8,0.8
8.391425919,5.711058154,3.515716219,0.340975644,,7.27,6.16,5,0.74
8.345164831,5.5856437,3.644619254,0.374062693,,7.49,5.48,3.8,0.79
8.359947102,5.776248054,3.559976043,0.349543651,,7.62,6.14,4.2,0.73
8.44206348,5.646416859,3.399369489,0.299889204,,7.3,5.76,5.2,0.59
8.477082743,5.610806609,3.306621489,0.267895224,,7.42,5.24,5.1,0.39
8.45828039,5.548339931,3.370375077,0.284111119,,7.46,5.08,4.9,0.48
8.460494503,5.396902982,3.401184858,0.289551575,,7.48,4.09,5.3,0.47
8.460049546,5.306500219,3.438084496,0.304807449,,7.32,3.02,5.9,0.53
8.482619626,5.624208495,3.291691899,0.265447254,,7.34,5.27,5.1,0.36
8.450626495,5.536079358,3.400450985,0.295999577,,7.35,5.19,5.5,0.57
8.457037286,5.602625243,3.367903084,0.288060824,,7.33,5.45,5.2,0.52
8.460906915,5.647597327,3.341333457,0.278689381,,7.45,5.55,5,0.48
8.404933074,5.510054163,3.521507805,0.331798223,,7.39,5.14,4.3,0.68
8.419446984,5.590745409,3.463331222,0.314569962,,7.4,5.41,3.8,0.58
8.451129072,5.64151317,3.372038093,0.289201081,,7.36,5.57,4.5,0.5
8.465081718,5.757345269,3.321578975,0.283407552,,7.09,6.1,4.7,0.47
8.442958195,5.885217868,3.331361799,0.280777778,,7.6,6.41,5,0.54
8.412375161,5.618750801,3.464853686,0.311084407,,7.66,5.56,4.7,0.64
8.363297615,5.66979984,3.57166007,0.346773657,,7.71,5.77,4.3,0.74
8.362408769,5.760274611,3.552782158,0.343841361,,7.8,6.21,5.8,0.82
8.417801071,6.270552137,3.303352322,0.280124537,,7.9,7.14,4.3,0.51
8.434115615,6.471448116,3.221611341,0.262014828,,7.93,7.72,5.4,0.49
8.434742503,6.441873868,3.226705534,0.262907485,,7.91,7.65,5.3,0.49
8.440891868,6.304178589,3.239239308,0.262371263,,7.86,7.28,4.7,0.46
8.428387199,5.881796177,3.358273686,0.283583304,,7.84,6.24,4.5,0.54
8.414618084,5.93648788,3.38430793,0.294820539,,7.79,6.45,4.5,0.58
8.451976304,6.443064686,3.187301716,0.253406582,,7.76,7.74,5.3,0.44
8.398826924,6.500104273,3.30803237,0.29197993,,7.89,7.74,5.1,0.58
8.262260442,6.422449031,3.632716353,0.403325012,,7.98,7.42,4.8,0.84
8.208055224,7.09795468,3.614306232,0.439690816,,7.96,8.47,4.6,0.82
7.855408398,8.579551899,3.932391797,0.72911394,,7.98,10.6,4.2,1.04
8.247046552,5.909894728,3.784543257,0.439396925,,7.723076923,6.480384615,4.721153846,0.953653846
7.924969422,7.862261383,3.974922085,0.684895802,,7.95,9.45,4.8,1.09
7.764065838,7.24017471,4.373425729,0.862979561,,7.78,8.44,4.3,1.32
7.863138586,6.840360698,4.304005012,0.77699854,,7.78,7.84,4.6,1.29
7.739522797,7.254946083,4.413419649,0.894468255,,7.71,8.5,4.4,1.36
8.206255124,7.788052584,3.498732,0.442458457,,7.64,9.86,4.6,0.72
8.222852434,7.848306392,3.441952349,0.413268993,,7.81,9.94,4.1,0.61
7.821783759,8.276773411,4.053709335,0.77650054,,7.88,10.1,4.4,1.14
7.537502869,7.761192106,4.597899599,1.083256838,,7.7,9.36,4,1.53
7.637781376,7.177209382,4.609970948,1.035140555,,7.5,8.21,4.1,1.54
7.608984037,7.009246336,4.734499715,1.138323719,,7.48,6.87,4.6,1.88
7.811009299,6.536241076,4.545662664,0.967040923,,7.41,4.75,5,1.91
7.909260424,6.276315411,4.436979754,0.865605748,,7.46,3.59,4.6,1.88
8.298755424,5.413479485,3.818394747,0.445202111,,7.37,4,5.1,1.18
8.229830891,5.5344898,3.941464353,0.502252812,,7.4,4.58,5.1,1.26
8.38023051,5.525399343,3.579402213,0.351705016,,7.42,5.31,4.7,0.78
8.349029125,5.459618535,3.676172565,0.385884796,,7.4,4.97,5.2,0.94
8.314219002,5.568166657,3.727893429,0.407562668,,7.45,5.51,5,0.96
8.295137084,5.748303417,3.721252095,0.409315813,,7.59,6.16,5,0.93
8.346113432,5.375635662,3.699727306,0.388551895,,7.56,4.38,5.6,1.01
8.348894678,5.502338594,3.658956596,0.377482565,,7.5,5.22,5,0.89
8.343710986,5.72615986,3.610743086,0.365598254,,7.65,6.11,5.2,0.84
8.30215182,5.743905579,3.702212173,0.399471477,,7.67,6.12,5,0.91
8.372357872,5.745135101,3.531712285,0.335829079,,7.74,6,4.4,0.71
8.351462515,5.622923617,3.607502888,0.35538179,,7.81,5.65,4.9,0.81
8.36719232,5.485478113,3.598909924,0.345279879,,7.86,5.01,4.5,0.77
8.387109732,5.327061869,3.599679203,0.345537118,,7.73,4.04,5,0.82
8.369027633,5.27833146,3.693203992,0.396377216,,7.57,1.48,5.4,1.26
8.406880426,5.261591591,3.581204707,0.345074985,,7.55,2.92,4.6,0.82
8.385566789,5.350850791,3.599438871,0.347242627,,7.68,4.23,5,0.82
8.434203113,5.512305288,3.437751893,0.30122494,,7.56,5.01,4.6,0.57
8.388120221,5.47792456,3.559712106,0.337307276,,7.66,5.02,4.8,0.75
8.365453041,5.606839013,3.579230547,0.345866652,,7.75,5.54,4.4,0.75
8.384276201,5.516605917,3.554176946,0.33390276,,7.75,5.13,4.3,0.71
8.335066876,5.627689592,3.639614113,0.363812603,,7.9,5.56,4.3,0.8
8.381198318,5.533920043,3.552531097,0.331393142,,7.89,5.25,5,0.75
8.356743841,5.70610631,3.569857575,0.342874951,,7.93,5.84,4.7,0.76
8.382765803,5.986910907,3.448359788,0.31535199,,7.91,6.59,4.8,0.67
8.372389883,5.754523488,3.522951947,0.329944872,,7.87,5.92,4.1,0.68
8.422327465,5.792326807,3.39244276,0.290608551,,7.88,6.07,5.2,0.61
8.339132307,5.636613982,3.625534271,0.357980293,,7.97,5.61,4.7,0.81
8.324736839,5.591131547,3.669206138,0.370964285,,8,5.48,5,0.87
8.288362432,5.695379041,3.726111319,0.395503614,,8.02,5.73,4.4,0.88
8.392959258,5.747596847,3.467504855,0.308395003,,8.04,5.84,4.6,0.65
8.368176666,5.918566193,3.490710899,0.322796329,,8.06,6.32,4.6,0.69
8.280092854,6.541561507,3.565124954,0.380980449,,8.13,7.61,5.3,0.82
8.253456276,7.110207602,3.516488716,0.397871106,,8.03,8.59,5.2,0.78
8.152841651,7.733218217,3.599263986,0.476655161,,7.95,9.41,4.3,0.78
8.158237684,7.612999531,3.618807104,0.481582261,,7.82,9.3,4.4,0.81
8.165145717,7.833297395,3.572437932,0.481705557,,7.61,9.84,4.5,0.78
8.146040857,7.638673691,3.655065139,0.513258252,,7.46,9.62,4.9,0.88
8.019421877,7.737340628,3.867404359,0.633934314,,7.41,9.69,4.9,1.03
8.305121933,5.813933911,3.690284595,0.404729905,,7.455384615,6.441923077,5.088461538,0.911730769
7.832769494,7.01711492,4.343853016,0.846257483,,7.25,8.33,4,1.3
7.909801948,7.438933877,4.120329747,0.753362629,,7.26,9.18,4.2,1.15
7.757403225,7.393060803,4.380706519,0.914495204,,7.25,9.07,4.7,1.37
7.94146483,6.661008366,4.248458139,0.757792513,,7.15,7.94,5.1,1.32
7.991855371,6.568648807,4.187149721,0.719743954,,7.03,7.98,5.8,1.33
7.991002271,6.707629864,4.151738214,0.708558839,,7.07,8.22,5.2,1.25
8.004162104,6.327744739,4.218370429,0.712725319,,7.07,7.13,4.6,1.31
7.963959683,6.181307339,4.352844031,0.796980767,,7.19,5.06,4.9,1.66
8.037971341,6.01221423,4.229252989,0.68890312,,7.25,5.77,4.6,1.41
8.043740839,6.024261481,4.238827669,0.714072824,,7.04,5.21,4.6,1.52
7.646643162,7.178439805,4.703360549,1.209059738,,7.1,5.61,5.3,2.22
7.998613484,6.135288001,4.298473071,0.759336393,,7.1,5.53,5.5,1.61
8.004310423,6.080442832,4.279802232,0.725861525,,7.27,5.78,4.9,1.48
8.189794395,5.738392529,3.970937284,0.524028423,,7.37,5.78,4.8,1.17
8.237725937,5.476695037,3.929111901,0.487319859,,7.55,4.28,4.7,1.22
8.090351383,5.809735442,4.156830261,0.61843992,,7.48,5.2,3.6,1.28
8.507504654,5.454595134,3.291729451,0.275160673,,7.67,5.24,36,1.24
8.227624247,5.60791372,3.897935183,0.468669668,,7.72,5.29,3.9,1.03
8.310489689,5.596065839,3.706017797,0.38718556,,7.85,5.41,3.9,0.84
8.244704394,5.556753069,3.859445487,0.441668359,,7.99,5.17,4.5,1.02
8.255998504,5.600637395,3.820186513,0.426286163,,8.05,5.38,4.6,0.98
8.265459435,5.537374587,3.834667625,0.440611383,,7.71,5.19,4.9,1.05
8.292958183,5.587857921,3.795280974,0.448907131,,7.02,5.35,3.9,1
8.275069752,5.654231438,3.821814122,0.464653047,,7.02,5.75,4.8,1.07
8.309852131,5.641365555,3.74115893,0.428520832,,7.05,5.85,4.8,0.98
8.466076201,5.571871427,3.368942737,0.296149661,,6.91,5.27,4.7,0.47
8.474326573,5.469285499,3.34913461,0.277444773,,7.35,4.37,4.6,0.34
8.4557515,5.507699529,3.390104881,0.290471245,,7.4,4.92,5.1,0.51
8.421291367,5.395019994,3.514846086,0.329587989,,7.25,4.24,3.6,0.62
8.441933835,5.317480864,3.47719219,0.313900806,,7.37,3.38,4.1,0.55
8.443116118,5.321681132,3.469472578,0.309868717,,7.45,3.51,4.6,0.56
8.453675035,5.516965953,3.386319643,0.286263629,,7.5,4.83,4,0.44
8.467820816,5.459707644,3.367350534,0.281690498,,7.41,4.42,4.8,0.4
8.451103997,5.376343582,3.436571688,0.302131383,,7.4,4.03,5.3,0.55
8.45720908,5.425582992,3.406133135,0.293214787,,7.41,4.36,5.2,0.5
8.426208298,5.594860169,3.444120707,0.308187083,,7.46,5.49,4.7,0.61
8.459394382,5.635285449,3.345470611,0.278324316,,7.5,5.46,4.8,0.47
8.479149604,5.641821001,3.290762756,0.262794614,,7.5,5.36,5.3,0.39
8.441033251,5.732235915,3.371526313,0.288765849,,7.49,5.84,3.9,0.49
8.469142881,5.620634689,3.318539411,0.26827374,,7.58,5.27,4.8,0.41
8.317082944,6.28662954,3.545298587,0.365675145,,7.79,7.18,3.8,0.71
8.343680042,6.524325688,3.438830171,0.340001052,,7.75,7.62,3.5,0.61
8.266261851,6.724679814,3.573991511,0.403824582,,7.76,8.03,4.4,0.78
8.248592697,6.848872396,3.586629358,0.416312367,,7.74,8.12,3.6,0.74
8.320647932,7.090517689,3.381180388,0.346781166,,7.82,8.72,4.5,0.62
8.324281745,7.379667918,3.312463503,0.332190302,,7.83,9.34,4.2,0.5
8.385650552,7.164062221,3.205907108,0.28191299,,7.78,9.22,4.1,0.35
8.267023719,7.660757393,3.389362425,0.380926872,,7.76,9.76,4.4,0.59
8.169020147,8.179138877,3.476596723,0.446053744,,7.86,10.5,3.5,0.56
8.063243172,8.542535708,3.604598511,0.541601238,,7.76,11,3.5,0.68
7.953216167,8.329504268,3.843324963,0.663309056,,7.69,10.3,3.9,0.95
7.773138365,8.008304544,4.195082843,0.843822291,,7.65,9.74,3.9,1.2
8.275985808,6.084554442,3.68594466,0.411946372,,7.630784314,6.869215686,3.939215686,0.827843137
7.665397499,7.603769111,4.451599272,0.966315948,,7.6,9.11,4,1.38
7.911845868,6.927290465,4.216357643,0.746665458,,7.47,8.15,3.9,1.19
7.570757244,7.783747455,4.559033311,1.073147417,,7.46,9.56,4.2,1.51
7.449915765,8.564446593,4.567703524,1.213907032,,6.96,11.7,3.5,1.7
7.387430832,8.705047811,4.597538027,1.236003323,,7.38,12.4,3.6,1.99
7.597265244,9.419609254,4.130094332,0.970410021,,7.44,13.8,2.7,1.44
7.654040967,9.321855008,4.071928477,0.913431615,,7.57,13.1,3.8,1.29
7.605854401,9.176281694,4.168328674,0.959708222,,7.71,12.6,4.1,1.42
7.570979189,9.115945078,4.234383661,1.00365668,,7.66,12.6,4.6,1.54
7.775958025,6.693422398,4.513516032,0.916659932,,7.48,7.16,4.2,1.5
8.085355491,5.815411408,4.201450584,0.669332363,,7.4,3.35,4.4,1.63
7.88784275,6.72814696,4.30640512,0.782239483,,7.45,7.73,4.1,1.28
7.843781371,6.64711053,4.401783903,0.832449206,,7.5,7.36,4.1,1.37
8.299109149,5.425308014,3.801103675,0.430754381,,7.51,4.47,5,1.09
8.132748177,5.76729081,4.08527552,0.581972006,,7.43,5.46,4.9,1.3
8.191048703,5.637261596,4.004894994,0.54086057,,7.27,4.84,4.1,1.24
8.370075468,5.477892157,3.623312267,0.369183118,,7.28,5.01,4.3,0.82
8.365544806,5.341833241,3.66502714,0.376990393,,7.43,3.86,3.9,0.88
8.361203545,5.356885892,3.663385583,0.372318514,,7.55,4.12,3.9,0.85
8.353753988,5.409574895,3.661698963,0.370154011,,7.6,4.48,3.2,0.78
8.401117864,5.353839088,3.554098623,0.329565011,,7.7,4.07,3.5,0.65
8.335836747,5.501381799,3.678428902,0.377880696,,7.65,5,3.3,0.79
8.404230427,5.556275572,3.493746171,0.315091165,,7.72,5.12,3.2,0.57
8.377697352,5.520927248,3.564411467,0.334925325,,7.8,5.01,3.2,0.65
8.39732773,5.507045163,3.539669011,0.336808267,,7.38,5.03,3.3,0.64
8.410404334,5.525532107,3.494359877,0.318681857,,7.53,5.03,3.2,0.57
8.382079695,5.52205056,3.561586486,0.338231318,,7.62,5.04,3,0.64
8.388311222,5.49998486,3.56101355,0.342192008,,7.5,5.13,4.5,0.74
8.452993195,5.305733792,3.439590867,0.296714802,,7.57,3.22,4.3,0.44
8.455850735,5.309093827,3.437542675,0.299270375,,7.41,3.07,3.6,0.39
8.423580173,5.309983116,3.519575488,0.323239407,,7.5,3.49,3.5,0.6
8.418443964,5.289983122,3.534510443,0.325704639,,7.55,3.27,2.8,0.58
8.448484941,5.32798176,3.448691318,0.30126686,,7.47,3.42,3.4,0.43
8.457468371,5.4392072,3.388680052,0.282125282,,7.6,4.22,3.4,0.36
8.470038663,5.596154048,3.326416742,0.271982572,,7.42,5.07,3.7,0.34
8.452705094,5.652126128,3.348322415,0.274621089,,7.68,5.3,3.3,0.39
8.482011412,5.625203544,3.273198091,0.251677423,,7.76,5.03,4.6,0.3
8.455168895,5.693548258,3.331780236,0.270701422,,7.8,5.66,5.4,0.51
8.40213689,5.86868772,3.431973181,0.30826913,,7.8,6.45,5.7,0.7
8.374239067,6.402055248,3.392529666,0.318735995,,7.76,7.56,4.7,0.64
8.456137769,6.08232492,3.244431136,0.256600376,,7.81,6.66,4.1,0.4
8.475007346,6.188489155,3.165852031,0.234883722,,7.87,6.74,3.3,0.24
8.467719447,6.189567912,3.186291032,0.241037497,,7.9,6.84,4,0.32
8.470653813,6.196940997,3.178260275,0.239539797,,7.85,6.84,3.7,0.29
8.425851906,6.345921601,3.265579333,0.270159596,,7.89,7.16,3.2,0.4
8.265507452,6.962114937,3.519118427,0.389903098,,7.95,8.16,3.4,0.67
8.260856214,7.333777742,3.458805673,0.387715841,,7.98,8.98,4.8,0.7
8.230118992,7.894858133,3.406104166,0.393182974,,8.01,10.2,4.8,0.58
8.256503215,7.852526913,3.339631816,0.351795694,,8.14,10.6,4.3,0.38
8.135544361,8.296000228,3.498277084,0.452505669,,8.19,10.8,4.1,0.56
8.144597682,8.325722091,3.471202114,0.438912823,,8.21,11.3,5.1,0.55
8.320043986,6.282909919,3.537288216,0.361429532,,7.838627451,7.151568627,3.866666667,0.706666667
8.024302529,8.68417923,3.612524123,0.53517173,,8.24,11.5,3.7,0.6
8.021140348,8.701604067,3.622049448,0.547238294,,8.14,11.5,4.1,0.66
7.905056278,9.003410458,3.74639582,0.642731762,,8.13,12.1,3.9,0.76
7.738185793,9.074849681,3.987667223,0.806705171,,8.08,11.8,3.6,1.08
7.761029035,9.103154803,3.948253749,0.784006079,,8.05,11.9,3.3,1.01
7.701229314,8.676762491,4.138647598,0.869453791,,7.97,10.8,3.9,1.22
7.830982198,7.609851918,4.183104838,0.784424498,,7.83,9.06,4.4,1.2
7.700415694,7.222778676,4.480556132,0.933045638,,7.72,8.3,3.7,1.37
7.905806408,7.674703383,4.049341504,0.71238906,,7.77,9.04,3.1,1.03
7.964174692,7.799693445,3.928992807,0.65788362,,7.77,9.34,3.7,0.99
7.944245009,7.19954961,4.091051013,0.693443409,,7.71,8.6,4.7,1.15
7.96451081,6.73125767,4.155520234,0.682247982,,7.78,7.91,5.6,1.25
8.239692496,5.748518089,3.842019228,0.456125504,,7.65,6.02,4.8,1.02
8.139542035,5.902216963,4.017324695,0.54441461,,7.62,6.13,3.8,1.09
8.329001807,5.533563607,3.690669771,0.385862154,,7.63,5.29,4.5,0.88
8.294454177,5.474654534,3.78251545,0.415900337,,7.7,4.85,4,0.95
8.15167324,5.61252488,4.069483308,0.552535616,,7.65,4.56,3.2,1.2
8.151083165,5.586588794,4.072783589,0.549228278,,7.74,4.43,3.3,1.21
8.223799968,6.631484522,3.673823957,0.43427939,,7.86,7.58,3,0.76
7.946167819,7.363403746,4.038531902,0.668267877,,7.93,8.45,2.9,1
8.352415917,6.370824834,3.444988694,0.332751631,,7.85,7.34,4,0.64
8.443998028,5.746917279,3.351985341,0.279428928,,7.7,5.82,4.3,0.49
8.414251555,5.295838656,3.559448169,0.342012557,,7.3,3.06,2.7,0.66
8.423774374,5.305976366,3.516336363,0.320224504,,7.54,3.42,2.9,0.55
8.451503071,5.456096034,3.397659265,0.283870133,,7.67,4.39,3.5,0.4
8.465357015,5.452702695,3.363515941,0.274857479,,7.6,4.19,3.3,0.3
8.438337368,5.394829625,3.453478658,0.301836596,,7.58,4.18,3.9,0.51
8.436722933,5.382988495,3.462854848,0.305456879,,7.56,4.15,4.3,0.55
8.417397729,5.269918321,3.540709737,0.326300267,,7.64,3.15,3.6,0.64
8.466430459,5.338154125,3.383201757,0.275410178,,7.74,3.28,3.8,0.26
8.462370363,5.309271145,3.416445979,0.291327587,,7.47,3,3.9,0.33
8.332526781,5.498879549,3.688820068,0.382596065,,7.62,5,3.4,0.81
8.477829139,5.809436612,3.254115253,0.255595744,,7.53,5.88,4,0.33
8.485155986,5.655017217,3.260320984,0.249940194,,7.65,5.04,3.5,0.22
8.397362409,5.531465498,3.512130542,0.317797046,,7.83,5.02,3.4,0.6
8.453429615,5.597468629,3.363020255,0.279232104,,7.65,5.26,4.7,0.48
8.459448268,5.699175619,3.3235585,0.270442839,,7.67,5.64,4.8,0.46
8.494250388,5.931106693,3.170032102,0.230481523,,7.8,6.02,4.1,0.22
8.46604419,6.150497717,3.198794765,0.243423035,,7.91,6.75,4.1,0.34
8.37787128,6.160466211,3.418797805,0.310316054,,7.95,6.67,2.7,0.52
8.291710811,6.154755141,3.619963704,0.381226255,,8,6.82,4.1,0.78
8.241040171,6.204448196,3.717416429,0.420534106,,8.04,6.84,3.9,0.84
8.439210209,6.443565586,3.20058653,0.249143819,,8.12,7.36,3.9,0.35
8.339966734,6.520950802,3.430662081,0.328074933,,8.13,7.34,3.3,0.58
8.235344299,7.117018581,3.542397429,0.402904015,,8.23,8.35,4.5,0.75
8.329756206,7.310907362,3.290083602,0.309268269,,8.23,9.14,4.2,0.43
8.217121883,7.94336667,3.403407935,0.383756833,,8.27,10.3,4.1,0.47
8.213729222,8.046061508,3.386249904,0.380031637,,8.2,11,4.5,0.41
8.112305779,8.368523159,3.52756011,0.47227751,,8.17,10.8,3.6,0.56
8.300429614,7.680824894,3.281132285,0.321411612,,8.01,10.5,4.2,0.31
8.097022532,8.048959797,3.63266378,0.51051953,,8.14,9.86,4.8,0.82
8.36177708,6.192570162,3.460028794,0.330211862,,7.806730769,7.008461538,3.971153846,0.644230769
8.281301813,7.664670083,3.335322996,0.346607769,,8.07,9.87,4.1,0.45
8.057097008,8.598115349,3.580297023,0.516165217,,8.12,11.3,3.5,0.58
7.706542652,9.18396846,4.001349015,0.821525365,,8.11,12.1,2.4,1.03
7.754194629,9.055465348,3.969782829,0.7937223,,8.14,11.9,5.1,1.15
7.938418424,8.619541086,3.791076226,0.646911469,,8.02,10.8,4.4,0.92
7.653956671,8.47706318,4.252088878,0.922427568,,7.96,10.5,4.4,1.33
7.609339895,8.026061514,4.420625335,0.982760612,,7.84,9.61,3.2,1.34
7.655352895,7.970807706,4.369634053,0.94445459,,7.77,9.49,2.9,1.27
7.933503627,8.588004641,3.817400157,0.66910337,,7.82,10.9,5.1,1
8.345266734,5.905018942,3.565909254,0.357136841,,7.66,6.52,4.5,0.76
8.056866527,7.753555745,3.784858693,0.580466796,,7.71,9.57,5.1,0.98
8.271531973,6.396827527,3.62852448,0.406313351,,7.72,7.48,4.3,0.81
8.354137057,5.93217825,3.53312102,0.343763573,,7.74,6.39,3.4,0.66
8.460172256,5.72376067,3.31186589,0.265882598,,7.73,5.59,4,0.4
8.421423147,5.763951928,3.407643797,0.297436863,,7.67,5.94,4,0.55
8.44179672,5.810132832,3.333726501,0.271483226,,7.865,5.74,2.8,0.385
8.359753968,5.939791209,3.52037159,0.340858626,,7.73,6.52,4.2,0.7
8.456395993,5.877167465,3.290481653,0.265142491,,7.74,6.21,4.7,0.46
8.432133584,5.802207092,3.3662111,0.283456982,,7.84,6.05,4.9,0.56
8.442286492,5.427542037,3.420559529,0.286014012,,7.86,4.27,3.6,0.44
8.465960961,5.553138309,3.32751004,0.262424953,,7.84,4.67,3.3,0.3
8.186216602,5.853403746,3.917649967,0.486076595,,7.83,5.94,2.9,0.94
8.497174084,6.059831227,3.127923469,0.219891139,,7.91,6.29,3.7,0.15
8.278984197,5.701347536,3.749322728,0.406571823,,7.94,5.75,4.2,0.89
8.20042107,6.14109718,3.828109978,0.469529148,,7.78,6.82,3.8,0.92
8.374247604,5.392348978,3.610031745,0.348534984,,7.77,4.51,4.5,0.79
8.361216883,5.647724689,3.574741477,0.343284179,,7.79,5.48,2.9,0.65
8.390818771,5.395184711,3.56611418,0.332973338,,7.79,4.46,4.2,0.71
8.370620727,5.467970468,3.606563016,0.353380261,,7.59,4.88,3.7,0.74
8.450345863,5.289899864,3.453149273,0.301601662,,7.62,3.22,5.9,0.57
8.440218564,5.398703612,3.442046765,0.295843105,,7.7,4.2,4.1,0.5
8.462641392,5.471989368,3.379844611,0.286341977,,7.43,4.68,5.7,0.5
8.418262034,5.591722006,3.462368818,0.312441215,,7.49,5.41,4,0.59
8.489696784,5.614244501,3.268455813,0.256062248,,7.34,4.8,2.7,0.14
8.449338575,5.479333201,3.401762086,0.287504539,,7.64,4.69,4.6,0.49
8.418242827,5.435774708,3.490936211,0.312311531,,7.66,4.54,3.6,0.57
8.442312101,5.346993006,3.460806656,0.305681612,,7.5,3.78,4.3,0.53
8.448347826,5.487303495,3.405597751,0.290313764,,7.55,4.71,4.1,0.47
8.473363034,6.106026083,3.198702494,0.246366987,,7.63,6.65,3.2,0.28
8.490065981,6.232825775,3.126644557,0.22961913,,7.64,7.06,4.2,0.24
8.489302512,6.232594002,3.129843984,0.230903529,,7.67,7.18,5.2,0.31
8.464146989,6.250792467,3.190458227,0.246940086,,7.77,7.12,4.3,0.36
8.352381238,6.655363453,3.389066301,0.326539571,,7.82,7.77,3.1,0.54
8.283327059,7.21810721,3.428911087,0.366785923,,7.96,8.55,2.7,0.54
8.379465441,7.027078464,3.236157901,0.281817492,,8.07,8.66,3.9,0.38
8.344681994,7.159287695,3.297401944,0.310980952,,8.05,8.8,4,0.47
8.257171717,7.07378097,3.511236805,0.39100603,,8.04,8.28,3.4,0.66
8.189332366,7.042863338,3.660688278,0.45508904,,7.95,8.23,3.6,0.79
8.124422579,6.977082979,3.795272391,0.508346284,,8.04,8.01,3.6,0.88
8.264949389,7.110023534,3.489397653,0.385171589,,8.07,8.53,4.8,0.73
8.294676122,6.937543837,3.457495646,0.362361531,,8.09,8.28,4.9,0.71
8.408777094,6.630311255,3.254502575,0.278171878,,7.903703704,7.918148148,4.35,0.470555556
8.357187731,6.765542988,3.34935563,0.314138429,,8.04,8.06,4.6,0.59
7.960499798,8.986369959,3.667029197,0.599018126,,7.95,12.6,4.5,0.68
7.728226019,9.369376146,3.896605843,0.744443903,,8.29,15.1,4.3,0.75
7.883992328,9.146832558,3.733051996,0.63581692,,8.17,13.8,5.1,0.66
8.081014762,8.650604983,3.517988649,0.481472529,,8.03,12.7,4.6,0.44
7.86162552,9.196367196,3.759808311,0.659138653,,8.11,13.7,4.5,0.68
7.853687792,9.187853247,3.775539367,0.669384371,,8.14,13.3,4.2,0.72
7.962083289,8.95187672,3.673594354,0.601227239,,7.96,12.3,4.3,0.7
7.986872817,8.723726473,3.682914753,0.588576929,,8.08,11.3,4.4,0.78
8.150430135,8.011498062,3.548165412,0.470987506,,7.95,10,4.5,0.73
8.291852728,7.279183249,3.404616035,0.363631584,,7.9,8.94,4.3,0.62
8.309531485,6.867077161,3.447941352,0.36010422,,7.86,8.28,4.6,0.69
8.329667641,6.442733903,3.480252139,0.347266837,,7.94,7.45,4.3,0.69
8.312564553,5.608922721,3.694842331,0.381855845,,7.95,5.51,4.6,0.87
8.114180573,5.732971289,4.113038228,0.579902664,,7.71,5.22,4.3,1.26
7.943017376,6.893555101,4.17051098,0.717150608,,7.48,8.19,4.4,1.19
8.264210995,5.520078013,3.829012299,0.429901066,,7.91,5.04,4.3,0.99
8.359858538,5.54121302,3.607347315,0.352395133,,7.78,5.3,4.6,0.79
8.241173551,5.686356541,3.840793961,0.444295891,,7.87,5.68,4.3,0.98
8.431957522,5.588604545,3.413542675,0.290412512,,7.83,5.28,4.7,0.56
8.457402214,6.113430221,3.237843448,0.257009492,,7.75,6.8,4.3,0.41
8.491167702,6.290815857,3.101788372,0.220533731,,7.82,7.15,4.4,0.2
8.32458852,6.211676367,3.54047906,0.358395797,,7.88,7.06,4.4,0.74
8.474673362,5.648253042,3.279537936,0.25042508,,7.95,5.09,4.3,0.32
8.455539158,5.639438013,3.330135459,0.263082004,,8,5.12,3.7,0.38
8.443978288,5.574236863,3.386017081,0.282010393,,7.79,5.1,4.2,0.48
8.49572344,5.58503974,3.254144221,0.249649217,,7.51,4.7,4.8,0.19
8.488957858,5.691203974,3.243145786,0.246741469,,7.66,5.27,4.4,0.26
8.461623434,5.62526385,3.332199745,0.26987456,,7.7,5.28,4.6,0.43
8.444830855,5.572033443,3.39108767,0.286571306,,7.65,5.17,4.4,0.5
8.455779243,5.479751742,3.388051325,0.285091652,,7.56,4.65,4.6,0.46
8.473989921,5.695383541,3.290265997,0.262971487,,7.55,5.58,4.9,0.4
8.496818225,5.951946021,3.158123836,0.227700432,,7.83,6.13,4.7,0.24
8.496903055,5.977946913,3.170080383,0.238640526,,7.45,6.44,4.7,0.28
8.495864289,6.054388385,3.153317184,0.234573466,,7.53,6.63,4.6,0.27
8.508644789,5.81161798,3.152810769,0.222180843,,7.81,5.4,4.3,0.1
8.479813305,5.711394337,3.259810277,0.250145425,,7.7,5.26,3,0.23
8.465149475,5.720735469,3.292396803,0.257320196,,7.86,5.42,3.6,0.34
8.469083127,5.895337127,3.243660785,0.248479034,,7.88,5.97,3.6,0.32
8.510129045,6.148704738,3.071312266,0.206759417,,7.9,6.6,4.7,0.09
8.50204033,6.358007556,3.045061294,0.202628692,,7.94,7.41,5.4,0.09
8.49871596,6.38191709,3.04680156,0.202672406,,7.98,7.49,5.4,0.09
8.478188733,6.500053418,3.077001926,0.212552498,,8,7.67,3.7,0.07
8.4754459,6.498579971,3.082536013,0.213199909,,8.04,7.61,3.4,0.06
8.479654315,6.400708263,3.097019272,0.216825909,,8.02,7.29,3.5,0.12
8.473071731,6.540302731,3.077602758,0.211873477,,8.07,7.84,4,0.07
8.476630317,6.553296427,3.066577499,0.209691825,,8.02,7.99,4.5,0.07
8.447953554,6.653052923,3.13539202,0.236242211,,8.04,8.12,4.8,0.29
8.421692575,6.88120137,3.151338732,0.245532839,,8.07,8.66,4.2,0.24
8.272266098,7.619539583,3.354432656,0.347287013,,8.2,9.43,2.4,0.36
8.267457472,7.709102113,3.342199298,0.344349337,,8.28,10,4.1,0.41
8.157545174,8.057437743,3.503064424,0.438408434,,8.35,10.1,4.7,0.65
8.370546034,6.685453453,3.317243332,0.292089102,,8.316607143,7.616071429,3.45,0.468035714
8.289470022,7.570692613,3.317281957,0.325583361,,8.36,9.76,4.2,0.39
8.203265271,7.980751897,3.4010089,0.372328266,,8.48,10.7,3.2,0.3
8.157172776,8.092833772,3.444312759,0.383822179,,8.74,11.7,3.5,0.2
8.134145469,8.228173065,3.480041848,0.418626169,,8.65,11.1,3.8,0.39
8.122101228,8.269389075,3.502368103,0.436462387,,8.58,10.8,3.4,0.44
7.939300868,8.650922714,3.750308735,0.600597537,,8.6,10.6,3.3,0.76
7.828455441,8.934670605,3.855429572,0.682313328,,8.69,11.3,3.5,0.86
7.914623913,8.839189085,3.734583044,0.596332308,,8.79,11.6,4.2,0.71
8.022781993,8.503081174,3.633636913,0.519152995,,8.73,10.7,4,0.65
8.120023697,7.927985036,3.585862224,0.460147281,,8.66,9.26,3.4,0.66
8.186184591,7.600195755,3.527223215,0.414205813,,8.64,8.87,4.2,0.68
8.274167568,7.141366009,3.440429885,0.354891636,,8.55,8.31,4.6,0.65
8.124482867,7.47818499,3.708160405,0.51372655,,7.81,8.96,3.8,0.84
8.089936837,6.606902621,3.927820113,0.535791569,,8.17,7.24,3.1,0.93
8.347043359,5.719304776,3.579358223,0.341230529,,8.05,5.52,2.4,0.62
8.439319047,6.412371626,3.212357463,0.254017678,,8,7.32,3.7,0.36
8.505669875,6.109058485,3.08763879,0.208375369,,8.01,6.41,4.4,0.1
8.438294687,5.861255679,3.331674017,0.272469251,,7.88,5.91,2.9,0.4
8.445747978,5.678838092,3.350368461,0.271428528,,7.96,5.42,4.2,0.46
8.424459416,5.616147291,3.41329054,0.285106448,,8.07,5.15,3.5,0.49
8.375888715,5.962843407,3.454720019,0.308983009,,8.15,6.09,2.6,0.53
8.3987565,6.022387044,3.382437842,0.286670055,,8.32,6.32,4.2,0.56
8.392414533,6.028777681,3.38635183,0.283447231,,8.56,6.19,4.2,0.56
8.479975495,5.993213335,3.161397295,0.216525068,,8.53,5.78,3.3,0.16
8.424020861,6.281076436,3.261186825,0.25714209,,8.36,6.71,3,0.36
8.378881235,5.815565324,3.478270468,0.310223247,,8.15,5.72,2.6,0.54
8.466352565,5.635817402,3.307722298,0.259121538,,7.83,5.01,3,0.29
8.458237175,5.850094116,3.27116492,0.250224446,,8.1,5.65,2.8,0.3
8.473472939,5.694600463,3.262649206,0.242989932,,8.12,5.04,3.1,0.24
8.469464061,5.70741234,3.266094331,0.242400357,,8.21,5.02,2.7,0.23
8.459454137,5.705523952,3.288510711,0.246452509,,8.32,5,2.5,0.26
8.448653,5.805592329,3.295516835,0.251343517,,8.31,5.34,2.1,0.28
8.465877732,5.779677395,3.276010197,0.25374598,,7.88,5.56,3.2,0.31
8.456886299,5.860201674,3.286163176,0.260495831,,7.82,5.92,3.3,0.36
8.493152935,5.959318656,3.155563865,0.222889902,,8.02,5.91,3.5,0.16
8.487453328,5.909931632,3.192626585,0.23571731,,7.83,5.99,4.1,0.26
8.465136137,6.012277236,3.251088564,0.263251703,,7.44,6.66,4.1,0.4
8.467418541,5.920523888,3.245397831,0.250780507,,7.84,6.12,3.9,0.35
8.425613422,5.625075731,3.406634185,0.282654106,,8.06,5.05,2.5,0.42
8.457004741,5.734206212,3.294999691,0.251617905,,8.21,5.26,3.1,0.32
8.45211822,5.752496035,3.300040238,0.251924014,,8.4,5.51,5.1,0.46
8.417307031,6.131745697,3.298742013,0.258997683,,8.63,6.31,3.8,0.44
8.413032459,6.35072448,3.260864951,0.253626272,,8.69,6.75,3.5,0.38
8.35696792,6.695675772,3.323588542,0.283920348,,8.79,7.26,2.7,0.4
8.179012999,7.750365827,3.505930176,0.410681924,,8.65,9.02,2.7,0.54
8.189724504,7.479729094,3.543168854,0.413287263,,8.66,8.59,4,0.69
8.141211957,7.887279378,3.555543837,0.444085505,,8.61,9.25,3.2,0.62
8.069711583,8.224431392,3.622450718,0.502006782,,8.53,9.86,3.3,0.67
7.991933799,8.572865132,3.682740941,0.558726155,,8.56,10.7,4.1,0.74
7.840245192,8.878229577,3.860124642,0.688208856,,8.52,11.1,3.5,0.89
8.025267135,8.642265651,3.603082485,0.515445397,,8.5,11.6,3.8,0.54
8.091573146,8.465884966,3.512824717,0.45089846,,8.44,12.2,3.8,0.34
8.441859675,6.370008903,3.228480133,0.263483946,,7.711153846,7.404038462,3.857692308,0.402115385
7.969221802,8.8664222,3.645019451,0.551860406,,8.35,12.8,3,0.42
8.006244437,8.832195388,3.599557964,0.530734336,,8.12,13,3,0.37
7.997811068,8.899734521,3.608424521,0.54722574,,8,13.1,3.5,0.44
8.011485216,8.891722823,3.595005593,0.544860602,,7.92,13,4.1,0.5
8.107283211,8.641709396,3.484001971,0.471115733,,7.72,12.7,3.3,0.34
7.990772857,8.920811923,3.656056511,0.60630588,,7.56,12.1,3.9,0.72
7.904261331,9.041565262,3.782576606,0.704541097,,7.33,12.1,3.3,0.85
8.070104788,8.83512968,3.553864728,0.552602419,,7.23,12.3,4.1,0.64
8.242718628,8.202418798,3.361417323,0.415363779,,7.09,11.3,4.1,0.51
8.39539745,7.179874548,3.224669144,0.310495617,,6.95,9.44,3.5,0.42
8.367297957,7.301018526,3.262233989,0.326513903,,7.16,9.65,4.6,0.52
8.436995029,6.640227544,3.220199387,0.285106111,,7.03,8.38,3.8,0.43
8.389939529,6.08773626,3.448731016,0.339598998,,7.02,7.26,4.1,0.65
8.109844113,6.513354495,3.96314686,0.583290816,,7.1,7.76,3.2,0.99
8.393633096,6.311193439,3.38542376,0.32313158,,7.21,7.57,3.6,0.57
8.434529094,5.519321037,3.443616438,0.307299806,,7.35,5.02,3.9,0.54
8.464415884,5.543973145,3.358361665,0.282032138,,7.38,5.02,4.9,0.45
8.453502174,5.724773721,3.31090456,0.257691875,,8.19,5.49,4.8,0.45
8.437114538,6.095269111,3.250140109,0.241679641,,8.76,6.22,4.5,0.41
8.425179669,6.181810939,3.269789445,0.252770267,,8.6,6.47,4,0.42
8.431763321,6.00639425,3.28745711,0.251432402,,8.64,6.02,4.1,0.43
8.432176266,5.722919537,3.339621087,0.254218425,,8.79,5.13,4,0.44
8.452451138,5.581100947,3.320403062,0.245812832,,8.76,4.65,4.8,0.41
8.456249808,5.660489762,3.301767629,0.246683296,,8.55,5.04,4.8,0.41
8.425111379,5.842600419,3.364935406,0.279664422,,8.09,6.06,5,0.57
8.477168107,5.750788115,3.253429661,0.247377111,,7.91,5.58,4.9,0.36
8.486109388,5.642587427,3.271728199,0.257576425,,7.42,5.14,4,0.26
8.500232227,5.545901588,3.262283343,0.256035011,,7.22,4.4,4.9,0.12
8.487176964,5.478089276,3.311827265,0.267063318,,7.27,4.08,3.8,0.16
8.477237464,5.470965516,3.339312088,0.27399105,,7.35,4.27,4.1,0.28
8.479603097,5.48294166,3.339159734,0.278432143,,7.15,4.35,4.1,0.28
8.463664686,5.513038861,3.372969381,0.288009601,,7.23,4.79,4.1,0.41
8.486210757,5.574660805,3.291402213,0.263357064,,7.34,4.87,4.6,0.28
8.487716887,5.740316471,3.237926062,0.247480343,,7.61,5.5,4.2,0.27
8.487251657,5.671290839,3.259485184,0.253762569,,7.5,5.28,4.4,0.28
8.488363515,5.613495177,3.280513214,0.262993568,,7.22,5.02,3.9,0.24
8.481364784,5.524946148,3.323132554,0.274236856,,7.15,4.57,3.6,0.25
8.481114029,5.68574718,3.281640846,0.264058614,,7.27,5.39,3.3,0.27
8.468291381,5.760550938,3.279268635,0.256481004,,7.76,5.57,3.4,0.32
8.46326081,5.861956399,3.228565966,0.228415096,,8.72,5.37,3.4,0.26
8.45258025,6.000160678,3.216175962,0.224566269,,8.95,5.61,2.9,0.23
8.494992516,6.004680029,3.156160404,0.230096058,,7.71,6.28,3.9,0.21
8.480028847,6.011435652,3.195435473,0.240776335,,7.73,6.32,3.4,0.26
8.478251155,6.088549041,3.185805002,0.240897949,,7.72,6.61,3.8,0.29
8.478126311,6.221044951,3.155960843,0.23512,,7.78,6.95,3.9,0.27
8.462841996,6.354341491,3.170257414,0.243122755,,7.79,7.29,3.7,0.3
8.43663757,6.59244808,3.197387102,0.26136652,,7.7,7.9,3.7,0.36
8.41012957,6.863494804,3.212502306,0.276365379,,7.67,8.45,3.4,0.36
8.340680586,7.279423123,3.296327958,0.32230696,,7.73,9.05,2.9,0.41
8.199761637,7.677106623,3.521199879,0.438028124,,7.79,9.24,2.3,0.59
8.36167251,7.370257479,3.220926822,0.294395731,,7.73,9.66,3.4,0.29
8.285749245,7.713957197,3.335536506,0.359415,,7.66,9.89,2.7,0.4
8.455315079,6.717192868,3.119670619,0.239992626,,7.667884615,8.356730769,4.051923077,0.243846154
8.267356636,7.877141667,3.346845013,0.374836874,,7.57,10.3,2.9,0.41
8.282803141,7.908182162,3.313333635,0.365250786,,7.44,10.7,3.8,0.42
8.29205013,7.935109246,3.293140332,0.360840068,,7.29,10.9,3.6,0.38
8.326403025,7.857383797,3.235876798,0.335239168,,7.11,11.1,3.6,0.3
8.32798705,7.837767241,3.235400424,0.333757384,,7.16,11.1,4.2,0.34
8.29471827,7.944855418,3.277012298,0.350095565,,7.36,11.2,4,0.34
8.286371331,8.057344133,3.285526939,0.366094909,,7.14,11.4,3.7,0.35
8.335121295,7.922029142,3.219049224,0.339423358,,6.83,11.4,3.9,0.32
8.294614233,7.720828482,3.27880299,0.318845167,,8.01,10.9,4.1,0.24
8.260676951,7.683749285,3.379490549,0.367675554,,8.07,9.67,3.9,0.51
8.441959977,6.783547483,3.118649206,0.232737489,,7.98,8.47,3.7,0.15
8.441008175,6.624411167,3.141758688,0.230509209,,8.31,7.83,3.8,0.2
8.424143571,6.655750042,3.14472422,0.21964354,,8.75,8,3.7,0.07
8.497898605,6.14460933,3.110818011,0.218426729,,7.88,6.67,4.5,0.19
8.485611613,6.14471059,3.125159644,0.21488244,,8.26,6.39,3.5,0.14
8.478973542,5.926094544,3.181260141,0.221061995,,8.45,5.53,2.6,0.14
8.484489084,5.978330352,3.165205065,0.221990072,,8.24,5.85,3.1,0.16
8.493599492,5.833919954,3.166666373,0.217314382,,8.37,5.37,4.3,0.17
8.47608826,6.104854166,3.13619134,0.208364608,,8.77,6.09,3.9,0.15
8.465584295,6.097712404,3.159743935,0.211957991,,8.91,5.93,3.2,0.15
8.483820582,5.921081494,3.180362112,0.224970341,,8.25,5.75,3.7,0.21
8.491210384,5.827996013,3.189476512,0.228730507,,8.02,5.49,3.6,0.18
8.503590209,5.786612137,3.169351875,0.224646747,,7.9,5.34,4.4,0.14
8.482237625,6.251954032,3.127731418,0.22404686,,7.97,6.92,3.9,0.21
8.473014111,6.281122791,3.144664137,0.228614946,,8.02,6.94,3.5,0.22
8.481883367,6.287100287,3.118636331,0.221419775,,8.08,7.15,5.3,0.28
8.492888308,6.148776295,3.123290629,0.22159889,,7.95,6.78,5.3,0.27
8.492596472,6.07519891,3.139008811,0.223787715,,7.96,6.53,5.1,0.27
8.495833879,5.96256528,3.157568067,0.227407774,,7.86,6.17,4.8,0.25
8.507898926,6.103641745,3.096211368,0.215502279,,7.8,6.66,5.6,0.21
8.501832791,6.124726798,3.11317091,0.222067748,,7.72,6.77,5.2,0.24
8.501580969,6.227814976,3.11270312,0.232391702,,7.29,7.27,4.8,0.26
8.497991972,6.149835251,3.149471862,0.245017578,,7.04,7.12,4.1,0.27
8.491938107,6.472863057,3.100916093,0.240106394,,7.04,7.98,3.9,0.24
8.500745474,6.394001245,3.086326617,0.231395589,,7.2,7.85,5.3,0.28
8.514671444,6.294369861,3.064820067,0.222022689,,7.23,7.56,5.9,0.24
8.499003528,6.25183072,3.110858782,0.230856789,,7.38,7.3,4.8,0.26
8.471873976,6.67037605,3.115636465,0.249966646,,7.14,8.58,5,0.35
8.462838261,6.545939543,3.148570615,0.249435805,,7.48,8.06,4.7,0.36
8.508429246,6.096823115,3.109431807,0.223882989,,7.52,6.76,5.3,0.23
8.488938651,6.406474688,3.096982793,0.227002245,,7.57,7.62,4.5,0.23
8.397259439,7.336121576,3.143299391,0.266730084,,7.48,10.4,4.8,0.21
8.451062916,6.891147811,3.094333769,0.236783477,,7.58,9.04,4.5,0.19
8.467579664,6.273164647,3.177436277,0.244152382,,7.66,6.99,2.5,0.23
8.497437643,6.10699908,3.13833824,0.231987294,,7.49,6.72,4,0.22
8.488872494,6.366007554,3.126580182,0.242778873,,7.1,7.56,3,0.21
8.463877027,6.536743326,3.162026022,0.259325312,,7.1,7.97,2.7,0.27
8.439135516,6.804358008,3.178097192,0.275225347,,7.05,8.57,2.6,0.3
8.167135751,8.541831838,3.400412361,0.428274802,,7.3,13.5,3,0.16
8.143831546,8.689721083,3.422059462,0.453042788,,7.15,14.1,3.6,0.2
8.130296113,8.756768767,3.435962273,0.466098964,,7.09,14.3,3.5,0.2
8.152521538,8.555055956,3.41663052,0.431473079,,7.41,14,3.8,0.16
8.515784903,6.125543629,3.132223706,0.251342172,,6.392115385,7.283076923,4.109615385,0.223269231
8.184775028,8.544414195,3.38740114,0.435364051,,7.19,12.8,4.1,0.36
8.23774461,8.36914062,3.32545112,0.40059111,,7.01,12.4,3.5,0.3
8.144708121,8.710496954,3.43832912,0.477117855,,7.11,12.8,3.7,0.42
8.328523772,7.899706017,3.224102646,0.333111205,,7.02,11.4,3.7,0.27
8.355801643,7.7701507,3.181828785,0.308301971,,6.97,11.4,3.4,0.17
8.375933531,7.662603477,3.152169167,0.291347314,,6.96,11.4,3.8,0.14
8.313228787,7.968355861,3.242718767,0.342814536,,7.01,11.4,2.6,0.21
8.006523469,8.971827209,3.583935272,0.543274914,,7.6,14.4,2.9,0.26
7.9499953,9.067080106,3.648280035,0.581040006,,7.74,14.5,2.3,0.27
8.197690508,8.38679678,3.381562345,0.41546376,,7.41,12.1,2.9,0.29
8.401164281,7.323379456,3.141786584,0.268164232,,7.35,10.1,3.1,0.13
8.493816635,6.506983659,3.060372841,0.218413615,,7.52,7.9,4.2,0.13
8.506212999,6.177244334,3.108730121,0.229474426,,7.27,7.01,4.1,0.19
8.505806456,5.697822784,3.215443162,0.24813392,,7.15,5.26,4.4,0.15
8.492602874,5.604719302,3.268057763,0.25810794,,7.31,4.97,4.8,0.25
8.493498656,6.102861368,3.156367477,0.239352388,,7.34,6.74,3.4,0.22
8.5025221,5.819978464,3.193133001,0.243002598,,7.21,5.66,2.7,0.11
8.509280213,5.935567538,3.15830194,0.240101126,,7.06,6.25,3.7,0.16
8.488987735,5.676456904,3.271109128,0.264831787,,7.04,5.31,3,0.21
8.488318166,5.684791285,3.274400827,0.267469295,,6.96,5.37,2.8,0.21
8.491427527,5.615860613,3.259166529,0.251777068,,7.49,4.88,4,0.2
8.48054743,5.681982105,3.268838844,0.253776916,,7.58,5.15,2.7,0.21
8.493236697,5.518664422,3.285288752,0.260503341,,7.32,4.39,5.1,0.2
8.465805173,5.610637392,3.325804108,0.268305012,,7.44,4.7,0,0.12
8.490133205,5.740074347,3.205545536,0.228445359,,8.17,5.13,4,0.19
8.576983516,6.380054804,3.165519428,0.424978001,,0,5.98,5.4,0.21
8.580855813,6.412536343,3.157334172,0.430555651,,0,3.94,8.3,0.31
8.579823983,6.403421584,3.160630162,0.430268373,,0,3.47,4.9,0.22
8.580783254,6.414086297,3.158101305,0.431570707,,0,2.91,5.4,0.24
8.58056291,6.411579547,3.158554074,0.4311116,,0,3.33,6,0.26
8.580895294,6.42795623,3.157735441,0.434010606,,0,3.05,5.2,0.36
8.580972654,6.421864423,3.157672139,0.432975936,,0,2.58,4.5,0.27
8.476124539,5.404723862,3.369780683,0.286569737,,7.14,3.75,4.5,0.3
8.483276924,5.45635931,3.329984179,0.27270127,,7.24,4.01,3.9,0.2
8.49071581,5.534497,3.290117935,0.262875204,,7.22,4.4,3.4,0.14
8.481233005,5.454535728,3.336705981,0.274875973,,7.2,3.97,3.2,0.18
8.489140322,5.519843089,3.298017797,0.264794574,,7.23,4.35,3.6,0.16
8.494499009,5.653870952,3.249403017,0.253159544,,7.34,5.14,4.3,0.22
8.489672776,5.661825495,3.260723327,0.256364994,,7.35,5.23,4.1,0.25
8.504241105,5.915977985,3.158439273,0.232222227,,7.58,6.25,6,0.3
8.475878052,5.846645422,3.252662528,0.256778706,,7.59,6.22,5.7,0.45
8.470499092,6.132748397,3.204056332,0.249990521,,7.64,6.93,4.7,0.39
8.519101804,6.26095943,3.030650994,0.201829627,,7.63,7.01,4.6,0
8.520598864,6.205528754,3.043029196,0.205659512,,7.62,6.97,5.7,0.1
8.490177487,6.453789256,3.07688927,0.21997554,,7.67,7.74,4.7,0.19
8.471270564,6.680217181,3.072682377,0.220839615,,7.71,8.35,3.8,0.09
8.372934075,7.377403292,3.177637985,0.272810331,,7.7,10.3,3.4,0.12
8.451388363,6.848637473,3.07942671,0.22263031,,7.8,9.16,4.8,0.08
8.403094027,7.203031157,3.12992338,0.247490879,,7.71,10.5,5,0.09
8.393203611,7.302333557,3.150367745,0.263883311,,7.63,10.3,4.7,0.19
8.221730972,7.944255058,3.438029778,0.424920276,,7.57,10.3,4.5,0.64
8.429349671,6.997997914,3.134898479,0.254808673,,7.59,9.16,4.5,0.28
8.462780108,6.511966106,3.152354781,0.248217424,,7.490208333,7.816875,3.529166667,0.287083333
8.460378729,6.72383598,3.109506911,0.238989452,,7.6,8.51,4.8,0.28
8.487638993,6.551194267,3.070776883,0.223255641,,7.53,8.1,4.8,0.2
8.470978194,6.610250055,3.108226925,0.237084765,,7.52,8.2,4.5,0.27
8.286533521,7.632200246,3.358343426,0.369248464,,7.64,9.85,4.5,0.57
8.042099728,8.542970451,3.645614918,0.567053512,,7.75,11,4.4,0.79
8.159823843,8.301125339,3.476163266,0.45783998,,7.72,10.9,3.8,0.57
8.230742145,8.115436825,3.368555416,0.3932574,,7.64,11,3.4,0.4
8.265685648,7.967769003,3.335127726,0.376068033,,7.49,10.7,3.4,0.41
8.259910815,7.792390117,3.393757079,0.398812408,,7.44,10.1,4,0.58
8.325228212,7.656708789,3.247852657,0.315948515,,7.49,10.1,0,0.05
8.416747901,7.124660343,3.130326795,0.252737874,,7.55,9.44,2.4,0.07
8.487966042,6.47108268,3.090238459,0.22823105,,7.42,7.69,3.1,0.14
8.504423569,5.840478907,3.187205154,0.243498805,,7.21,5.96,4.5,0.22
8.515624313,5.750460032,3.175338732,0.238283419,,7.13,5.32,4.3,0.06
8.498623127,5.639543774,3.231252541,0.243721185,,7.5,4.79,3.4,0.1
8.509258338,5.941953225,3.125545893,0.21905531,,7.7,5.8,3,0.04
8.494082862,5.812098178,3.200341906,0.237336624,,7.61,5.46,2.3,0.11
8.511781893,5.930178701,3.123632889,0.219339786,,7.69,5.89,4.2,0.1
8.236812549,5.92696223,3.800635885,0.44566996,,7.72,6.38,3.7,0.9
8.514058962,6.15012508,3.067581746,0.208648411,,7.67,6.51,3.3,0
8.503085498,6.315546273,3.060653945,0.209194833,,7.71,7.04,2.9,0
8.508538085,6.188369443,3.073454874,0.210323657,,7.7,6.6,2.8,0
8.51451619,6.018644021,3.095952796,0.213781414,,7.64,6.04,3,0
8.495297156,5.711024401,3.224119813,0.243304335,,7.52,5.17,3.1,0.14
8.503977546,5.729210714,3.192541825,0.233991401,,7.56,5.06,2.9,0.05
8.487053187,5.518424998,3.3071558,0.268691599,,7.22,4.51,4.6,0.25
8.509013986,6.062549948,3.121867946,0.229104428,,7.37,6.72,5.2,0.24
8.494885278,5.785050031,3.215942067,0.245803977,,7.46,5.76,4.8,0.28
8.470631405,5.326201833,3.403509862,0.294418149,,7.22,2.94,4.8,0.33
8.479344873,6.078075146,3.187429393,0.242046724,,7.68,6.64,4.1,0.31
8.477485018,6.397152909,3.144099785,0.245744907,,7.3,7.62,3.5,0.27
8.447342672,6.060400534,3.294292641,0.280572884,,7.26,6.78,2.8,0.39
8.436188879,6.706669918,3.190144937,0.269145998,,7.34,8.16,2.3,0.28
8.446409544,6.780718051,3.145051459,0.25567286,,7.38,8.41,2.7,0.23
8.418871315,6.956449322,3.175345169,0.268839777,,7.5,8.68,2.4,0.24
8.249636797,7.316982968,3.497906929,0.410328739,,7.59,8.77,2,0.57
8.44681502,6.840775639,3.114887571,0.241245417,,7.61,8.61,3,0.15
8.460655093,6.540029104,3.146373288,0.244822211,,7.55,7.71,2.4,0.2
8.434391979,6.67318208,3.192569721,0.264923922,,7.51,7.97,2.1,0.26
8.45015753,6.237639905,3.243165099,0.267669594,,7.41,7.04,2.2,0.31
8.402730165,7.126310207,3.189700751,0.28308889,,7.38,9.12,2.7,0.28
8.207252275,7.723101209,3.514601462,0.448860391,,7.49,9.68,3.6,0.68
8.372434165,7.314684589,3.24230033,0.317047299,,7.27,9.76,5.3,0.53
8.34446005,7.71439014,3.209195587,0.311661989,,7.37,11.2,5.8,0.37
8.471799817,6.695221227,3.100630698,0.241941475,,7.32,8.6,5.2,0.32
8.400221549,7.005037516,3.228167915,0.295665111,,7.29,8.84,2.9,0.37
8.317244067,7.659234441,3.292834552,0.34763224,,7.37,10.1,3.5,0.43
8.363392048,7.429123799,3.225171268,0.307643351,,7.49,9.98,5,0.44
8.491146361,6.393139409,3.115400424,0.240545885,,7.125,7.734117647,3.926470588,0.252941176
8.27688319,7.944203753,3.315785243,0.366436773,,7.47,10.8,3.7,0.4
8.285965321,7.880336985,3.310831601,0.362138255,,7.45,10.6,3.5,0.4
8.273446247,7.864112868,3.353427337,0.386499815,,7.34,10.4,3.9,0.52
8.173709798,8.37164467,3.446027274,0.454523899,,7.42,11.2,2.9,0.48
8.087070228,8.609298964,3.560201355,0.53115298,,7.39,11.2,1.5,0.51
8.255708268,8.08990668,3.336272524,0.385575549,,7.37,11.1,3.5,0.4
8.36082261,7.590645803,3.195710139,0.301566355,,7.4,10.8,5.6,0.37
8.341232246,7.6638375,3.224294698,0.314174521,,7.39,10.6,3.5,0.27
8.317419062,7.694774484,3.269649966,0.331899213,,7.5,10.2,2.3,0.27
8.418180938,7.135787702,3.153659443,0.273125406,,7.24,9.33,2.9,0.24
8.479477186,6.798726147,3.0827742,0.249248732,,6.77,8.89,3.5,0.22
8.518714468,6.497066471,3.050580361,0.238452445,,6.38,8.35,4.2,0.19
8.499845958,6.484151083,3.101842017,0.251252055,,6.5,8.23,3.5,0.24
8.487970843,6.726581254,3.063440301,0.237059322,,6.8,8.38,0.9,0
8.522850324,6.007363646,3.12360392,0.240349846,,6.6,6.57,3.5,0.09
8.504104524,5.701373638,3.239987129,0.264048975,,6.67,5.43,3.7,0.16
8.500368809,5.778973525,3.24749645,0.274727571,,6.38,6.02,3.6,0.24
8.484812398,6.207488699,3.201235643,0.273995085,,6.44,7.59,3.3,0.33
8.486255039,5.806136433,3.282509906,0.28682451,,6.35,6.26,3.1,0.31
8.487514149,5.774346614,3.262181416,0.268783286,,6.83,5.79,2.3,0.21
8.479207225,5.694036107,3.306191251,0.281054968,,6.74,5.5,1.9,0.23
8.494799381,5.485181984,3.306252407,0.273486885,,6.93,4.1,5.2,0.17
8.489026148,5.456404314,3.315988023,0.269602302,,7.23,3.98,5.1,0.2
8.492508975,5.438564536,3.309228669,0.266709685,,7.25,3.71,5.6,0.14
8.479584958,5.305664485,3.394931919,0.296651249,,7.05,2.03,6.5,0.24
8.48932332,5.375076706,3.347131481,0.282391039,,6.98,2.92,6.1,0.11
8.49537505,5.496532115,3.296316156,0.268347717,,7.06,4.21,5.4,0.18
8.495710635,6.006546365,3.182281554,0.24899934,,7.14,6.75,4.9,0.33
8.516775652,6.267552138,3.062483262,0.220058484,,7.21,7.34,4.9,0.16
8.509535236,6.249057544,3.087964955,0.226929277,,7.21,7.3,4.6,0.2
8.481915912,6.677369747,3.066735218,0.227563687,,7.39,8.5,4.6,0.19
8.429342201,6.872639716,3.129229205,0.236889623,,8.05,8.8,4.3,0.18
8.354925601,7.313750746,3.2098962,0.271617169,,8.2,10.1,4.5,0.19
8.370745037,7.257405578,3.190794049,0.266193078,,8.12,9.98,5,0.23
8.481584061,5.897344777,3.23794001,0.259070875,,7.2148,6.2444,3.344,0.2944
8.127263579,8.281585291,3.491273106,0.432613896,,8.52,11,3.5,0.42
8.004532368,8.597744512,3.654125267,0.543655896,,8.54,10.9,3.8,0.67
8.286890981,7.754283018,3.307869287,0.341136937,,7.97,10.5,5.3,0.46
8.367002386,7.246211162,3.232723505,0.293643631,,7.83,9.27,3.8,0.36
8.493986828,5.973217842,3.186129022,0.245827515,,7.28,6.48,4.2,0.28
8.454723938,5.957513076,3.296488895,0.277805243,,7.27,6.55,3.4,0.41
8.481660355,5.780219249,3.276925392,0.273239174,,6.86,5.91,2.7,0.27
8.487111874,5.637364657,3.297662662,0.277183611,,6.77,5.24,3.1,0.24
8.493349804,5.899437486,3.20600367,0.25044817,,7.16,6.14,3,0.21
8.489754938,5.71041639,3.239760744,0.247586713,,7.52,5.22,2.9,0.17
8.479962691,5.778677846,3.255063708,0.255048874,,7.44,5.57,2.3,0.21
8.483729884,5.723503245,3.288577231,0.277286955,,6.73,5.66,2.4,0.24
8.486558079,5.457920966,3.3587683,0.299325185,,6.43,3.75,3.3,0.2
8.479991501,5.388871931,3.366365599,0.286778554,,7.02,3.35,3.7,0.19
8.496834764,5.740436633,3.222978233,0.247744643,,7.35,5.49,4,0.21
8.484248466,5.47742591,3.318757213,0.26840858,,7.3,4.12,3.6,0.18
8.468329795,5.308993917,3.405657834,0.290650696,,7.32,2.71,3.3,0.23
8.470724238,5.321204535,3.394318212,0.286769924,,7.35,2.86,3.6,0.22
8.474988139,5.377579856,3.368897675,0.280732495,,7.36,3.52,4.5,0.27
8.581595807,6.420310418,3.156390008,0.432655817,,0,0,0,0
8.42008721,6.670059218,3.206491845,0.259319819,,8.05,7.85,3.4,0.33
8.235010848,6.992919608,3.570310345,0.408691715,,8.1,8.06,3.3,0.7
8.417579127,6.344847344,3.282523854,0.27350863,,8,7.12,3.4,0.43
8.38845634,7.089456033,3.187382185,0.26166254,,8.11,9.04,3.3,0.2
8.343224414,7.395154862,3.236121422,0.290384939,,8.09,9.8,3.8,0.26
,,,,,7.588577291,7.089876881,4.193160055,0.604746922