7.764992564,8.533115369,6.614787974,2.324675174,,7.53,8.02,6.4,2.31
7.475302837,9.502234792,5.907465518,2.051434879,,7.36,5.48,6.5,2.06
7.220882594,6.206781679,5.706289962,1.074199237,,7.21,5.47,5.5,1.11
7.268366512,4.845361292,6.099286341,1.410859438,,7.33,3.36,6.9,1.93
7.542076213,3.343875241,5.025778539,1.878580518,,7.35,2.28,6.6,2.15
7.431367902,3.001482004,6.51046753,1.981470016,,7.31,2.03,5.6,2.44
7.256745887,2.398282364,6.582561947,2.134945849,,7.41,1.48,8.2,2.24
7.409050177,2.135126726,6.880677375,2.154148514,,7.32,1.07,6.6,1.63
7.364280815,1.840028255,6.821206857,2.149737012,,7.26,0.84,6.6,1.44
7.177211752,1.14601946,6.597499047,1.701353325,,7.27,2.27,4.6,1.25
7.277599096,1.359488794,6.472690249,1.518141944,,7.28,2.58,6.4,1.2
7.272942523,2.073156898,5.605137832,1.261150946,,7.29,2.85,6.3,0.63
7.240038672,2.458875505,5.905313253,1.173221414,,7.49,3.51,4.9,0.72
7.109759203,2.904968981,5.658700888,0.919846776,,7.43,3.06,5.7,0.92
7.22755641,3.094914019,5.650574642,0.904578236,,7.41,3.85,5.6,1.14
7.347754996,3.194805078,5.6211457,0.905735081,,7.36,3.14,5.7,1.1
7.462376686,3.386624103,5.34768153,0.986378429,,7.41,3.51,4.7,0.97
7.499239798,3.420044885,5.523730527,1.074112258,,7.24,3.69,5.6,1.4
7.344629629,3.560656455,5.42607073,1.143481381,,7.17,3.49,4.9,1.22
7.244232682,3.526988598,5.126416744,1.186377683,,7.17,4.07,5.1,1.33
7.322433548,3.671028609,5.006086286,1.225813985,,7.08,3.7,4.2,0.93
7.156484454,3.655438605,5.002375079,1.23160785,,7.21,3.14,5.2,0.4
7.081698657,3.709767121,4.113600434,0.966987458,,7.37,4.04,4.6,0.32
7.242952231,3.859260776,4.936986371,0.55842722,,7.28,4.25,5.3,0.49
7.153403369,4.048484392,4.969066482,0.461741263,,7.32,4.59,4.8,0.47
7.200349498,4.205461393,4.913861869,0.4588612,,7.39,4.69,4.3,0.6
7.25334629,4.457994171,4.837535882,0.469770358,,7.48,5.36,4.8,0.34
7.312767745,4.611248401,4.760800042,0.482794365,,7.53,5.85,4.9,0.43
7.483156802,5.337044314,4.715984449,0.443238243,,7.65,5.87,5,0.51
7.536929868,5.668800291,4.988273778,0.427187227,,7.78,6.01,4.4,0.29
7.598934632,5.816719239,4.843299572,0.386881021,,7.7,6.01,4.7,0.29
7.737315086,5.779060834,4.811838533,0.32729963,,7.71,5.96,4.2,0.27
7.751846069,5.792253449,4.628724401,0.290818265,,7.78,6.55,4.2,0.25
7.774056555,6.07931907,4.484736203,0.279226052,,7.8,6.5,4.1,0.29
7.7543024,6.510631723,4.363357509,0.280065356,,7.83,6.75,4.8,0.34
7.808799454,6.368834286,4.297098669,0.305991195,,7.91,6.42,4.2,0.42
7.819398386,6.637833755,4.291154728,0.328115508,,7.95,5.67,4.7,0.98
7.900769969,6.573963837,4.386812469,0.431652082,,7.87,6.49,4.7,1
7.895302444,6.543942694,4.62202513,0.707164258,,7.91,7.39,4.7,0.8
7.849777082,6.475771247,4.695125939,0.939709855,,7.8,6.42,4.9,0.99
7.846698664,6.504232985,4.781762624,0.982809705,,7.79,6.98,4.8,0.87
7.829034312,6.866336388,4.783987846,0.923070385,,7.81,7.23,4.8,1.02
7.797789711,6.939926825,4.812637853,0.932561985,,7.617735849,6.566415094,4.977358491,1.059622642
7.773309092,6.928906126,4.860341729,0.994699397,,7.94,8.11,5.6,1.29
7.790065392,7.123402468,4.894127772,1.019285914,,7.94,9.87,5.1,1.35
6.558744935,2.074056988,8.579005956,2.63061268,,7.92,9.15,5,2.1
7.375744051,3.380762719,5.928837953,2.45455836,,7.81,9.41,5.1,2.18
7.877329182,9.634902619,5.072840813,2.098422675,,7.87,11.2,4.8,1.47
7.924915003,9.870144673,5.034361846,1.976011402,,7.98,9.93,5.3,1.9
7.839375019,9.363335643,4.936108728,2.138570727,,7.92,9.51,6,3.76
7.805183248,9.474373414,5.265997414,2.125382625,,7.92,8.9,6.6,2.42
7.969672094,9.94272611,5.263192818,1.921154234,,7.73,8.36,6.2,1.65
7.828337,8.727954195,5.981284106,2.189022894,,7.55,6.79,4.9,2.04
7.773651079,7.925883326,6.016794321,2.388568758,,7.68,4.99,5.8,2.93
7.617970667,7.050201769,5.16734839,2.037872185,,7.57,4.47,6.5,2.12
8.029931177,10.75774387,4.839769687,1.384976528,,7.47,3.68,4.5,2.05
7.545413921,4.325601771,5.923046366,2.1443387,,7.44,3.04,6.3,2.09
7.526830312,4.139350702,5.848744967,2.124618419,,7.31,6.15,5,1.6
7.98536722,10.19605997,4.990962499,1.492119261,,7.36,5.62,4,1.21
7.366454914,5.474743643,4.742943544,1.546441328,,7.4,5.83,4.2,1.22
7.561632965,5.815276395,4.127247893,1.23357127,,7.35,5.84,4.3,1.31
7.660584604,7.967910317,4.647248251,1.417949584,,7.25,5.79,4.2,0.84
7.529953545,5.768296661,4.239550812,1.16032597,,7.31,5.5,5.8,0.8
7.209177139,5.790662541,4.565498687,0.895997339,,7.27,6.16,5,0.74
7.250777919,5.779193147,4.590760433,0.83666097,,7.49,5.48,3.8,0.79
7.321705825,5.791146789,4.622872731,0.784357582,,7.62,6.14,4.2,0.73
7.393656491,5.912006339,4.750504365,0.745164059,,7.3,5.76,5.2,0.59
7.449478811,6.055954091,4.670181775,0.708501226,,7.42,5.24,5.1,0.39
7.419263907,5.643187787,4.776297203,0.584892532,,7.46,5.08,4.9,0.48
7.321769314,5.214349481,4.998344143,0.479941987,,7.48,4.09,5.3,0.47
7.439931983,4.739885626,5.100813811,0.463626447,,7.32,3.02,5.9,0.53
7.452931227,4.944268553,5.086391709,0.430785877,,7.34,5.27,5.1,0.36
7.415122715,4.867156065,5.096901969,0.47821025,,7.35,5.19,5.5,0.57
7.357333302,4.969331552,5.366751493,0.494477033,,7.33,5.45,5.2,0.52
7.247552784,5.261571789,5.525054502,0.500060511,,7.45,5.55,5,0.48
7.273652106,5.379785075,5.100193667,0.514122664,,7.39,5.14,4.3,0.68
7.363469863,5.401887679,5.046240071,0.539912542,,7.4,5.41,3.8,0.58
7.440110713,5.49256497,4.694299796,0.531367177,,7.36,5.57,4.5,0.5
7.495595848,5.543855684,4.386060357,0.534297231,,7.09,6.1,4.7,0.47
7.391447713,5.53299115,4.34767688,0.538194144,,7.6,6.41,5,0.54
7.339319493,5.673230532,4.398942828,0.533224563,,7.66,5.56,4.7,0.64
7.483584686,5.849587816,4.635598557,0.573165254,,7.71,5.77,4.3,0.74
7.61471352,5.878950093,4.741373872,0.644281807,,7.8,6.21,5.8,0.82
7.701808185,5.950823159,4.783167067,0.672881022,,7.9,7.14,4.3,0.51
7.759945987,6.068630055,4.835779522,0.692163157,,7.93,7.72,5.4,0.49
7.893025375,7.073964588,4.677194337,0.540136491,,7.91,7.65,5.3,0.49
7.892882391,7.372463149,4.908094959,0.501130826,,7.86,7.28,4.7,0.46
7.882548086,7.486070226,4.736067242,0.484463558,,7.84,6.24,4.5,0.54
7.876574783,7.376613013,4.817603296,0.482435576,,7.79,6.45,4.5,0.58
7.865112614,7.230201716,4.888628018,0.466388259,,7.76,7.74,5.3,0.44
7.841812144,7.179780489,4.728168453,0.482032065,,7.89,7.74,5.1,0.58
7.835664379,7.102057289,4.855830128,0.576502183,,7.98,7.42,4.8,0.84
7.858486281,7.51499056,4.882107923,0.596519605,,7.96,8.47,4.6,0.82
7.915863283,7.976360359,4.874125448,0.700547117,,7.98,10.6,4.2,1.04
7.937993741,7.828280295,4.76325594,0.812467091,,7.723076923,6.480384615,4.721153846,0.953653846
7.949559946,8.415525845,4.617906215,0.858045624,,7.95,9.45,4.8,1.09
7.915302018,9.070252922,4.591034026,1.058714482,,7.78,8.44,4.3,1.32
7.819845477,8.517704032,4.459300645,1.213626928,,7.78,7.84,4.6,1.29
7.75030526,8.272234258,4.435334978,1.257136343,,7.71,8.5,4.4,1.36
7.773366712,8.505339499,4.289594712,1.331954889,,7.64,9.86,4.6,0.72
7.770437148,8.458333213,4.392798253,1.245699481,,7.81,9.94,4.1,0.61
7.76976331,9.412920687,4.416507494,1.02373037,,7.88,10.1,4.4,1.14
7.801363236,9.786720756,4.351428858,1.078459422,,7.7,9.36,4,1.53
7.808338492,9.871777436,4.328002866,1.097116898,,7.5,8.21,4.1,1.54
7.674021868,9.044765081,4.16535885,1.421746403,,7.48,6.87,4.6,1.88
7.550624289,8.211458399,4.207716398,1.558677815,,7.41,4.75,5,1.91
7.479851638,6.938537536,4.487639507,1.752181542,,7.46,3.59,4.6,1.88
7.437605298,5.171166326,4.790328764,1.817018782,,7.37,4,5.1,1.18
7.425480495,4.558067048,4.875191923,1.700205222,,7.4,4.58,5.1,1.26
7.258781271,4.338151272,5.047711035,1.305622736,,7.42,5.31,4.7,0.78
7.29557876,4.39781012,5.0750714,1.233810238,,7.4,4.97,5.2,0.94
7.243937111,4.960910313,5.302581615,1.006698484,,7.45,5.51,5,0.96
7.312559138,5.314271143,4.885518715,0.936166127,,7.59,6.16,5,0.93
7.415681845,5.267829213,4.868511965,0.919850251,,7.56,4.38,5.6,1.01
7.375244675,5.347008758,5.053871704,0.938438121,,7.5,5.22,5,0.89
7.528366853,5.496409253,4.782717517,0.932325482,,7.65,6.11,5.2,0.84
7.503291358,5.928927576,4.864402706,0.907417949,,7.67,6.12,5,0.91
7.612598109,5.913999138,5.273455235,0.864853199,,7.74,6,4.4,0.71
7.659435933,5.949338461,5.007692438,0.842452369,,7.81,5.65,4.9,0.81
7.739210153,5.873309681,4.940516256,0.809171075,,7.86,5.01,4.5,0.77
7.83118707,5.436350315,4.846820874,0.787106056,,7.73,4.04,5,0.82
7.808048256,5.138720341,4.431282584,0.788879825,,7.57,1.48,5.4,1.26
7.710146587,4.162661226,4.803874296,0.85030773,,7.55,2.92,4.6,0.82
7.74080218,4.019445247,4.835055306,0.828895839,,7.68,4.23,5,0.82
7.683447587,3.968719339,5.189965405,0.823984767,,7.56,5.01,4.6,0.57
7.657309318,4.165257084,5.088181329,0.814088871,,7.66,5.02,4.8,0.75
7.590124063,4.72257645,4.927977117,0.72594559,,7.75,5.54,4.4,0.75
7.638804669,5.094810813,4.855880555,0.730276053,,7.75,5.13,4.3,0.71
7.648442196,5.221232467,4.325069521,0.72157343,,7.9,5.56,4.3,0.8
7.757100185,5.310677085,4.40478055,0.744728267,,7.89,5.25,5,0.75
7.837033395,5.43358884,4.416758555,0.762864428,,7.93,5.84,4.7,0.76
7.885232765,5.478716639,4.533060223,0.765508101,,7.91,6.59,4.8,0.67
7.919526439,5.768675148,4.706733789,0.758147043,,7.87,5.92,4.1,0.68
7.898334444,5.957685443,4.574750419,0.69910703,,7.88,6.07,5.2,0.61
7.90274293,6.011363195,4.586934424,0.705647055,,7.97,5.61,4.7,0.81
7.903251909,5.977861855,4.599467125,0.696729674,,8,5.48,5,0.87
7.962536249,5.589789963,4.941236181,0.793859494,,8.02,5.73,4.4,0.88
8.00715089,5.590971331,4.741835224,0.823564779,,8.04,5.84,4.6,0.65
8.006951353,5.682067614,4.605011942,0.797575947,,8.06,6.32,4.6,0.69
8.040682696,5.946844312,4.642394391,0.753036905,,8.13,7.61,5.3,0.82
8.054099686,6.328494964,4.699484113,0.696298477,,8.03,8.59,5.2,0.78
8.094603547,7.584614301,5.180977609,0.787959146,,7.95,9.41,4.3,0.78
7.992480124,8.55167972,4.890503471,0.784215344,,7.82,9.3,4.4,0.81
7.887363648,9.186788441,4.30194931,0.792633379,,7.61,9.84,4.5,0.78
7.866510973,9.425022394,4.404858873,0.783116448,,7.46,9.62,4.9,0.88
7.683173357,9.600195159,4.534255448,0.817905754,,7.41,9.69,4.9,1.03
7.539588937,9.599465186,4.72858689,0.864062541,,7.455384615,6.441923077,5.088461538,0.911730769
7.469800099,9.544310387,4.84281247,0.913882091,,7.25,8.33,4,1.3
7.359920346,9.092504041,4.530838219,1.064042852,,7.26,9.18,4.2,1.15
7.276231681,8.940315967,4.356646436,1.174493484,,7.25,9.07,4.7,1.37
7.309169678,8.419358427,4.175284372,1.269767711,,7.15,7.94,5.1,1.32
7.207633129,8.455878668,4.524311687,1.295030782,,7.03,7.98,5.8,1.33
7.183770861,8.256024542,5.106667627,1.293052903,,7.07,8.22,5.2,1.25
7.307881758,8.042633067,5.338398683,1.309103247,,7.07,7.13,4.6,1.31
7.09385547,7.819959866,5.433406239,1.300837762,,7.19,5.06,4.9,1.66
7.020365596,7.14368824,4.829174667,1.305571961,,7.25,5.77,4.6,1.41
7.072583981,5.873793029,4.702495781,1.429307649,,7.04,5.21,4.6,1.52
7.144775265,5.452511426,4.634860393,1.536175322,,7.1,5.61,5.3,2.22
7.1325667,5.327492562,4.927793649,1.600779422,,7.1,5.53,5.5,1.61
7.110001955,5.537480798,4.904157367,1.548828435,,7.27,5.78,4.9,1.48
7.143660739,5.547443441,4.998816225,1.574294607,,7.37,5.78,4.8,1.17
7.227582553,5.689887143,5.103359835,1.495846363,,7.55,4.28,4.7,1.22
7.35656023,5.402073998,4.633163044,1.336730112,,7.48,5.2,3.6,1.28
7.421285952,5.309513269,4.724729766,1.260631425,,7.67,5.24,36,1.24
7.507006799,5.178640671,4.635694047,1.190856324,,7.72,5.29,3.9,1.03
7.668558078,5.140349503,4.389511919,1.076783729,,7.85,5.41,3.9,0.84
7.754882338,5.290797703,4.285511204,1.029202883,,7.99,5.17,4.5,1.02
7.927032548,5.293389962,4.465142658,0.988404169,,8.05,5.38,4.6,0.98
7.928017962,5.266024083,4.359499312,0.988943529,,7.71,5.19,4.9,1.05
7.914397166,5.269325162,4.536845461,0.991866073,,7.02,5.35,3.9,1
7.747846794,5.200904841,4.832311866,1.041316635,,7.02,5.75,4.8,1.07
7.233213335,5.503744534,4.465819667,1.019984101,,7.05,5.85,4.8,0.98
7.082292466,5.629793102,4.549303059,1.009639747,,6.91,5.27,4.7,0.47
7.029391174,5.62636286,4.547239846,0.961120064,,7.35,4.37,4.6,0.34
7.139130611,5.160354898,4.849659803,0.589757873,,7.4,4.92,5.1,0.51
7.253343089,4.877962543,4.737778539,0.515366824,,7.25,4.24,3.6,0.62
7.285218845,4.569565695,4.519421348,0.489487949,,7.37,3.38,4.1,0.55
7.353776316,4.009163522,4.271329434,0.535917218,,7.45,3.51,4.6,0.56
7.356187832,4.067862424,4.153987041,0.555854498,,7.5,4.83,4,0.44
7.384290527,3.975275143,4.159190671,0.528448107,,7.41,4.42,4.8,0.4
7.431804322,3.971942111,4.611932233,0.514013043,,7.4,4.03,5.3,0.55
7.464513972,4.299249844,4.847006488,0.495549252,,7.41,4.36,5.2,0.5
7.414621205,4.398447834,4.915573165,0.477538403,,7.46,5.49,4.7,0.61
7.411446754,4.437837561,5.049028573,0.488869231,,7.5,5.46,4.8,0.47
7.462542077,5.090561939,5.010188034,0.494338045,,7.5,5.36,5.3,0.39
7.580448123,5.368607761,4.856183117,0.485464715,,7.49,5.84,3.9,0.49
7.494336738,5.428564539,4.743454251,0.466320335,,7.58,5.27,4.8,0.41
7.496232872,5.537145515,4.736371949,0.454476935,,7.79,7.18,3.8,0.71
7.500477567,5.749106297,4.17905459,0.477524168,,7.75,7.62,3.5,0.61
7.729660658,7.124686896,3.831151688,0.636491232,,7.76,8.03,4.4,0.78
7.752071215,7.470897413,3.747656494,0.662801977,,7.74,8.12,3.6,0.74
7.759947054,7.979312653,3.959561183,0.727810149,,7.82,8.72,4.5,0.62
7.757555812,8.116123594,3.923093929,0.712038341,,7.83,9.34,4.2,0.5
7.757546742,8.525073967,3.82487729,0.62736963,,7.78,9.22,4.1,0.35
7.836710081,9.190679529,4.200212442,0.51260221,,7.76,9.76,4.4,0.59
7.819983125,9.357370749,4.250912965,0.508145649,,7.86,10.5,3.5,0.56
7.786840256,9.777645151,4.127649162,0.546463776,,7.76,11,3.5,0.68
7.809928385,10.29472961,3.775921324,0.589417802,,7.69,10.3,3.9,0.95
7.765471133,10.38556216,3.810088252,0.720441917,,7.65,9.74,3.9,1.2
7.705934971,10.25208335,3.767135236,0.90461982,,7.630784314,6.869215686,3.939215686,0.827843137
7.662158492,9.736792778,3.888501055,1.103738859,,7.6,9.11,4,1.38
7.608327806,9.074284424,3.926553002,1.178924152,,7.47,8.15,3.9,1.19
7.595175442,9.037508558,3.996247312,1.300520108,,7.46,9.56,4.2,1.51
7.622092652,8.947828116,3.979220176,1.374625784,,6.96,11.7,3.5,1.7
7.456771512,9.498256395,3.871443878,1.476660735,,7.38,12.4,3.6,1.99
7.141177731,11.45975086,3.538013505,1.666085297,,7.44,13.8,2.7,1.44
7.242857264,12.112072,3.515174397,1.652754061,,7.57,13.1,3.8,1.29
7.491969505,12.77873607,3.586739868,1.486865765,,7.71,12.6,4.1,1.42
7.61794079,12.82340392,3.858396178,1.444162589,,7.66,12.6,4.6,1.54
7.65802637,12.76267396,3.876538071,1.434431909,,7.48,7.16,4.2,1.5
7.685208207,12.420972,4.187820292,1.432849471,,7.4,3.35,4.4,1.63
7.496672494,8.039821186,4.196955077,1.426097266,,7.45,7.73,4.1,1.28
7.497560273,7.254766065,4.247510757,1.443962851,,7.5,7.36,4.1,1.37
7.478096887,7.140843956,4.167805093,1.394717408,,7.51,4.47,5,1.09
7.412388953,5.751209807,4.636244451,1.313508696,,7.43,5.46,4.9,1.3
7.54141358,5.553390784,4.718639909,1.277296787,,7.27,4.84,4.1,1.24
7.399687948,5.15606372,4.564726189,1.214285885,,7.28,5.01,4.3,0.82
7.417195979,4.725673209,4.587668297,1.103261706,,7.43,3.86,3.9,0.88
7.371906433,4.505050863,4.14324074,0.951625887,,7.55,4.12,3.9,0.85
7.424922432,4.224009092,3.894641339,0.873202525,,7.6,4.48,3.2,0.78
7.468498308,4.212518097,3.756087447,0.828762344,,7.7,4.07,3.5,0.65
7.550305244,4.295323202,3.473671961,0.795505484,,7.65,5,3.3,0.79
7.627533501,4.464225492,3.353089369,0.757894848,,7.72,5.12,3.2,0.57
7.675486384,4.752305514,3.276637851,0.69942558,,7.8,5.01,3.2,0.65
7.717585473,4.964950816,3.268073856,0.647063346,,7.38,5.03,3.3,0.64
7.681858761,5.045991746,3.223604814,0.626049587,,7.53,5.03,3.2,0.57
7.595125291,4.924886921,3.217871165,0.610874751,,7.62,5.04,3,0.64
7.55840943,4.926403572,3.201795703,0.627604563,,7.5,5.13,4.5,0.74
7.51724507,5.040010199,3.272473874,0.618854192,,7.57,3.22,4.3,0.44
7.561886921,4.927962078,3.375163489,0.603563795,,7.41,3.07,3.6,0.39
7.516934028,3.680080361,3.766920654,0.547676664,,7.5,3.49,3.5,0.6
7.505179489,3.444021476,3.587703344,0.548918023,,7.55,3.27,2.8,0.58
7.476055102,3.082598091,3.498104345,0.44747814,,7.47,3.42,3.4,0.43
7.416310333,3.437404016,3.340497657,0.45863882,,7.6,4.22,3.4,0.36
7.512339877,3.575063291,3.311380933,0.481099729,,7.42,5.07,3.7,0.34
7.558405162,4.113300304,3.371744114,0.371087019,,7.68,5.3,3.3,0.39
7.560421872,4.732580048,3.648127681,0.351846693,,7.76,5.03,4.6,0.3
7.605299539,5.072032692,3.800404135,0.363980061,,7.8,5.66,5.4,0.51
7.668602894,5.263966928,4.075651487,0.397583267,,7.8,6.45,5.7,0.7
7.782675056,5.637720192,5.144584387,0.500742222,,7.76,7.56,4.7,0.64
7.792378739,6.144639483,5.082298544,0.520697996,,7.81,6.66,4.1,0.4
7.807430439,6.652240142,4.443571734,0.450961229,,7.87,6.74,3.3,0.24
7.808631929,6.697016456,4.143184949,0.401427275,,7.9,6.84,4,0.32
7.849851241,7.143939365,3.897007113,0.329515469,,7.85,6.84,3.7,0.29
7.860355739,6.966979922,3.766270468,0.319420731,,7.89,7.16,3.2,0.4
7.874950211,6.830868801,3.728704551,0.32397548,,7.95,8.16,3.4,0.67
7.889285925,7.035046958,3.248273239,0.39839029,,7.98,8.98,4.8,0.7
7.940307089,8.129191997,3.681465247,0.594165339,,8.01,10.2,4.8,0.58
7.9784944,8.880118866,4.283837459,0.626449288,,8.14,10.6,4.3,0.38
8.022542976,10.08697989,4.888678445,0.575905322,,8.19,10.8,4.1,0.56
8.122061214,10.53078084,4.442046051,0.536521588,,8.21,11.3,5.1,0.55
8.13483211,10.64288792,4.399608034,0.526880689,,7.838627451,7.151568627,3.866666667,0.706666667
8.184365817,10.8172389,4.232457782,0.549218751,,8.24,11.5,3.7,0.6
8.187589352,11.07584368,4.291366092,0.585057972,,8.14,11.5,4.1,0.66
8.152397762,11.47274186,3.982172833,0.64309963,,8.13,12.1,3.9,0.76
8.151962408,11.49859693,3.921896558,0.660072446,,8.08,11.8,3.6,1.08
8.135103673,11.84767874,3.832493903,0.755192441,,8.05,11.9,3.3,1.01
8.079392858,11.78832592,3.62728312,0.969289604,,7.97,10.8,3.9,1.22
8.070677256,11.77874896,3.557800174,1.047418065,,7.83,9.06,4.4,1.2
7.972790525,10.87693015,3.986667268,1.207575712,,7.72,8.3,3.7,1.37
7.840647467,9.359262737,4.037355989,1.19646973,,7.77,9.04,3.1,1.03
7.805913105,9.166357304,3.758192503,1.155626069,,7.77,9.34,3.7,0.99
7.776052992,8.916712914,4.024867277,1.156275275,,7.71,8.6,4.7,1.15
7.706084357,8.737322329,4.398377403,1.118406054,,7.78,7.91,5.6,1.25
7.709273213,8.668487066,4.56472297,1.130870862,,7.65,6.02,4.8,1.02
7.731860899,8.009644778,4.866024951,1.154438849,,7.62,6.13,3.8,1.09
7.65538544,6.284116039,4.275027767,1.057141236,,7.63,5.29,4.5,0.88
7.662879812,6.053288475,4.451627168,1.038270235,,7.7,4.85,4,0.95
7.657432561,5.480919159,4.230967505,0.989444556,,7.65,4.56,3.2,1.2
7.668175543,4.973508869,3.835555997,1.011842808,,7.74,4.43,3.3,1.21
7.7115092,4.912014738,3.849662663,0.992248513,,7.86,7.58,3,0.76
7.704098591,4.99097421,3.497373691,1.077905042,,7.93,8.45,2.9,1
7.842058097,7.204519455,3.192181326,0.820769453,,7.85,7.34,4,0.64
7.85458304,7.392709318,3.442763472,0.749867434,,7.7,5.82,4.3,0.49
7.843216905,7.317279547,3.623121288,0.688241585,,7.3,3.06,2.7,0.66
7.703123848,5.808441113,3.87619152,0.560392209,,7.54,3.42,2.9,0.55
7.592900507,4.381120206,3.386391528,0.479663452,,7.67,4.39,3.5,0.4
7.489699372,4.178265181,3.339562077,0.44310811,,7.6,4.19,3.3,0.3
7.554965018,4.012309335,3.416544687,0.469103219,,7.58,4.18,3.9,0.51
7.477303541,4.130599129,3.626300331,0.469024534,,7.56,4.15,4.3,0.55
7.469412229,4.151900203,3.773789445,0.482901632,,7.64,3.15,3.6,0.64
7.549471884,4.056340825,3.930306053,0.490950902,,7.74,3.28,3.8,0.26
7.600744336,3.701003848,3.937035366,0.478836029,,7.47,3,3.9,0.33
7.608602035,3.581730706,3.886913144,0.5106055,,7.62,5,3.4,0.81
7.610373859,3.534987695,3.762639729,0.434293401,,7.53,5.88,4,0.33
7.608873064,4.455641336,3.699477317,0.346529868,,7.65,5.04,3.5,0.22
7.652444672,4.969962515,3.575139528,0.47976646,,7.83,5.02,3.4,0.6
7.666050529,5.247978634,4.015766825,0.481664309,,7.65,5.26,4.7,0.48
7.605589241,5.349813887,4.262260097,0.434297884,,7.67,5.64,4.8,0.46
7.691208186,5.342368795,4.393070773,0.438614337,,7.8,6.02,4.1,0.22
7.715451922,5.534331834,4.661099563,0.450567469,,7.91,6.75,4.1,0.34
7.761054644,5.923224607,4.303944929,0.393618318,,7.95,6.67,2.7,0.52
7.871938484,6.442480078,3.886851987,0.421794295,,8,6.82,4.1,0.78
7.937060079,6.668058319,3.343899866,0.520710998,,8.04,6.84,3.9,0.84
7.974871792,6.774741455,3.433893696,0.544760621,,8.12,7.36,3.9,0.35
8.047734245,6.977184239,3.489045737,0.618106126,,8.13,7.34,3.3,0.58
8.101355257,7.212622063,3.76764487,0.647839882,,8.23,8.35,4.5,0.75
8.138940757,7.438656199,3.639614113,0.585002153,,8.23,9.14,4.2,0.43
8.198942682,8.355634774,4.044819174,0.533731082,,8.27,10.3,4.1,0.47
8.225409601,9.139143991,4.179755202,0.466418859,,8.2,11,4.5,0.41
8.222863104,10.24535248,4.175061206,0.487080554,,8.17,10.8,3.6,0.56
8.209557086,10.42876017,4.108366763,0.450877388,,8.01,10.5,4.2,0.31
8.187198281,10.58778262,4.101977563,0.473305792,,8.14,9.86,4.8,0.82
8.122711043,10.58363231,4.082137249,0.497944654,,7.806730769,7.008461538,3.971153846,0.644230769
8.06996874,10.02366758,4.102949623,0.480773333,,8.07,9.87,4.1,0.45
8.05870184,9.84694126,4.166574461,0.47619527,,8.12,11.3,3.5,0.58
8.087223882,10.11399519,4.075383259,0.672347154,,8.11,12.1,2.4,1.03
8.093484219,10.95074741,3.659700125,0.686861127,,8.14,11.9,5.1,1.15
8.082388046,11.19515598,3.902982168,0.844773905,,8.02,10.8,4.4,0.92
8.075933507,11.37773198,3.98965855,1.006597382,,7.96,10.5,4.4,1.33
8.034166268,11.07039454,4.106059999,1.12578628,,7.84,9.61,3.2,1.34
7.946092592,10.37177909,4.124400381,1.260441102,,7.77,9.49,2.9,1.27
7.886901619,10.14867114,3.849887975,1.241059995,,7.82,10.9,5.1,1
7.807983167,9.719612765,3.361874384,1.28594247,,7.66,6.52,4.5,0.76
7.786025569,9.553676721,3.769861509,1.171012412,,7.71,9.57,5.1,0.98
7.733806651,9.331917111,4.716498374,0.986175664,,7.72,7.48,4.3,0.81
7.663616605,7.60486542,4.388347808,0.826358984,,7.74,6.39,3.4,0.66
7.677316362,6.742179359,4.213917838,0.73750272,,7.73,5.59,4,0.4
7.691041727,6.479342803,3.606986817,0.650650676,,7.67,5.94,4,0.55
7.849265968,5.986426659,3.855205334,0.543589429,,7.865,5.74,2.8,0.385
7.805106421,5.911773216,3.824771072,0.533700594,,7.73,6.52,4.2,0.7
7.715422578,5.912004539,3.909714699,0.494752541,,7.74,6.21,4.7,0.46
7.638658484,6.094275862,4.218396179,0.530495144,,7.84,6.05,4.9,0.56
7.793473525,6.106333464,4.513650146,0.518556471,,7.86,4.27,3.6,0.44
7.797325548,6.055226818,4.717333101,0.529163892,,7.84,4.67,3.3,0.3
7.817244027,5.710209819,4.366802634,0.5155224,,7.83,5.94,2.9,0.94
7.849794154,5.194003403,3.737967013,0.451093491,,7.91,6.29,3.7,0.15
7.862813138,5.021551159,3.497602222,0.474857966,,7.94,5.75,4.2,0.89
7.871740014,5.920680954,3.63628379,0.832697478,,7.78,6.82,3.8,0.92
7.903968961,5.869467198,3.858835,0.861630151,,7.77,4.51,4.5,0.79
7.842434763,5.672583368,3.684719393,0.736085722,,7.79,5.48,2.9,0.65
7.818999312,5.311497967,3.838582686,0.778030521,,7.79,4.46,4.2,0.71
7.763862033,4.892944536,3.928438111,0.747649242,,7.59,4.88,3.7,0.74
7.796696526,4.622084131,4.091163669,0.726853379,,7.62,3.22,5.9,0.57
7.778589885,4.565620602,4.074676209,0.696091229,,7.7,4.2,4.1,0.5
7.669054253,4.312543719,4.459054948,0.601268823,,7.43,4.68,5.7,0.5
7.591445061,4.444276803,4.659272392,0.559847245,,7.49,5.41,4,0.59
7.578059015,4.423914973,4.690698025,0.491103228,,7.34,4.8,2.7,0.14
7.593157131,4.716607955,4.329290363,0.483491768,,7.64,4.69,4.6,0.49
7.6107724,4.822210084,4.377509237,0.492682191,,7.66,4.54,3.6,0.57
7.600823297,4.674752882,4.091811709,0.50015713,,7.5,3.78,4.3,0.53
7.63298502,4.605879815,4.100536641,0.480123119,,7.55,4.71,4.1,0.47
7.589924526,4.599177297,4.148610672,0.493822447,,7.63,6.65,3.2,0.28
7.610442683,4.648971612,3.951889852,0.479071971,,7.64,7.06,4.2,0.24
7.627395852,6.420783865,3.831635572,0.314640465,,7.67,7.18,5.2,0.31
7.652009852,6.928738259,4.202263853,0.298787057,,7.77,7.12,4.3,0.36
7.707494987,7.014847594,4.299831379,0.324745738,,7.82,7.77,3.1,0.54
7.743516736,7.146019923,4.413532305,0.348659961,,7.96,8.55,2.7,0.54
7.842329126,7.760455833,3.640374809,0.453755546,,8.07,8.66,3.9,0.38
7.981143867,8.362034412,3.425472399,0.472753541,,8.05,8.8,4,0.47
7.982060989,8.514243187,3.277217224,0.51574803,,8.04,8.28,3.4,0.66
8.009629629,8.579034347,3.359581568,0.538818578,,7.95,8.23,3.6,0.79
8.107017517,8.42470856,3.422851272,0.628258588,,8.04,8.01,3.6,0.88
8.013087913,8.271824718,3.727284014,0.725009331,,8.07,8.53,4.8,0.73
8.02629363,8.261350373,3.951796509,0.757406599,,8.09,8.28,4.9,0.71
8.040963328,8.320615882,4.421482593,0.744944145,,7.903703704,7.918148148,4.35,0.470555556
8.069083628,8.388258526,4.741237612,0.70625703,,8.04,8.06,4.6,0.59
8.057132221,8.276215355,4.794153701,0.677651089,,7.95,12.6,4.5,0.68
8.029889562,8.341896704,4.634506331,0.610902661,,8.29,15.1,4.3,0.75
7.915847277,12.50211689,4.443467662,0.688805829,,8.17,13.8,5.1,0.66
8.03971969,12.85588456,4.615564045,0.630602654,,8.03,12.7,4.6,0.44
8.124365492,13.65948648,4.690224871,0.651155401,,8.11,13.7,4.5,0.68
8.025844405,13.68649277,4.202948371,0.705794785,,8.14,13.3,4.2,0.72
8.118903302,13.41236324,4.513184502,0.670582128,,7.96,12.3,4.3,0.7
8.062805685,12.80836972,4.36249596,0.667247329,,8.08,11.3,4.4,0.78
7.988081776,12.35812773,4.293091337,0.70800827,,7.95,10,4.5,0.73
8.05011535,11.39768697,4.374389205,0.759807605,,7.9,8.94,4.3,0.62
7.99766595,10.03357937,4.591648805,0.764593139,,7.86,8.28,4.6,0.69
7.911457465,9.110639949,4.355175471,0.643764303,,7.94,7.45,4.3,0.69
7.861100535,8.227461094,4.467332475,0.689253502,,7.95,5.51,4.6,0.87
7.950566167,7.42302164,4.372559887,0.693922243,,7.71,5.22,4.3,1.26
7.851085276,7.129506876,4.429789089,0.834621219,,7.48,8.19,4.4,1.19
7.86796802,5.763656248,4.46759212,0.958280016,,7.91,5.04,4.3,0.99
7.859671232,5.481826449,4.517328094,0.948222379,,7.78,5.3,4.6,0.79
7.790731226,5.416587045,4.448616573,0.964744719,,7.87,5.68,4.3,0.98
7.830253408,5.474055974,4.410815688,0.910595041,,7.83,5.28,4.7,0.56
7.848609737,5.405582547,4.485429305,0.831638036,,7.75,6.8,4.3,0.41
7.82535675,5.678406499,4.544256074,0.618623966,,7.82,7.15,4.4,0.2
7.805404125,6.472495821,4.408023967,0.53173695,,7.88,7.06,4.4,0.74
7.788974874,6.626869762,4.365614919,0.429586439,,7.95,5.09,4.3,0.32
7.818735753,6.582409829,4.289968086,0.399133424,,8,5.12,3.7,0.38
7.949329999,5.279795906,4.034007426,0.392297266,,7.79,5.1,4.2,0.48
7.948621483,5.165229334,4.056009661,0.377946379,,7.51,4.7,4.8,0.19
7.910951687,5.096758157,4.163538116,0.335104328,,7.66,5.27,4.4,0.26
7.765183565,5.117368862,4.29737548,0.376381315,,7.7,5.28,4.6,0.43
7.802658092,5.174502958,4.50584792,0.414012351,,7.65,5.17,4.4,0.5
7.648943706,5.177972354,4.521083291,0.393722671,,7.56,4.65,4.6,0.46
7.670740713,5.195005202,4.69746489,0.418813242,,7.55,5.58,4.9,0.4
7.643340666,5.225479541,4.39723475,0.430320494,,7.83,6.13,4.7,0.24
7.594368757,5.683826389,4.930881494,0.403260787,,7.45,6.44,4.7,0.28
7.622320465,6.043567506,4.739672231,0.307272569,,7.53,6.63,4.6,0.27
7.646313446,6.197461249,4.69810542,0.265370138,,7.81,5.4,4.3,0.1
7.684926508,6.176567466,4.561126565,0.236111966,,7.7,5.26,3,0.23
7.695462484,5.752334919,3.973738661,0.240485807,,7.86,5.42,3.6,0.34
7.780160038,5.546403838,3.653492248,0.264524894,,7.88,5.97,3.6,0.32
7.812541572,5.537544704,3.620746931,0.24535776,,7.9,6.6,4.7,0.09
7.854202106,5.840791239,3.643095717,0.278287215,,7.94,7.41,5.4,0.09
7.908906166,6.570510643,4.651496988,0.120661939,,7.98,7.49,5.4,0.09
7.937428208,7.364369992,5.286331269,0.099606035,,8,7.67,3.7,0.07
7.962403402,7.404104454,5.025714164,0.081665689,,8.04,7.61,3.4,0.06
8.003017701,7.637596284,3.877480089,0.081158721,,8.02,7.29,3.5,0.12
8.014062123,7.580038245,3.653833435,0.078127565,,8.07,7.84,4,0.07
8.044324511,7.633491874,4.10243677,0.072640593,,8.02,7.99,4.5,0.07
8.051410739,7.738067001,3.975005772,0.089588077,,8.04,8.12,4.8,0.29
8.040550382,7.867025558,4.23081837,0.116714027,,8.07,8.66,4.2,0.24
8.060788441,8.245063249,4.288423091,0.20491862,,8.2,9.43,2.4,0.36
8.074917682,8.597031641,4.205543749,0.253599932,,8.28,10,4.1,0.41
8.192059726,9.322887411,3.678461089,0.374053277,,8.35,10.1,4.7,0.65
8.229948799,9.405492246,3.472632308,0.398886273,,8.316607143,7.616071429,3.45,0.468035714
8.318117441,9.766294119,3.951025084,0.421965451,,8.36,9.76,4.2,0.39
8.323913082,9.875765734,4.139509147,0.422306531,,8.48,10.7,3.2,0.3
8.404521729,9.858069069,4.037320583,0.407123961,,8.74,11.7,3.5,0.2
8.495436939,10.61488253,3.287622339,0.311023208,,8.65,11.1,3.8,0.39
8.573430265,10.88372763,3.564923246,0.355020199,,8.58,10.8,3.4,0.44
8.604598572,10.99832616,3.572140735,0.388569605,,8.6,10.6,3.3,0.76
8.621323394,10.98030276,3.554213425,0.438962253,,8.69,11.3,3.5,0.86
8.667313453,11.07682118,3.643961558,0.644352197,,8.79,11.6,4.2,0.71
8.68495273,10.922517,3.646332697,0.69683795,,8.73,10.7,4,0.65
8.677450889,10.82008318,3.624610492,0.734554396,,8.66,9.26,3.4,0.66
8.723606873,10.7480688,3.940898928,0.668010414,,8.64,8.87,4.2,0.68
8.671959889,9.366122321,3.715200863,0.63522387,,8.55,8.31,4.6,0.65
8.590197769,9.014118826,3.977625826,0.664638179,,7.81,8.96,3.8,0.84
8.524096629,8.740470842,4.110826953,0.685852012,,8.17,7.24,3.1,0.93
8.384696082,8.31136386,4.090116506,0.719111674,,8.05,5.52,2.4,0.62
8.142121077,7.646732195,3.580065273,0.717564992,,8,7.32,3.7,0.36
8.016068163,7.111280059,3.481199522,0.510777105,,8.01,6.41,4.4,0.1
7.979869818,6.28613584,3.111929549,0.433468444,,7.88,5.91,2.9,0.4
7.918582106,5.966731345,3.171879659,0.401348927,,7.96,5.42,4.2,0.46
7.923197065,5.932090041,3.387965492,0.38746757,,8.07,5.15,3.5,0.49
7.967210428,5.689926297,3.461136041,0.427829258,,8.15,6.09,2.6,0.53
8.030430553,5.647952412,3.413183249,0.476605283,,8.32,6.32,4.2,0.56
8.20349842,5.86257476,3.597208284,0.523002831,,8.56,6.19,4.2,0.56
8.325993815,6.063081001,3.654837682,0.518184792,,8.53,5.78,3.3,0.16
8.366365362,6.231120555,3.63173571,0.49349975,,8.36,6.71,3,0.36
8.396365258,6.216616509,3.698573924,0.483576281,,8.15,5.72,2.6,0.54
8.313212781,5.995792543,3.192516075,0.40011037,,7.83,5.01,3,0.29
8.122505637,5.911496438,2.825844699,0.314977509,,8.1,5.65,2.8,0.3
8.085725754,5.403010991,2.827413299,0.32239831,,8.12,5.04,3.1,0.24
8.079081282,5.193998452,2.916326706,0.276074515,,8.21,5.02,2.7,0.23
8.147727317,5.241488087,2.856170597,0.254614315,,8.32,5,2.5,0.26
8.211832021,5.041950343,2.702393137,0.249011445,,8.31,5.34,2.1,0.28
8.226511322,5.015740179,2.677471504,0.246870368,,7.88,5.56,3.2,0.31
8.21339257,5.185179823,2.574044797,0.269952684,,7.82,5.92,3.3,0.36
8.019167921,5.570216162,2.966980021,0.291539206,,8.02,5.91,3.5,0.16
7.91871442,5.758403774,3.301904962,0.292410903,,7.83,5.99,4.1,0.26
7.853662183,6.005439704,3.584095136,0.313605009,,7.44,6.66,4.1,0.4
7.819087877,5.843996008,3.826098266,0.295862271,,7.84,6.12,3.9,0.35
7.828413293,5.681208478,3.740561317,0.250846974,,8.06,5.05,2.5,0.42
7.786865332,5.70439659,3.757953244,0.270061296,,8.21,5.26,3.1,0.32
8.138489398,5.109499827,3.163500205,0.303684791,,8.4,5.51,5.1,0.46
8.186181923,5.38313881,3.409733832,0.361614698,,8.63,6.31,3.8,0.44
8.40686282,5.364539355,3.544905901,0.363656355,,8.69,6.75,3.5,0.38
8.561946756,6.414173156,3.742549426,0.442671869,,8.79,7.26,2.7,0.4
7.417537432,10.8964495,3.252768746,1.048886175,,8.65,9.02,2.7,0.54
8.662629671,7.683676378,3.303257906,0.472116666,,8.66,8.59,4,0.69
8.63031536,8.847601324,3.7579114,0.669330681,,8.61,9.25,3.2,0.62
8.54053335,9.710789185,3.574238281,0.654906938,,8.53,9.86,3.3,0.67
8.521100374,10.05173688,3.803799906,0.708887477,,8.56,10.7,4.1,0.74
8.512693148,10.76418491,3.961104033,0.766989101,,8.52,11.1,3.5,0.89
8.491354968,11.25074012,4.067171179,0.812684315,,8.5,11.6,3.8,0.54
8.435480896,12.44038693,4.136579021,0.489011805,,8.44,12.2,3.8,0.34
8.663285902,8.543102764,4.071267563,1.560655357,,7.711153846,7.404038462,3.857692308,0.402115385
8.422799098,11.65495062,3.787057093,0.506607374,,8.35,12.8,3,0.42
8.369425639,12.18837081,3.705597215,0.361066707,,8.12,13,3,0.37
8.112559202,12.82858484,3.351131302,0.35936232,,8,13.1,3.5,0.44
8.012080092,12.95042998,3.415492159,0.421667189,,7.92,13,4.1,0.5
7.986547369,13.03259738,3.459598556,0.424372734,,7.72,12.7,3.3,0.34
7.997024658,12.96675221,3.55042604,0.44268857,,7.56,12.1,3.9,0.72
7.900792376,12.83453443,3.732634633,0.487406726,,7.33,12.1,3.3,0.85
7.572545074,12.2795715,3.780305249,0.661835343,,7.23,12.3,4.1,0.64
7.422979348,12.14876506,3.831309406,0.658042559,,7.09,11.3,4.1,0.51
7.366281519,11.92811526,3.82381296,0.666063359,,6.95,9.44,3.5,0.42
7.165943251,11.34756998,3.946346109,0.542857392,,7.16,9.65,4.6,0.52
7.135989771,9.899006951,3.995369668,0.481902717,,7.03,8.38,3.8,0.43
7.507569664,9.652958419,3.603740181,0.465677518,,7.02,7.26,4.1,0.65
7.333842898,8.777965881,3.679278649,0.513689449,,7.1,7.76,3.2,0.99
7.106816834,7.855728532,3.828883549,0.585953431,,7.21,7.57,3.6,0.57
7.895657235,8.020259536,2.864098354,0.695578097,,7.35,5.02,3.9,0.54
7.339718033,6.925896676,3.643327467,0.634620172,,7.38,5.02,4.9,0.45
7.659139295,5.59567205,4.288303997,0.523293023,,8.19,5.49,4.8,0.45
7.864260581,5.274067285,4.296119099,0.470267686,,8.76,6.22,4.5,0.41
7.782547011,5.159884601,4.422981453,0.470686666,,8.6,6.47,4,0.42
8.635212551,6.057382083,4.279076942,0.417103025,,8.64,6.02,4.1,0.43
8.682791969,6.479121831,5.184433463,0.449880715,,8.79,5.13,4,0.44
8.763666844,4.957799603,5.068230504,0.407439821,,8.76,4.65,4.8,0.41
8.703120727,4.838983706,4.573555194,0.389743038,,8.55,5.04,4.8,0.41
8.635176805,5.330496161,4.600784663,0.405777578,,8.09,6.06,5,0.57
8.622036178,5.289066831,4.365506555,0.443412873,,7.91,5.58,4.9,0.36
8.376834648,5.774383968,4.400881583,0.444063312,,7.42,5.14,4,0.26
7.575888651,5.268717602,4.62104556,0.314788419,,7.22,4.4,4.9,0.12
7.401993293,4.797163737,4.557798387,0.200705063,,7.27,4.08,3.8,0.16
7.670992535,4.99899491,4.536808982,0.273812384,,7.35,4.27,4.1,0.28
7.311703904,4.471681836,4.066067152,0.224388275,,7.15,4.35,4.1,0.28
7.193998995,4.41746583,4.039050119,0.279624183,,7.23,4.79,4.1,0.41
7.265523911,4.337014009,4.094296576,0.272467122,,7.34,4.87,4.6,0.28
7.404469898,4.446896965,4.072749256,0.256288327,,7.61,5.5,4.2,0.27
7.445836462,5.01815017,4.329117624,0.280046189,,7.5,5.28,4.4,0.28
7.530651391,5.470260746,4.133071667,0.26271705,,7.22,5.02,3.9,0.24
7.355703395,5.103835563,4.117951098,0.257176277,,7.15,4.57,3.6,0.25
7.283520114,5.206607809,3.520752474,0.247460279,,7.27,5.39,3.3,0.27
7.310331687,5.129824754,3.855139886,0.267933333,,7.76,5.57,3.4,0.32
7.111350697,4.980180334,4.597830932,0.279151402,,8.72,5.37,3.4,0.26
7.995932006,5.346083015,3.695753235,0.296553173,,8.95,5.61,2.9,0.23
7.694132949,5.540038853,3.395010242,0.323024201,,7.71,6.28,3.9,0.21
7.79191671,5.813630581,3.398241857,0.300713377,,7.73,6.32,3.4,0.26
8.221442337,5.955021178,3.413245478,0.25221443,,7.72,6.61,3.8,0.29
7.525723789,6.734188812,3.815811172,0.292445762,,7.78,6.95,3.9,0.27
7.726676674,6.873101912,3.722021373,0.288983409,,7.79,7.29,3.7,0.3
7.823992537,7.39904865,3.720548263,0.329723165,,7.7,7.9,3.7,0.36
7.646617553,8.961777707,3.342802275,0.405182959,,7.67,8.45,3.4,0.36
7.672105994,8.981005424,2.867970498,0.426496661,,7.73,9.05,2.9,0.41
7.716983661,9.164697539,2.847865174,0.454206022,,7.79,9.24,2.3,0.59
7.798594795,9.810660443,2.424100857,0.458294603,,7.73,9.66,3.4,0.29
7.711746617,9.893690121,2.600576873,0.402506893,,7.66,9.89,2.7,0.4
7.707120989,9.143896465,2.983028659,0.405560802,,7.667884615,8.356730769,4.051923077,0.243846154
7.677792796,9.906258074,2.869546608,0.372509622,,7.57,10.3,2.9,0.41
7.633315803,9.904220271,2.993047525,0.365429003,,7.44,10.7,3.8,0.42
7.444170276,10.48310849,3.260930399,0.397125618,,7.29,10.9,3.6,0.38
7.152301648,11.01841886,4.227064246,0.356147117,,7.11,11.1,3.6,0.3
7.250209719,11.04022623,3.910882029,0.351474006,,7.16,11.1,4.2,0.34
7.183524374,11.02374739,3.911213559,0.356521711,,7.36,11.2,4,0.34
7.158860757,11.17554032,4.157026604,0.338773032,,7.14,11.4,3.7,0.35
7.120868714,11.30913794,4.103469986,0.316229179,,6.83,11.4,3.9,0.32
7.23991116,11.1120723,3.648054723,0.352643741,,8.01,10.9,4.1,0.24
7.643565812,9.586016945,2.456040416,0.464200666,,8.07,9.67,3.9,0.51
7.91694473,8.788504131,3.8141385,0.214327276,,7.98,8.47,3.7,0.15
8.389765601,6.597402174,3.676966521,0.184422812,,8.31,7.83,3.8,0.2
8.348058116,7.585228162,3.666537802,0.159500035,,8.75,8,3.7,0.07
8.334281533,7.091684655,3.715329613,0.145144328,,7.88,6.67,4.5,0.19
8.263553697,6.334142127,3.82549958,0.100754922,,8.26,6.39,3.5,0.14
8.290073968,6.11913229,3.190397071,0.136730665,,8.45,5.53,2.6,0.14
8.242924034,5.742152204,3.577593281,0.143062769,,8.24,5.85,3.1,0.16
8.250044941,5.728018095,2.8367455,0.166735109,,8.37,5.37,4.3,0.17
8.360608668,5.687643669,3.13771595,0.151668661,,8.77,6.09,3.9,0.15
8.52611654,5.651167533,3.330459479,0.154499967,,8.91,5.93,3.2,0.15
8.437996448,5.786326808,3.654388131,0.171440278,,8.25,5.75,3.7,0.21
8.391786045,5.739167957,3.814275833,0.180003689,,8.02,5.49,3.6,0.18
8.28934998,5.852064863,3.725699321,0.179321306,,7.9,5.34,4.4,0.14
8.146363637,5.835397001,3.863406684,0.152605929,,7.97,6.92,3.9,0.21
8.06405199,6.22896664,4.056448483,0.182230512,,8.02,6.94,3.5,0.22
7.979767382,6.400623655,4.006327333,0.20317007,,8.08,7.15,5.3,0.28
8.002867248,6.637245997,4.744312581,0.231831942,,7.95,6.78,5.3,0.27
7.997493089,6.683777936,4.721676254,0.249674549,,7.96,6.53,5.1,0.27
7.930618344,6.354493156,4.753168409,0.245759478,,7.86,6.17,4.8,0.25
7.914041841,6.520535861,4.933662485,0.255399593,,7.8,6.66,5.6,0.21
7.949229163,6.971052378,5.195540263,0.269047249,,7.72,6.77,5.2,0.24
7.899178475,7.829207388,5.301680368,0.436702477,,7.29,7.27,4.8,0.26
7.656773129,7.283176947,5.105316829,0.407436907,,7.04,7.12,4.1,0.27
6.744345748,7.979591681,3.987351786,0.504433792,,7.04,7.98,3.9,0.24
7.167825514,7.69523173,4.367147039,0.272063274,,7.2,7.85,5.3,0.28
7.049333662,7.676900502,4.950167112,0.266142863,,7.23,7.56,5.9,0.24
7.152224821,7.467384363,4.921363679,0.25484454,,7.38,7.3,4.8,0.26
7.160080387,7.796045381,5.254338064,0.272210331,,7.14,8.58,5,0.35
7.229678224,7.658851903,5.208769285,0.26154597,,7.48,8.06,4.7,0.36
7.311771127,7.207784981,4.849565387,0.247138927,,7.52,6.76,5.3,0.23
7.503006991,7.771723156,4.718747201,0.289616025,,7.57,7.62,4.5,0.23
7.395915953,8.427854374,4.925854895,0.491367192,,7.48,10.4,4.8,0.21
7.524006918,8.355032614,4.881282853,0.27446271,,7.58,9.04,4.5,0.19
7.567250943,7.955138043,4.553338286,0.21721328,,7.66,6.99,2.5,0.23
7.547651509,7.618468477,4.406000453,0.217495065,,7.49,6.72,4,0.22
7.39291543,8.015471059,3.67316948,0.202374592,,7.1,7.56,3,0.21
7.42753882,7.899224469,3.448617287,0.216743301,,7.1,7.97,2.7,0.27
7.241324458,8.156033573,3.236851003,0.259979561,,7.05,8.57,2.6,0.3
6.626027824,11.87711797,3.624773575,0.491698856,,7.3,13.5,3,0.16
7.178156084,13.86101837,3.661378162,0.213994939,,7.15,14.1,3.6,0.2
7.447037952,14.26897505,3.741514064,0.210099147,,7.09,14.3,3.5,0.2
7.199060511,14.20367894,3.547488404,0.203990431,,7.41,14,3.8,0.16
7.214470736,8.081469239,2.066500964,0.330106949,,6.392115385,7.283076923,4.109615385,0.223269231
7.232312752,14.15486167,3.94412947,0.212039814,,7.19,12.8,4.1,0.36
7.213159341,13.49377636,3.644959368,0.241394605,,7.01,12.4,3.5,0.3
6.988817422,12.5584427,3.520223528,0.298611306,,7.11,12.8,3.7,0.42
6.983820996,12.12283707,3.583560825,0.313535404,,7.02,11.4,3.7,0.27
7.008064198,12.2104266,3.556186513,0.305613352,,6.97,11.4,3.4,0.17
7.0056084,11.62227826,3.615991779,0.233658728,,6.96,11.4,3.8,0.14
6.974297109,11.4892621,3.397041267,0.212250761,,7.01,11.4,2.6,0.21
7.000482862,11.38427383,3.422622741,0.191703618,,7.6,14.4,2.9,0.26
7.01529341,11.52084175,3.261183606,0.178974622,,7.74,14.5,2.3,0.27
7.318260879,12.17161293,2.93338281,0.254153191,,7.41,12.1,2.9,0.29
7.284334801,12.21816558,2.812610312,0.250837671,,7.35,10.1,3.1,0.13
7.291493054,11.92041949,3.419325678,0.291496837,,7.52,7.9,4.2,0.13
7.260423449,4.950766301,5.602299976,0.320260596,,7.27,7.01,4.1,0.19
7.083057002,4.987155129,5.120296846,0.117897437,,7.15,5.26,4.4,0.15
7.231439377,5.03981488,4.691108951,0.182850911,,7.31,4.97,4.8,0.25
7.164356025,5.134292799,4.406556222,0.200152588,,7.34,6.74,3.4,0.22
7.27667237,5.899616154,3.813339179,0.18452044,,7.21,5.66,2.7,0.11
7.215699969,5.553082954,3.827539188,0.154238245,,7.06,6.25,3.7,0.16
7.266331129,6.174729033,3.256955255,0.177793006,,7.04,5.31,3,0.21
7.246144822,6.269138996,3.195002016,0.170973101,,6.96,5.37,2.8,0.21
7.054637396,5.62115044,3.158071263,0.213899666,,7.49,4.88,4,0.2
7.19039506,5.310354853,3.156588497,0.2059033,,7.58,5.15,2.7,0.21
7.365283301,5.115505676,3.430184635,0.204926354,,7.32,4.39,5.1,0.2
7.440546066,5.019019206,3.16686808,0.201464337,,7.44,4.7,0,0.12
7.574026662,4.839636721,3.496676297,0.18834147,,8.17,5.13,4,0.19
6.795955386,10.12155774,4.020524123,0.329181339,,0,5.98,5.4,0.21
0.466286037,3.740663602,8.911920258,0.25646576,,0,3.94,8.3,0.31
0.224941064,3.780909314,6.988854942,0.268075571,,0,3.47,4.9,0.22
0.148648336,3.415114194,5.515752343,0.24264975,,0,2.91,5.4,0.24
0.061896459,3.291012521,5.726066975,0.249737093,,0,3.33,6,0.26
0.030357888,3.237607946,5.73133498,0.25553589,,0,3.05,5.2,0.36
0.02384813,3.041879381,5.321992764,0.254928493,,0,2.58,4.5,0.27
0.199015403,5.437250405,4.130412987,0.346549596,,7.14,3.75,4.5,0.3
0.932816959,4.815176783,3.976861912,0.275334856,,7.24,4.01,3.9,0.2
7.658989909,5.046981394,3.671989275,0.166626945,,7.22,4.4,3.4,0.14
7.092689193,4.096884018,3.486941754,0.175529306,,7.2,3.97,3.2,0.18
7.283976808,4.152520365,3.486156381,0.162042718,,7.23,4.35,3.6,0.16
7.171976842,4.197334933,3.568973495,0.163451646,,7.34,5.14,4.3,0.22
7.165535107,4.34113957,3.577410886,0.166414878,,7.35,5.23,4.1,0.25
7.26219794,4.662080519,3.883016322,0.230523892,,7.58,6.25,6,0.3
7.329699573,5.113116388,4.06222934,0.243523128,,7.59,6.22,5.7,0.45
7.559487143,6.06597659,5.310970725,0.329942855,,7.64,6.93,4.7,0.39
7.508527334,6.281593537,5.518352012,0.33422344,,7.63,7.01,4.6,0
7.677680757,6.661724387,5.400297204,0.277436702,,7.62,6.97,5.7,0.1
7.502606316,6.913244114,5.105079715,0.194086689,,7.67,7.74,4.7,0.19
7.087774396,7.01701231,4.861338466,0.172065272,,7.71,8.35,3.8,0.09
0.55799886,4.756406323,4.980755874,0.377233845,,7.7,10.3,3.4,0.12
7.713146577,8.392292728,4.307210878,0.106798292,,7.8,9.16,4.8,0.08
7.828632037,9.16290186,4.425989902,0.096526906,,7.71,10.5,5,0.09
7.776177835,9.998154536,4.339528102,0.128004167,,7.63,10.3,4.7,0.19
7.658868266,10.24891504,4.573469361,0.170045136,,7.57,10.3,4.5,0.64
7.606372984,10.09031022,4.736750688,0.198728417,,7.59,9.16,4.5,0.28
7.524940046,9.766585748,4.555809206,0.257508501,,7.490208333,7.816875,3.529166667,0.287083333
7.485837746,9.224172769,4.464888378,0.31081327,,7.6,8.51,4.8,0.28
7.519483725,8.742332228,4.600822215,0.269290253,,7.53,8.1,4.8,0.2
7.38654412,8.32029095,4.478797627,0.25894702,,7.52,8.2,4.5,0.27
7.706757127,8.297979525,4.526710721,0.270040896,,7.64,9.85,4.5,0.57
7.746061632,8.70012342,4.544806479,0.309153493,,7.75,11,4.4,0.79
7.86648323,10.10438583,4.589134969,0.557124775,,7.72,10.9,3.8,0.57
7.823510234,10.59123807,4.117402839,0.579903336,,7.64,11,3.4,0.4
7.640381758,10.78656024,3.92414753,0.570735106,,7.49,10.7,3.4,0.41
7.781280966,10.91977892,3.780858872,0.515619243,,7.44,10.1,4,0.58
7.367578509,10.46725341,3.472660204,0.43887561,,7.49,10.1,0,0.05
7.655037584,10.87405346,3.161663377,0.381418484,,7.55,9.44,2.4,0.07
7.14806549,9.084880281,2.303845503,0.171817225,,7.42,7.69,3.1,0.14
6.721491835,6.417111049,2.725783722,0.123001633,,7.21,5.96,4.5,0.22
7.096880535,5.416031689,4.030880956,0.073733549,,7.13,5.32,4.3,0.06
7.257838539,5.437209901,4.261026247,0.083145455,,7.5,4.79,3.4,0.1
7.221313679,5.35686159,4.113743132,0.112451376,,7.7,5.8,3,0.04
7.417122886,5.305500669,3.486934244,0.101850904,,7.61,5.46,2.3,0.11
7.574312629,5.472828252,3.213799459,0.079539855,,7.69,5.89,4.2,0.1
7.640574892,5.573252614,3.050302476,0.114780534,,7.72,6.38,3.7,0.9
7.685175129,5.857739928,3.161047525,0.085694527,,7.67,6.51,3.3,0
7.679714539,6.331850048,3.342993254,0.091515069,,7.71,7.04,2.9,0
7.686505197,6.650729341,3.208206361,0.038971367,,7.7,6.6,2.8,0
7.698174372,6.698721676,3.045406772,0.025412035,,7.64,6.04,3,0
7.666796391,6.558690665,3.039555102,0.017968144,,7.52,5.17,3.1,0.14
7.606228933,6.068094501,3.004824895,0.017299548,,7.56,5.06,2.9,0.05
7.586413957,5.173975956,3.207687071,0.028373473,,7.22,4.51,4.6,0.25
7.568536729,5.623271951,2.987095001,0.074052323,,7.37,6.72,5.2,0.24
7.43995119,5.070084898,3.759577634,0.177051554,,7.46,5.76,4.8,0.28
7.326980749,4.704705169,4.738295683,0.23249527,,7.22,2.94,4.8,0.33
7.411625484,5.675021711,4.346032103,0.27453198,,7.68,6.64,4.1,0.31
7.497035288,6.917600999,4.320764993,0.279998328,,7.3,7.62,3.5,0.27
7.458408355,6.368921594,3.912155577,0.316454025,,7.26,6.78,2.8,0.39
7.466267122,7.554129162,3.215144892,0.329705007,,7.34,8.16,2.3,0.28
7.385535765,8.636469073,2.850262063,0.277616937,,7.38,8.41,2.7,0.23
7.333722322,8.479529426,2.56719961,0.255591821,,7.5,8.68,2.4,0.24
7.457276757,8.537120768,2.49164612,0.265296273,,7.59,8.77,2,0.57
7.429988216,8.598862424,2.417658012,0.259446029,,7.61,8.61,3,0.15
7.599884299,7.837571922,2.686598778,0.240822851,,7.55,7.71,2.4,0.2
7.450398068,8.273405275,2.373075241,0.247935751,,7.51,7.97,2.1,0.26
7.480811976,7.6828897,2.294679604,0.256723783,,7.41,7.04,2.2,0.31
7.554013216,8.304118137,2.24250919,0.241405701,,7.38,9.12,2.7,0.28
7.533671654,8.47575535,2.179591402,0.277427175,,7.49,9.68,3.6,0.68
7.592648685,10.09748034,2.400474231,0.392246827,,7.27,9.76,5.3,0.53
7.314545971,13.23690965,3.301224735,0.722126914,,7.37,11.2,5.8,0.37
7.320258382,9.507653332,4.419128621,0.487892285,,7.32,8.6,5.2,0.32
7.306652525,9.496977368,4.577625827,0.508912433,,7.29,8.84,2.9,0.37
7.462642379,10.57170882,4.760235689,0.454087322,,7.37,10.1,3.5,0.43
7.426709728,10.65667099,4.566303372,0.444044033,,7.49,9.98,5,0.44
7.32805366,8.572086554,3.048531096,0.373764767,,7.125,7.734117647,3.926470588,0.252941176
7.520812193,8.243476391,4.59908946,0.335425119,,7.47,10.8,3.7,0.4
7.404552594,10.33535786,4.044658237,0.452716168,,7.45,10.6,3.5,0.4
7.431171032,10.39153426,3.960843315,0.429803999,,7.34,10.4,3.9,0.52
7.501012155,10.45664585,3.584345125,0.390811559,,7.42,11.2,2.9,0.48
7.432232739,10.5825585,3.402056064,0.41863536,,7.39,11.2,1.5,0.51
7.407009992,10.97324335,3.069735084,0.460823835,,7.37,11.1,3.5,0.4
7.398598497,11.07340984,3.180322414,0.456530697,,7.4,10.8,5.6,0.37
7.425266553,11.06020372,3.309398189,0.414185861,,7.39,10.6,3.5,0.27
7.377192561,10.64860709,3.22500282,0.330556865,,7.5,10.2,2.3,0.27
7.366373818,10.1572805,3.004091023,0.270264061,,7.24,9.33,2.9,0.24
7.082066786,8.692146824,2.281435561,0.190804347,,6.77,8.89,3.5,0.22
6.764892716,8.516019064,2.520548262,0.184617171,,6.38,8.35,4.2,0.19
6.393346435,8.158991268,3.185696638,0.20254048,,6.5,8.23,3.5,0.24
6.583285842,8.351134325,3.257247087,0.197402882,,6.8,8.38,0.9,0
6.111440782,7.614970728,3.398796553,0.162596202,,6.6,6.57,3.5,0.09
6.080869485,6.948537983,3.253822347,0.135779274,,6.67,5.43,3.7,0.16
6.47819871,6.071470738,3.332578483,0.170945976,,6.38,6.02,3.6,0.24
6.589864158,6.270836565,3.382593415,0.168835835,,6.44,7.59,3.3,0.33
6.582079551,6.045162015,3.49321937,0.223392947,,6.35,6.26,3.1,0.31
6.400813064,6.099243457,3.351924185,0.241754178,,6.83,5.79,2.3,0.21
6.400493485,6.112122391,3.141679292,0.260891161,,6.74,5.5,1.9,0.23
6.743236024,5.743085597,2.381379591,0.225061019,,6.93,4.1,5.2,0.17
6.726787566,5.503542464,2.544630876,0.224917212,,7.23,3.98,5.1,0.2
7.030770859,4.207793075,4.826416207,0.1819865,,7.25,3.71,5.6,0.14
7.158949322,3.968837251,5.146871838,0.181394122,,7.05,2.03,6.5,0.24
7.181708268,3.694528152,5.447197468,0.160223442,,6.98,2.92,6.1,0.11
7.161160767,3.657336444,5.611008814,0.160482025,,7.06,4.21,5.4,0.18
7.185481863,3.775792304,5.696024326,0.157724472,,7.14,6.75,4.9,0.33
7.156871257,4.714692564,5.512021823,0.199362042,,7.21,7.34,4.9,0.16
7.412328131,6.31502242,4.935746083,0.1898209,,7.21,7.3,4.6,0.2
7.391443978,8.640766102,4.505677327,0.221647759,,7.39,8.5,4.6,0.19
7.383180802,8.248874229,4.589069522,0.219542102,,8.05,8.8,4.3,0.18
8.103312746,11.88833489,3.789894949,0.239198157,,8.2,10.1,4.5,0.19
8.027987026,9.908059153,4.646186067,0.217691217,,8.12,9.98,5,0.23
7.535069479,8.076992192,4.438501145,0.179501541,,7.2148,6.2444,3.344,0.2944
7.83835386,8.545149569,5.031419918,0.231569099,,8.52,11,3.5,0.42
8.102025893,9.763228413,4.952070461,0.255182257,,8.54,10.9,3.8,0.67
8.11068014,10.1532265,4.914486304,0.431794656,,7.97,10.5,5.3,0.46
8.143771791,10.1442103,4.102030136,0.442984142,,7.83,9.27,3.8,0.36
8.465158545,10.83885006,3.561026425,0.412411083,,7.28,6.48,4.2,0.28
7.288429576,6.288928819,3.559939564,0.410605817,,7.27,6.55,3.4,0.41
6.966309764,5.854619317,3.072472086,0.313851936,,6.86,5.91,2.7,0.27
6.997557566,5.756907825,2.901987218,0.28365347,,6.77,5.24,3.1,0.24
7.036299206,5.921880773,3.353340431,0.249398368,,7.16,6.14,3,0.21
7.097442867,6.089327618,2.761068625,0.219874214,,7.52,5.22,2.9,0.17
7.118512685,5.803660287,2.747257011,0.220270888,,7.44,5.57,2.3,0.21
7.032136674,5.488805745,2.918482189,0.226822683,,6.73,5.66,2.4,0.24
7.534673607,6.389456242,1.972574905,0.186024305,,6.43,3.75,3.3,0.2
7.200934237,4.937403569,2.26621092,0.194881047,,7.02,3.35,3.7,0.19
6.927447014,5.177490356,3.10564335,0.218483669,,7.35,5.49,4,0.21
7.280394747,4.624058928,3.937746708,0.196768248,,7.3,4.12,3.6,0.18
7.168357434,3.882014145,3.593953065,0.194020558,,7.32,2.71,3.3,0.23
7.289621462,3.323352745,3.559436367,0.204967265,,7.35,2.86,3.6,0.22
7.355248835,3.507317137,3.863421704,0.229383299,,7.36,3.52,4.5,0.27
7.051083611,3.193341083,3.197287321,0.214807342,,0,0,0,0
6.349200759,4.652127326,2.765950381,0.204146904,,8.05,7.85,3.4,0.33
8.105214749,7.567718717,3.561094018,0.463294559,,8.1,8.06,3.3,0.7
7.939497204,7.278166598,3.431707099,0.440026067,,8,7.12,3.4,0.43
8.496479439,9.598968336,3.627141495,0.504176441,,8.11,9.04,3.3,0.2
,,,,,8.09,9.8,3.8,0.26
,,,,,7.588577291,7.089876881,4.193160055,0.604746922