7.144673622,7.45612292,8.496605601,0.709366815,,7.19,7.37,9.3,0.72
7.23431584,7.47815442,9.358368538,0.731192973,,7.25,6.39,10.1,0.76
7.240077437,7.17625548,9.635041705,0.722475532,,7.25,6.86,9.9,0.71
7.222175595,7.137009213,9.468556023,0.75800822,,7.25,7.29,9.8,0.78
7.162347525,6.69307531,10.00174783,0.702522191,,7.23,6.63,9.4,0.7
7.287682326,6.868217108,9.796757635,0.792929159,,7.23,4.4,11.3,0.92
7.255650334,6.856947684,9.709489596,0.786263365,,7.23,4.82,9.6,1.22
7.26195961,6.0854824,10.09350422,1.112532809,,7.13,5.31,11.2,0.97
7.18225179,4.148738868,11.42428061,0.813949018,,7.07,7.13,8.4,0.66
7.176498018,4.514897009,11.14181073,0.883467797,,7.23,7.04,8.6,0.72
7.181385412,5.407467637,9.642633452,0.66681569,,7.27,5.34,9.5,0.64
6.930394503,6.367341551,9.005579119,0.670844176,,7.2,6.34,9,0.69
7.197332296,6.628331107,8.715224585,0.655880257,,7.19,7.17,7.2,0.64
7.172304873,6.863320197,8.670953914,0.790600568,,7.23,6.05,9.7,1.21
7.083715766,8.81654858,7.775552857,1.340592623,,6.95,5.78,7.9,2.09
7.14835612,6.27508404,8.448751357,0.860981726,,6.63,6.34,6.6,0.86
7.09005686,6.227650114,8.017244002,0.818767748,,7.21,5.96,8.7,0.48
6.861045142,6.855589938,8.027841504,1.341810991,,6.58,6.14,7.8,2.08
6.83268991,5.641831087,7.515653436,1.680144485,,6.55,5.97,5.2,1.61
7.009298537,6.271842799,6.350969174,1.483294984,,7.2,6.61,5.2,1.53
7.090360953,6.394304137,6.184641215,1.475156848,,6.82,6.62,6.1,0.89
7.102108955,5.936308646,6.197497414,1.465457175,,7.46,2.58,6.8,1.34
7.240387789,5.268614769,6.166075432,1.012209208,,7.36,5.15,6.2,0.88
7.314555693,5.147946673,6.304645597,0.909412525,,7.03,4.47,6.7,0.78
7.310304651,5.091497908,6.284941703,0.896733604,,7.35,5.76,6.2,0.97
7.28172513,5.067007218,6.205790154,0.953360738,,7.45,5.44,5.2,1.49
7.28257586,5.386451708,6.013229559,1.021384875,,7.35,5.61,4.7,1.5
7.346028008,5.594560142,6.070640832,0.992471378,,7.42,5.42,5.9,0.65
7.02672468,5.694575513,4.737984284,1.689143329,,7.77,5.93,5.5,2.02
7.43517262,5.499018016,5.074105607,1.469527804,,7.5,6.83,5.6,1.11
7.467990143,5.860714741,5.651529526,1.334303333,,7.45,4.87,7.4,1.36
7.508711474,6.329045575,5.770901512,1.267217834,,7.3,7.23,4.6,1.74
7.556502053,6.253727251,5.811153995,1.442035031,,7.29,7.54,6.6,1.06
7.387999094,7.591732795,5.700519377,0.915845192,,7.25,7.33,7.3,1.52
7.198461039,6.678337259,6.798617378,1.599221902,,7.79,7.32,6.2,0.86
7.633475645,7.348049573,6.402082531,0.996928322,,7.64,7.16,10.6,0.74
7.518811741,9.4851853,4.477534083,0.756533869,,7.54,7.41,11.1,1.82
7.065000227,8.744478944,4.521221428,2.036606333,,7.46,7.72,7.3,2.4
7.580759594,8.476236685,6.70993083,2.08423507,,7.62,8.96,6.4,1.95
7.700838752,8.044973765,7.37920127,1.861055418,,7.6,7.91,8.4,1.81
7.760585974,7.446466668,8.269766981,1.583708781,,7.4,8.39,9.5,1.47
7.188616878,7.610528312,10.6155893,1.683359202,,7.32,7.63,7.3,1.36
7.54917357,7.132595991,7.386164127,1.483214711,,7.488490566,7.267735849,6.813207547,1.245660377
7.667236221,8.25309578,6.869116178,1.921167298,,7.84,11.1,9.1,1.5
7.400451778,10.57960226,6.206558742,1.897163842,,6.93,12.2,7.5,1.88
7.405167044,10.57768941,7.311572533,1.871444324,,7.41,10.5,6.8,1.88
7.353467071,10.55973246,6.769881198,1.891008898,,7.39,10.3,6.6,2.07
7.315283325,10.82594007,7.188262972,1.949117295,,7.68,9.9,14.5,2.34
7.354404387,10.85649045,7.603817243,1.986080851,,7.71,11,9.8,2.1
7.682064794,10.91536467,9.675344259,2.104004563,,7.72,12.6,9.6,1.98
7.702877687,11.04280879,9.989719297,2.099078914,,7.85,10.7,9.1,3.32
7.74075734,11.22614088,10.6903296,2.486650621,,7.78,11.6,12.3,3.61
7.718704082,10.94008625,9.66755323,3.227197647,,6.87,10.4,9.3,3.74
7.64685417,11.11226896,9.524802648,3.246083243,,7.17,13.2,7.5,2.28
7.673282611,10.22745401,9.051805559,3.049447247,,7.84,8.77,6.5,1.9
8.099423753,10.44099561,7.39400723,0.900079991,,7.82,8.49,6.3,1.53
7.852482027,8.601294783,6.193457195,1.44931837,,7.52,8.44,5.8,1.63
7.350244625,9.41661014,7.32747204,1.721690635,,7.31,7.09,6.2,0.99
6.795598395,7.653214727,5.348514569,0.932862989,,7.04,6.9,5.5,0.54
6.899359288,7.130173165,5.612640974,0.899700477,,6.78,6.9,5.7,1.13
6.764602822,6.361454042,5.559158262,0.930191788,,6.47,3.01,5.4,0.8
7.150373669,6.004076781,5.269122178,0.77650962,,7.68,5.55,4.8,0.72
7.162743941,5.937349628,5.723070301,0.75377225,,7.82,5.96,9.2,0.65
7.597562425,5.521788193,5.817494471,0.811558216,,7.78,5.5,5.8,0.82
7.633622736,5.282668909,6.011246752,0.753596318,,7.47,6.75,10.6,0.56
7.696982561,6.002976213,6.872733299,0.658235828,,7.4,6.58,5.3,0.17
7.65026387,5.692045786,7.352875002,0.653325787,,7.46,4.55,6.8,1.57
7.62797537,5.829208372,7.979196641,0.833653066,,7.44,3.42,7.6,0.29
7.234439981,12.31262166,3.813165082,2.108830318,,7.45,3.85,19.1,1.45
7.454437403,4.354336852,13.61165111,1.450702747,,7.33,4.2,6.9,0.29
7.553285866,3.764263203,5.913549449,0.269891602,,6.9,3.86,13.5,1.05
6.98344177,4.292387879,14.88622544,1.266516113,,7.15,3.55,6,0.65
7.054860319,3.197071015,9.895003715,0.597553673,,7.31,4.78,5,1.08
7.238492815,4.335924255,5.414446404,0.843819438,,7.33,4.7,4.9,0.52
7.23212199,4.135193828,5.532182575,0.599328491,,7.44,5.18,5.2,1.01
7.35444142,4.645191564,4.779163078,0.862109787,,7.64,5,3.7,0.62
7.521904309,4.916536617,4.739246571,0.527684145,,7.55,5.23,6.5,1.03
7.476089551,5.2677061,4.636934234,0.581987372,,7.36,6.25,5,0.76
7.359489989,5.837782896,4.969852523,0.758515836,,6.87,4.96,5.6,1.34
7.400668764,5.9907841,5.037964445,0.783252899,,7.42,6.48,3.7,0.93
7.412315054,5.577246798,5.091875262,0.916774911,,7.23,5.8,4.8,0.87
7.231894572,6.190262807,4.566247668,0.826019424,,7.5,7.29,8.6,0.22
7.252555158,5.977742027,4.849058023,0.868955972,,7.47,5.39,8.1,0.79
7.233796848,7.397644765,3.70445569,0.885859825,,7.4,7.58,4.2,1.53
7.075901151,5.729006798,12.11505949,1.190092282,,7.96,5.71,4.2,0.42
7.799897941,6.506588293,4.596337765,0.564641458,,7.55,7.81,4.4,0.78
7.767118495,6.809823511,4.520273085,0.649065512,,7.92,7.44,4.5,0.73
7.608738232,7.916625356,4.302181348,0.752736057,,7.6,7,3.7,0.47
7.624821775,7.537389653,4.306524496,0.681740364,,7.72,7.3,4.4,0.44
7.931680765,6.720509755,4.026180633,0.531044803,,7.71,8.25,5.9,1.12
7.782556298,7.229784587,3.651839705,1.041259393,,7.82,7.24,4.5,1.61
7.897016256,8.852410777,3.865223778,1.071473649,,7.92,9.06,3.8,1.08
7.949099084,7.426124574,4.790266296,1.727735761,,7.98,7.56,5.7,1.76
7.791284756,8.041074461,4.998782978,1.466332487,,7.71,8.02,5.3,1.36
7.694302058,7.994777905,5.491670725,1.215799759,,7.523269231,6.467692308,4.673076923,0.825
7.740246172,8.06806202,5.178374714,1.355925464,,7.64,7.67,5.2,1.45
7.772259909,7.834863542,5.306683852,1.336646082,,7.92,9.26,5.4,1.26
7.726487401,7.953754607,5.25731246,1.340065496,,7.8,7.03,4.7,1.47
7.638503871,7.79245665,5.221145762,1.486683849,,7.78,6.21,4.3,0.83
7.505272563,7.760001304,5.626074491,1.454978853,,7.78,6.49,6.4,0.44
7.686198998,6.056627119,6.508740019,0.695950273,,7.77,5.9,6.2,0.54
7.802552886,6.206624984,6.001192019,0.567042629,,7.89,6.55,6.1,0.56
7.807048559,5.944307036,6.626964381,0.474233487,,7.84,5.49,5.8,0.44
7.795955165,6.159640572,6.116193819,0.489262516,,7.72,6.38,5.6,0.42
7.861418604,6.159088974,5.792264254,0.517285762,,7.67,8.75,5.7,0.79
7.683120513,6.91481378,5.570532364,0.814700464,,7.69,8.09,5.7,1.03
7.653653229,8.022037976,5.762457559,1.100068172,,7.67,7.88,5.8,1.09
7.645625801,8.299087403,5.911363855,1.408346619,,6.64,8.1,6.3,1.98
7.661324404,7.965395561,5.756981807,1.110818531,,7.64,8.43,5.1,1.04
7.611564262,7.900065147,5.646003703,1.158271559,,7.5,6.7,5.3,2.06
7.486332215,7.819103348,5.532092948,1.242479655,,7.45,6.69,4.2,1.25
7.356374471,7.817408684,5.452974946,1.241806253,,7.55,8.07,4.9,0.76
7.508147102,7.275504572,6.305891861,0.846587635,,7.39,6.12,5.9,0.79
7.482393612,5.763158559,8.049170699,0.60474481,,7.44,5.87,7.5,0.68
7.418358314,6.169124203,6.332388871,0.729105983,,7.39,7.01,5.4,0.83
7.396934627,6.21787995,6.146630906,0.760076257,,7.45,5.68,5,0.91
7.375875539,6.062127765,5.698145016,0.819483963,,7.46,5.58,4.2,0.88
7.414205333,5.806581899,4.878111652,0.900329395,,7.48,5.7,3.5,0.93
7.429213337,5.753529471,4.062052915,0.902603467,,7.5,5.84,3,0.84
7.45814546,5.722185208,3.922011668,0.897106874,,7.57,4.85,5.9,0.7
7.537745308,5.365049353,3.952311061,0.860228274,,7.26,3.21,6.8,0.75
7.296527102,5.130846696,5.027533178,0.729761213,,7.11,5.25,5.2,0.68
7.176166802,5.14657885,5.003232777,0.702181922,,7.25,6.36,2.9,0.64
7.475357225,5.167579883,4.934860488,0.72544798,,7.38,6.19,4.4,0.67
7.229541112,5.382642658,4.996436156,0.733203481,,7.14,5.4,5.2,0.81
7.31931686,6.033650147,4.51862375,0.772827424,,7.15,6.27,4.4,0.83
7.334596617,6.336960723,4.13271044,0.7901167,,7.3,6.77,3.4,0.79
7.405915541,6.748373124,4.08839821,0.875421974,,7.36,7.02,3.4,0.83
7.263784689,6.448363373,4.00675964,0.801241109,,7.42,6.44,3.9,0.74
7.32614252,6.788711195,3.488577586,0.788584709,,7.31,6.97,3.3,0.7
7.386646063,6.928114785,3.362084018,0.777617055,,7.37,7.83,2.9,0.63
7.224333455,6.952558158,3.467599889,0.695204067,,7.36,6.4,3.9,0.62
7.318067105,6.595679482,3.717444076,0.657872146,,7.51,5.96,3.5,0.63
7.415904707,6.842274475,3.482353275,0.633406673,,7.52,6.99,3.6,0.58
7.489093045,6.951365584,3.522860618,0.604912492,,7.45,8.27,2.6,0.71
7.476515699,6.55695984,3.729310375,0.598756098,,7.47,6.5,3.9,0.58
7.573901594,6.50962011,3.594495527,0.603374369,,7.55,5.32,3.9,0.57
7.58555623,6.096840325,3.42775949,0.591509217,,7.59,5.01,3.3,0.49
7.528310603,5.908240673,3.806921744,0.567302513,,7.64,5.91,5.5,0.74
7.556920377,5.573457026,4.053899873,0.566293079,,7.63,6.49,5.3,0.48
7.617292476,5.060578625,3.995474164,0.543483909,,7.64,5.33,3.9,0.45
7.629426984,5.699233209,4.220044072,0.527779581,,7.67,4.94,3.9,0.77
7.649282219,5.454452049,4.418041864,0.608260774,,7.63,4.61,5.1,0.75
7.607494737,7.041004867,5.888482964,0.402321342,,7.73,6.67,4.6,0.79
7.707277907,7.999315992,4.781346669,0.66780985,,7.72,7.46,3.7,0.99
7.757213306,7.623243545,3.535585632,0.952538607,,7.75,7.47,3.5,0.94
7.747387923,7.317669621,3.689636211,0.924883057,,7.572307692,6.803461538,4.913461538,0.891346154
7.704271403,8.060749731,3.493636247,1.109006588,,7.74,8.72,5.7,1.23
7.762960298,6.556760056,3.82736268,1.492051447,,7.77,6.59,3.9,1.47
7.660089776,7.351192236,4.555630138,0.999457818,,7.74,5.51,5.4,1.08
7.767897244,6.26317846,3.834830752,1.384031993,,7.85,7.84,6.3,1.44
7.792963266,6.134387108,3.688295313,1.47538663,,8.08,9.69,5.2,1.39
7.81078113,7.724152251,6.108965085,1.425371328,,7.63,6.83,4.4,1.03
7.679476092,7.112992573,4.806906853,1.110088937,,7.39,7.51,5,1.7
7.761721497,8.02493748,4.576342959,1.391078526,,7.62,7.73,5.2,2.09
7.547351099,7.804205381,5.23067375,1.478135316,,7.53,8.01,6,1.34
7.451830445,7.654811251,5.146650304,1.593028048,,7.54,8.03,5.8,0.97
7.455511378,7.730519068,5.183800895,1.569404997,,7.62,8.26,4,1.07
7.58263892,8.177176788,5.255893452,1.240748431,,7.57,8.91,7.7,0.91
7.555127115,8.369975857,5.537696881,1.024354759,,7.44,9.44,5.9,0.92
7.542628008,8.375613636,5.4124656,0.968100226,,7.51,7.91,5.7,1.01
7.499605898,8.402489034,6.028074074,1.013343178,,7.49,7.87,7.4,1.32
7.491729735,8.264073414,6.092154788,1.065216246,,7.38,7.43,4.3,1.44
7.529393445,7.875531959,6.713499382,1.204359608,,7.38,6.54,3.7,1.17
7.425752519,7.126392156,4.807080599,1.317863057,,7.38,6.2,3.1,1.46
7.391813035,6.035846024,4.819508692,1.330434055,,7.3,5.76,4.5,0.88
7.43153185,5.704882817,4.956579734,0.770314094,,7.45,6.53,4.6,0.42
7.328183021,6.5702293,3.647277246,1.155859573,,7.45,6.13,4.6,1.96
7.349669821,6.157974825,4.452020965,1.209757866,,7.33,5.7,4.7,0.93
7.34402402,5.939800493,4.626153473,1.003254292,,7.29,5.98,6.1,0.92
7.324981438,5.948376332,5.935497519,0.900828984,,7.36,5.93,6.1,0.85
7.350348945,5.938844069,5.84784794,0.998640035,,7.39,5.77,5.5,0.84
7.334095881,5.855797238,6.017493596,0.852575009,,7.31,5.44,7.8,0.97
7.456523804,5.600617206,7.450483179,2.278619182,,7.09,5.72,3.4,0.54
6.834559847,5.739367115,4.490065823,0.531281052,,6.97,5.75,4.6,0.42
7.359413314,5.793864914,4.924853822,0.524849277,,7.26,5.89,4.1,0.52
7.155699208,5.781118136,4.175276197,0.531843856,,7.38,6.01,2.9,0.56
7.191201407,5.926679996,3.770873713,0.495374759,,7.34,7.05,2.7,0.41
7.209900776,6.133495964,3.361007995,0.541561478,,7.39,7.27,3.2,0.58
7.357765579,6.787423549,3.361423583,0.480276383,,7.5,7.4,4.7,0.43
7.566417674,7.582676773,5.485823948,0.344092201,,7.57,6.99,9.4,0.68
7.555288811,6.88740869,6.154888596,0.538163136,,7.58,6.72,6.9,0.53
7.331327227,7.449487095,2.800395875,0.636427285,,7.62,6.32,3.7,0.18
7.617560578,6.384799914,3.353330126,0.359853277,,7.66,6.08,3.7,0.37
7.609882101,6.418939846,5.624515784,0.450229028,,7.71,6.04,4.6,0.46
7.680225632,6.129962933,3.812827103,0.393898236,,7.74,6.01,3.8,0.44
7.68618335,6.067351955,3.730057432,0.39185127,,7.66,6.02,3.5,0.43
7.690333201,6.018891066,3.694825557,0.410544211,,7.71,5.97,3.3,0.36
7.714884925,6.000611658,3.872569677,0.436620945,,7.72,5.57,6.2,0.4
7.695874161,5.875846666,3.922829326,0.424150176,,7.81,5.06,6.9,0.35
7.730164683,5.274484753,6.39378128,0.354195581,,7.93,4.81,5.7,0.23
7.871353524,4.904049647,6.048728813,0.265983192,,7.97,4.79,4.6,0.24
7.81651769,5.379786528,5.735688163,0.336620889,,8.01,6.99,4.2,0.28
7.715995933,6.631166207,6.770039923,0.387759569,,7.86,7.54,4.4,0.44
7.572632019,9.182757982,3.926466475,1.434405179,,7.71,7.62,3.8,0.88
7.684373397,7.711018171,4.166604421,1.464298343,,7.81,7.55,4.4,1.2
7.729811559,7.347541787,4.221446557,1.452559733,,7.8,7.42,4.2,1.37
7.777001255,7.377100257,4.081476411,1.370323568,,7.74,7.45,3.9,1.48
7.801819516,7.116555835,4.164856947,1.633938368,,7.68,7.48,4.1,1.76
7.794878582,7.475371457,4.200480377,1.196619381,,7.693333333,7.524,4.662745098,0.831960784
7.725117679,7.34107464,3.8668641,1.3995867,,7.66,7.83,4.8,3.36
7.675578695,7.511871563,4.179521207,1.623584469,,7.71,8.34,6.2,1.95
7.755207754,8.15658321,5.48730204,1.968679416,,7.87,8.24,5.3,2.17
7.744061156,8.374031132,5.658111343,2.057737349,,7.72,8.38,5,2.39
7.749232301,8.179317461,5.233111701,2.47560236,,7.7,8.37,3.8,1.86
7.846662011,8.043796087,5.119435277,2.913700888,,7.85,8.14,4,1.02
7.789840967,8.171217426,4.326864791,2.210488459,,8.36,8.27,4.7,0.47
7.985370643,7.931390133,4.111252063,1.023201278,,8.32,8.12,3.9,0.64
7.912535949,8.128313701,4.093655653,1.01375101,,7.31,8.18,4.9,1.49
7.912811876,8.355391587,4.25704395,1.003713075,,7.68,8.14,5.3,1.45
7.725572514,8.497211431,5.110272306,1.149207159,,7.69,7.96,5.4,1.14
7.612485929,8.561420247,5.065317166,1.400859029,,7.63,7.9,5,1.5
7.616210677,8.206089463,5.08289505,1.415072505,,7.63,7.99,4.3,0.8
7.66108864,8.029258259,5.197437199,1.209824091,,7.54,7.94,5.3,1.05
7.595453073,7.680637781,5.013024639,1.076616817,,7.46,7.9,3.9,1
7.57977377,7.917752211,4.438972494,0.991823841,,7.45,7.91,3.9,0.45
7.548148104,8.194862975,4.23184678,0.785274222,,7.45,7.91,3.9,0.45
7.55728967,7.772515,3.886234021,0.534617627,,7.53,7.88,3.7,0.52
7.687451882,7.733088227,3.958595958,0.56762238,,7.63,6.35,4.9,0.44
7.746046367,7.659536856,3.963537454,0.51215798,,7.67,6,3.7,0.42
7.637194655,6.629055326,3.999586986,0.473021251,,7.67,5.86,3.6,0.44
7.686560988,6.13503597,3.958896384,0.45046706,,7.66,5.84,4.8,0.37
7.684825103,6.123096654,3.820915053,0.428950957,,7.59,5.9,3.6,0.45
7.652717478,5.76905746,3.663573816,0.442738762,,7.56,5.83,3.2,0.41
7.52567913,5.968748219,3.71366022,0.429045946,,7.43,5.85,5.4,0.73
7.555202225,5.89036434,3.95748088,0.466899531,,7.51,5.85,4,0.72
7.541727205,5.877752943,4.074352827,0.554911461,,7.43,6.14,6,0.47
7.523972975,5.942717085,4.421414638,0.53019179,,7.48,6.3,4.6,0.24
7.546870183,6.171395,5.042581981,0.461309064,,7.45,6.14,6,0.27
7.461006437,6.149749486,5.362354661,0.378788041,,7.38,6.06,5.7,0.35
7.433200971,6.13667762,5.905364863,0.38629202,,7.48,6,5.6,0.71
7.418882001,6.11394556,5.488766113,0.353152253,,7.43,5.91,3.8,0.37
7.417592605,6.074710684,5.476325502,0.352618325,,7.48,6.07,4.6,0.22
7.472058103,6.019617475,4.482610769,0.371921342,,7.82,6.34,3.5,0.53
7.516221474,6.078856651,4.235499952,0.366346929,,7.49,6.8,4.5,0.27
7.522108776,6.40316826,4.295275071,0.305170538,,7.49,6.8,4.5,0.27
7.535137307,6.642583717,4.42066007,0.288593463,,7.81,6.06,4.5,0.17
7.540206218,6.734860505,4.425646629,0.273265528,,7.8,6.74,4.4,0.28
7.607500474,6.693382873,4.477789945,0.258856051,,7.76,7.03,3.9,0.54
7.694770455,6.782042072,4.429497581,0.266177631,,7.66,7.58,4.3,0.32
7.718143362,7.04520078,4.474826249,0.35875543,,7.83,7.46,5.4,1.17
7.717416772,7.208568873,4.591973086,0.539351291,,7.91,6.95,6,0.96
7.669052433,7.574121088,5.277310771,0.645540071,,7.78,8.32,5.4,0.49
7.72654269,7.972739394,5.935465474,0.864171023,,7.74,8.21,5.2,0.89
7.764547006,8.090494842,5.704749365,0.96376949,,7.81,9.3,4.8,1.19
7.705544629,8.438497565,5.864651728,1.01318698,,7.92,9.99,5.1,1.73
7.795719923,8.646581902,5.445401725,1.049068409,,7.9,8.5,5.4,1.08
7.848997737,8.59715013,5.237448841,1.045458347,,8.02,9.35,5.6,0.5
7.91952122,9.242184237,5.330584186,1.104005793,,8.06,10.3,5.4,0.72
8.032571814,9.973003011,5.380444269,0.764590395,,8.1,10.7,3.9,0.41
8.042175518,10.11837954,5.021608791,0.661427466,,8.05,11.3,3.2,0.59
8.023855874,10.03396095,4.658687529,0.566358412,,7.715102041,7.6346,4.952,0.9964
8.011612873,10.41965635,4.797976711,0.714401948,,7.92,11,5.3,0.93
7.962320085,10.83911709,4.595101014,0.813356335,,7.96,11.7,5.3,1.06
7.926713566,10.99595582,5.230095431,0.969609808,,7.97,10.1,5.5,1.98
7.938805824,10.10037703,5.304024087,1.226773098,,8.08,8.85,5.5,1.54
8.009656872,10.67501776,5.311227784,1.055936335,,8.53,8.31,6.1,0.53
8.019558931,9.235667581,5.337228592,1.00134446,,7.77,8.39,5.8,0.64
7.853707787,7.726188651,5.000903981,0.705143221,,7.9,7.41,4.4,0.97
7.972417744,8.337831579,5.195076357,1.099442934,,7.89,8.3,4.7,1.28
8.113492876,9.196359978,5.422784708,1.072825472,,7.89,9.79,5,1.34
8.02734538,9.9547385,5.171853482,1.28780366,,8.05,9.95,5.3,1.34
7.914892018,8.431930087,4.760209747,1.210680227,,7.91,7.38,4.4,0.97
7.550560505,4.304795549,5.186315956,1.836320361,,7.91,6.04,4.2,0.51
7.948994763,9.273674833,5.171180529,1.200760918,,7.99,6.5,4.1,2.03
7.928555336,7.532369629,4.449491885,1.00001003,,8,6.93,5.2,1.96
7.930183251,6.534241362,3.361147693,0.97515423,,7.8,5.54,3.3,1.33
8.019544326,5.693179212,3.127181984,1.179430892,,8.01,4.78,3.6,1.03
7.838269463,5.699464539,3.734879258,1.460614809,,7.77,7.41,2.6,1.93
7.818655208,5.900003505,3.691943477,1.258545212,,7.64,6.9,4.7,1.54
7.887834527,5.324136902,3.144419886,0.993274779,,7.81,6.31,4.4,1.23
7.888716553,5.514888618,3.867085413,1.120842195,,7.87,6.35,7.2,1.53
7.906780612,6.053850727,3.664231247,1.193845052,,7.6,6.43,4.9,1.01
7.644705698,6.303338215,4.353274677,1.034881802,,7.56,6.63,3.9,1.09
7.090931584,8.578312553,3.837423423,1.923077576,,7.58,5.85,5.3,0.86
7.562331458,6.704961175,4.884677948,1.027651756,,7.59,5.67,5.2,1.75
7.578265302,5.774774539,5.023909548,1.672812202,,7.64,5.82,6.7,0.92
7.466247476,4.869426026,6.258157787,1.236903793,,7.66,5.99,5.8,0.47
7.695333783,5.96077962,4.985679929,1.041452048,,7.66,5.98,4.3,0.93
7.709859828,5.736422922,5.084700606,0.807897649,,7.8,6.9,3.2,0.54
7.748953245,5.826795623,5.204130675,0.578839884,,8.07,6.87,5.2,0.52
7.766753897,6.336831038,4.421260921,0.707546287,,7.87,6.53,4.7,0.38
7.890343945,6.752555893,4.709576569,0.438301441,,7.25,6.81,4.6,0.78
8.107315565,6.656301377,4.501991706,0.511871784,,7.33,6.27,3.9,0.99
7.493116148,6.494170984,4.842290943,0.720713202,,7.49,6.41,5.2,0.87
7.421790966,6.546710369,4.620128443,0.695131152,,7.56,7.2,4.5,0.4
7.464290432,6.468229227,4.768816431,0.742072327,,7.76,7.38,4,0.47
7.699245263,7.383595006,4.076941992,0.457184362,,7.64,7.11,4.1,0.38
6.838072824,6.578089244,6.374254136,1.494078567,,7.4,7.67,3.9,1.19
7.141533067,7.306587275,7.755762842,1.309388442,,7.16,7.32,7.9,1.38
7.658810812,7.241607799,4.033998701,0.423345326,,7.12,7.05,6.4,0.7
7.494966786,7.014629367,4.475071096,0.388823858,,7.28,7.42,5.7,0.62
7.261786439,7.431422368,6.13585365,0.450599622,,7.26,8.19,5.2,0.75
7.184942726,7.902749971,5.870628689,0.502758217,,7.21,8.29,4.7,0.65
7.333180994,8.123999056,4.734391698,0.661238824,,7.22,8.47,4,0.64
7.244313874,7.199867293,6.224072535,2.165091763,,7.65,9.69,4.9,0.98
7.538751997,8.665736681,4.830049614,0.547159861,,7.78,8.67,6.2,0.81
7.658801423,8.704327514,5.323807593,0.647761854,,7.67,9.64,5.5,0.75
7.636722606,9.307062506,5.187636325,0.842553575,,7.77,8.38,5.6,0.87
7.74798672,8.888967839,5.871444845,0.809290165,,7.73,9.22,5.2,0.93
7.74754023,9.097903013,5.414743825,0.87549199,,7.73,9.03,5.1,0.76
7.759448885,8.633452204,5.511829763,0.726182702,,7.66,10.9,5.2,0.76
7.711198254,9.618754393,5.58678387,0.976244606,,7.706538462,7.980576923,5.426923077,0.538846154
7.715992804,8.889988668,5.183921065,0.67726246,,7.71,10.7,4.6,0.63
7.702094244,9.13443554,5.224930119,0.676236413,,7.7,10.9,4.5,0.51
7.687345475,7.559870669,5.609885073,0.344928714,,7.64,12.4,6.6,0.66
7.701041133,9.152716699,6.026943473,0.432464468,,7.69,10.6,7.3,1.03
7.708055091,11.21095726,6.364249974,0.820540224,,7.72,9.77,7,0.95
7.708418647,10.48940218,6.878456901,0.865553059,,7.72,9.06,8.5,1.24
7.704447704,10.47414845,7.328455933,0.941181517,,7.65,11,8.3,0.92
7.688000605,9.800807158,7.922330139,1.136895933,,7.69,11.1,8.5,1.07
7.536785564,11.06331475,8.044414966,0.734623424,,7.86,6.75,7.3,0.53
7.64555695,11.72295941,8.055798081,0.945951526,,7.67,9.93,6.5,0.57
7.751250894,8.86177261,6.636394731,0.553358621,,7.79,8.55,6.8,0.65
7.662281018,10.22189859,6.42749801,0.660627187,,7.94,5.32,5.9,0.37
7.866600702,6.09954574,5.196946004,0.451771499,,7.83,6,4.4,0.48
7.851502461,6.003557166,4.752541391,0.485312854,,7.94,4.54,4.7,0.68
7.910680617,5.09984154,4.773952201,0.470901371,,8.01,5.9,3.8,0.61
7.944057296,5.138320214,4.964923045,0.449098626,,7.705,7.315,6.25,0.605
7.912685649,5.695051754,5.155263497,0.473259952,,7.9,7.35,6.5,0.57
7.926450158,6.480780164,6.07559835,0.491966607,,7.93,7.52,4,0.62
7.922642476,6.916110627,5.13696309,0.58342794,,8.02,6.19,3.8,0.87
7.891441392,7.024987055,4.63409121,0.647699196,,7.95,6.27,4.5,0.49
7.93348811,6.751543388,4.30459176,0.543998437,,7.91,6.76,4.6,0.24
7.961828216,6.639261861,4.081919038,0.453346636,,8.16,6.77,3.7,0.2
7.943751638,6.700696914,4.32269689,0.308433307,,7.79,6.73,4.7,0.23
7.927779195,6.630156769,4.561991643,0.265132854,,7.37,7.61,7.6,0.4
7.865587754,6.650503245,4.721858456,0.258989951,,7.24,6.77,5.6,0.56
7.664129048,6.730326798,4.897821554,0.352633042,,7.42,6.46,4.5,0.47
7.453066638,6.590283109,4.950460071,0.482630728,,7.56,6.24,3.9,0.66
7.339520524,6.647561243,5.360669776,0.550230755,,7.46,6.22,5.8,0.61
7.343407489,6.614493838,5.216514205,0.538132254,,7.31,6.71,6.3,0.35
7.443014358,6.35509292,5.601624879,0.558771261,,6.94,7.11,10.9,0.64
7.272433865,6.823126269,6.211867757,0.415008625,,7.21,6.3,8.4,0.18
7.325769055,6.613665784,6.454359536,0.407734094,,7.75,5.88,5,0.44
7.311494942,6.689463855,6.300468183,0.354408639,,7.6,5.9,3.1,0.36
7.652167711,5.939756681,5.075048442,0.430235438,,7.5,6.1,4.1,0.4
7.604490319,6.018363126,4.856759425,0.431625502,,7.61,6.59,5,0.52
7.561197499,6.112904577,4.297100155,0.427892243,,7.69,6.73,4,0.47
7.603149806,6.395855095,4.445893291,0.449938595,,7.72,7.12,6.2,0.47
7.624242277,6.60120291,4.98258655,0.512882557,,7.72,7.01,4.8,0.6
7.656430228,6.80328495,5.16913213,0.515011356,,7.58,7.51,7.4,0.38
7.686587068,7.151703452,5.131724174,0.476158036,,7.61,8.18,4.2,0.21
7.684088603,7.444422382,5.258679395,0.408749661,,7.75,8.1,3.8,0.21
7.689814209,8.06497237,4.493977861,0.26732498,,7.8,8.25,4.6,0.24
7.727806006,8.032887677,5.027235256,0.281684732,,7.84,8.67,4.5,0.39
7.732992277,8.36446601,4.746258497,0.279241975,,7.8,9.28,4.3,0.29
7.785612875,9.236166166,4.785927153,0.328580418,,7.69,9.8,3.7,0.31
7.765498926,9.913132498,4.61053286,0.341279296,,7.76,10.3,3.2,0.27
7.5690794,11.81810241,6.580815551,0.875040342,,7.75,10.3,3.9,0.77
7.699159721,9.158052173,3.66323784,0.687634532,,7.69,9.61,3.7,0.75
7.69429319,10.39093995,3.653776447,0.36602985,,7.8,9.5,4.8,0.51
7.717862219,9.63876439,3.775667499,0.697737577,,8.06,11,5.3,0.56
7.659964592,9.623590405,3.801341344,0.764363846,,7.88,11,4.6,0.67
8.055512836,10.9658015,5.31518789,0.555090068,,7.676481481,7.744814815,4.864814815,0.802222222
7.913127444,11.02046973,4.944457073,0.581854475,,7.9,11.9,5,0.41
7.931086141,10.9401213,5.050642392,0.651668815,,8.17,11.3,5.7,0.58
7.988293691,12.18308418,5.162484219,0.522918262,,8.09,11.9,7.5,0.42
7.628761422,7.551121334,4.912152842,0.980837569,,7.71,12.1,6.5,0.76
7.882363462,11.8535405,5.927447123,0.563601698,,7.74,11.3,5.7,0.67
7.982646847,11.48274482,6.231763923,0.645019968,,8.22,9.99,6.8,0.7
8.101979073,10.39069811,6.716087045,0.661975442,,8.15,8.79,6.6,0.95
8.221349375,8.705975736,6.136640764,0.616609405,,8.09,9.3,6.1,0.69
8.2643501,7.131243064,5.753631565,0.70290059,,7.83,7.74,5.6,0.86
8.278515719,10.48201979,6.769148661,0.496604723,,7.48,8.38,4.5,1.26
7.838410295,7.35884889,4.830424144,1.505610697,,7.57,6.6,5.1,1.88
8.096545041,8.207682481,7.827553471,1.211251504,,7.61,7.46,7.3,1.62
7.618573526,7.860919649,5.082830959,1.151765197,,7.56,7.46,5.8,1.08
7.469892419,7.171991219,4.209152153,1.337069969,,7.46,6.37,4.5,0.9
7.522446773,6.300711224,4.519196561,0.960061874,,7.55,6.78,5,0.96
7.505156768,6.248212146,4.605507746,0.984051616,,7.58,5.67,5.1,0.98
7.602476942,6.159023694,4.909745935,0.970653247,,7.89,6.06,5.6,0.83
7.606134925,6.056312546,4.854770109,0.981914901,,7.69,5.69,4.2,1.06
7.69023827,5.830165235,4.768234607,1.003052271,,7.82,5.38,3.5,0.95
7.68942666,5.609876079,4.81629314,0.999018991,,7.5,5.12,5.4,0.92
7.709877563,5.471185754,4.428524703,0.948105968,,7.53,5.49,4.1,0.75
7.655327566,5.618736697,4.195004625,0.9272956,,7.71,6.53,4,0.93
7.64671751,5.715347408,4.37362799,0.871171288,,8.03,6.13,5,1.01
7.962286181,5.827464639,4.68189338,1.207871893,,7.76,5.61,4.2,1.08
7.687898371,5.966098007,4.17050995,0.904574173,,7.44,5.84,3.8,0.82
7.679499043,5.968431017,4.26694046,0.980024803,,7.32,5.6,4.3,0.97
7.573600109,5.678298771,4.215922738,1.029886248,,7.41,5.19,4,0.98
7.187775015,5.286523523,3.973312792,0.990862905,,7.39,5,3.6,0.66
7.32072518,5.07485577,3.735834611,0.77252049,,7.49,5.21,3.8,0.38
7.454533899,5.195597471,4.194247053,0.851464675,,7.59,5.17,4.5,0.87
7.4579436,5.252866842,4.270412876,0.872080493,,7.43,4.96,5.8,1.08
7.498117251,5.171881384,4.453693834,0.692024135,,7.46,5.25,4.4,0.71
7.511371635,5.203178768,4.64597303,0.814325633,,7.42,5.29,5.1,0.86
7.503776614,5.243469083,4.826995791,0.837102471,,7.47,5.97,4.6,0.64
7.537560662,5.453286639,4.93795587,0.761007425,,7.56,6.91,3.7,0.4
7.461247416,5.658372894,4.40610096,0.674597614,,7.62,6.79,4.2,0.66
7.57064055,6.548186847,4.218434293,0.627190855,,7.73,7.17,3.7,0.49
7.569550405,6.075750353,4.041809758,0.620848831,,7.74,7.48,4.5,0.81
7.670350696,7.098375006,4.026617752,0.594438964,,7.7,7.45,4.1,0.64
7.681546324,7.303286012,4.286883191,0.649775261,,7.65,7.43,5.6,0.68
7.720233414,7.379551122,4.164136427,0.631616805,,7.7,7.43,4.1,0.32
7.709776894,7.520188031,4.21613654,0.624856133,,7.71,7.29,3.6,0.59
7.691396223,7.468847792,4.097276779,0.632185406,,7.68,7.49,4,0.77
7.680887021,7.549177816,4.169786426,0.601689525,,7.69,8.31,4.3,0.6
7.653036697,7.9025423,4.166334539,0.607619704,,7.67,8.65,4.2,0.8
7.69000668,8.196828399,4.269952724,0.625829445,,7.71,8.66,4.7,0.58
7.713616393,8.77057974,4.672406951,0.583104841,,7.71,9.19,5,0.68
7.71257893,8.786346068,4.545006098,0.6402261,,7.84,8.78,4.7,0.63
7.7179342,8.98514393,4.521890875,0.695792625,,7.76,9.86,4.8,0.37
7.728561283,5.866099722,4.629503215,0.411844079,,7.61,11.5,5.4,1.07
7.489810767,9.995070438,4.312874986,0.689597991,,7.45,10.9,4.3,0.96
7.559968608,11.13095933,4.02381228,0.597767066,,7.46,11.8,3.7,0.71
7.717530481,9.838205418,5.007167848,0.517653235,,7.607857143,8.10875,4.564285714,0.558035714
7.456702192,11.72600875,4.111660641,0.620436985,,7.38,11.7,4,0.5
7.372882597,11.68679841,4.046372718,0.51736715,,7.28,11.6,4.4,0.52
7.3772969,11.52271574,4.078029031,0.589861833,,7.37,11.5,4.5,0.73
7.478554112,11.00216842,4.181604656,0.7196808,,7.62,11.4,4.9,0.83
7.827800946,11.46945389,5.37179102,1.027514957,,7.76,11.7,5.1,0.87
7.55144879,11.54764324,4.81834855,0.778273065,,7.75,11.6,5.3,0.74
7.410601597,11.53203376,4.524146569,0.739416735,,7.64,11.2,5.4,0.61
7.627570087,11.18714084,5.214121318,0.779226197,,7.59,11,5.5,0.77
7.540137367,10.6951776,5.400304384,0.738932197,,7.65,10.2,5,0.55
7.590576111,9.793239882,4.860333485,0.504470711,,7.65,9.97,4.8,0.51
7.616784437,10.57391804,5.042311599,0.63073302,,7.52,9.6,4.2,0.8
7.55783422,9.513215593,4.520197478,0.66453504,,7.37,8.27,4.7,0.74
7.427322015,8.801702312,4.42330181,0.81365,,7.31,7.78,4.7,0.94
7.460516654,7.865484901,4.375330901,0.845563038,,7.79,8.48,4.6,0.49
7.466181755,8.068159284,4.783835692,0.779772166,,7.73,7.58,5.8,0.76
7.728749059,7.222463536,5.780251248,0.794540308,,7.29,6.77,5.7,0.72
7.650565355,6.12293893,6.359931861,0.732060704,,7.33,6.03,5.6,0.63
7.364126494,5.498277587,5.41922617,0.701305607,,7.41,5.61,5.2,0.71
7.328735917,5.290503003,5.054344633,0.676514359,,7.39,5.08,4.1,0.54
7.503768268,5.102024274,4.381473597,0.594037821,,7.55,4.88,3.5,0.63
7.46309336,5.125517356,3.963177444,0.616314066,,7.56,5.5,3.8,0.66
7.438501473,5.481428216,4.361637015,0.659229543,,7.28,5.94,3.5,0.7
7.418230522,5.431472448,3.638758687,0.639395942,,7.26,5.73,3.4,0.65
7.42532585,5.529512319,3.497116674,0.654961018,,7.58,5.39,3.5,0.63
7.455734102,5.574499761,3.573353097,0.652754509,,7.49,5.38,4,0.6
7.165359244,5.886047505,3.90718568,0.649611147,,7.46,6.45,4,0.71
7.285862985,5.937807906,4.2245845,0.648225766,,7.43,6.32,4.6,0.7
7.418758903,5.965135449,4.447628748,0.64221654,,7.29,6.05,6.2,0.54
7.395210217,5.946949362,5.034162563,0.621811216,,7.36,5.97,5.3,0.62
7.433929125,6.051957156,4.815836994,0.63583148,,7.86,5.58,4.8,0.59
7.59085934,5.995514963,4.315926807,0.650847019,,7.94,5.65,3.7,0.71
7.682542058,6.080960961,4.65230249,0.681391176,,7.84,5.91,4,0.75
7.922310216,6.172280448,3.64302773,0.760581197,,7.69,6.15,3.5,0.72
7.858045415,5.734072825,3.758293404,0.699688214,,7.54,6.29,3.5,0.55
7.65974239,5.826361004,4.359912073,0.622406576,,7.44,6.57,4.5,0.49
7.421522863,6.639456388,5.998794124,0.407477666,,7.66,6.56,5.1,0.34
7.408827635,7.353765776,5.590320877,0.399779359,,7.34,7.26,4.4,0.59
7.507484149,7.106745364,4.531668217,0.422205893,,7.57,7.15,4.1,0.35
7.543600271,6.959125636,4.321530239,0.410053542,,7.75,7.08,3.7,0.36
7.636702264,6.978493343,3.97972587,0.368990815,,7.83,7.48,3,0.23
7.606242896,7.534360465,4.19644216,0.319219565,,7.78,7.7,4.9,0.23
7.754943824,8.063094571,4.885187169,0.245876774,,7.84,7.97,5.1,0.18
7.833720066,8.501323662,4.841740664,0.202807441,,7.83,8.42,4.6,0.2
7.829253603,9.025348812,5.226655061,0.176048386,,7.78,9.14,4.4,0.23
7.857523815,10.58952051,4.264303227,0.172704118,,7.85,10.1,4.3,0.2
7.88379056,9.245041681,4.440092579,0.185691199,,7.92,9.22,4.4,0.18
7.946876023,9.430970967,4.359350779,0.204236861,,8.17,9.38,4.4,0.23
7.996039976,9.758033118,4.38530452,0.23741721,,7.89,10.1,4.9,0.46
8.029824546,10.19591784,4.603664637,0.285061444,,7.8,11,5,0.36
7.825622222,11.47436613,4.900928953,0.42523509,,7.78,11.3,4.7,0.44
7.591750755,11.90641067,4.967957841,0.470252608,,7.8,12.1,4.9,0.41
7.789798195,12.19348174,4.825804605,0.402381212,,7.78,12.3,4.8,0.36
7.670859778,7.608808237,5.214838333,0.462943514,,7.538269231,8.095,4.551923077,0.460961538
7.715403917,12.0691334,4.802231734,0.407433961,,7.86,12.9,5.2,0.52
7.665315167,12.37645632,4.49945862,0.391973798,,7.79,12.8,3.5,0.52
7.805354401,12.30745881,4.570636882,0.437404611,,7.84,12.2,4.3,0.47
7.896891072,12.26982221,4.362262401,0.504299796,,7.81,11.9,4.8,0.58
7.743570852,11.26145718,4.169600162,0.55146607,,7.73,11,5.3,1.12
7.626826285,10.77109835,5.438592085,1.213710204,,7.59,11.6,5.7,1.12
7.774217475,11.94527314,4.77186024,0.634184877,,7.73,11.4,5.6,0.78
7.867471775,11.35614803,4.853467766,0.572857081,,8.22,10.2,5.7,0.32
8.022533096,9.113986543,5.030067766,0.391869555,,8.05,8.86,4.9,0.38
7.81879291,7.659847924,4.512876114,0.31677614,,7.59,6.92,3.9,0.36
7.606556899,8.60006716,4.119366049,0.48160836,,7.52,8.03,3.9,0.49
7.819711448,8.775159888,4.548564135,0.440981895,,7.35,8.35,5.1,0.72
7.694147142,8.294811313,4.465287746,0.486494542,,7.44,8.32,5.8,0.66
7.413716072,7.922050207,5.00836304,0.625264634,,7.44,7.19,6,0.59
7.338100728,7.89133509,5.333230933,0.621558579,,7.4,7.22,6,0.54
7.447689983,7.38726999,5.772463223,0.572658628,,7.76,8,5.4,0.54
7.467092469,7.877270435,5.468192989,0.613930846,,7.69,7.91,4.8,0.56
7.564993705,8.313018868,4.935255547,0.618554356,,7.74,6.96,4.2,0.4
7.610438648,7.672104003,4.981217111,0.492992431,,7.26,7.42,4.6,0.35
7.498941901,7.629354497,4.509001629,0.45277023,,7.39,7.61,4.3,0.44
7.391477124,7.428561419,4.199103428,0.416874084,,7.74,7.09,3.9,0.38
7.62563495,7.19237625,4.335046873,0.390174676,,7.72,7.33,5.2,0.39
7.396575767,7.428637652,4.438977501,0.408797713,,7.67,6.81,4.4,0.56
7.541476837,7.194123488,4.498176805,0.478547835,,7.66,6.66,4.5,0.65
7.635010193,6.847500418,4.619289756,0.533548768,,7.75,5.97,6.1,0.66
7.639801613,6.600734118,4.937664457,0.546484675,,7.71,6.26,4,0.51
7.628923639,6.18740361,4.669439249,0.541475073,,7.43,6.03,3.4,0.31
7.579200531,6.153825791,4.411699385,0.55342061,,7.44,5.78,4.5,0.56
7.504693587,5.873024271,4.46832054,0.53010505,,7.51,5.81,4.9,0.54
7.547544612,5.942864294,4.345621844,0.528098444,,7.56,5.89,5.2,0.58
7.505230835,5.841258533,4.720677283,0.520164224,,7.5,5.65,4.9,0.25
7.53360954,5.84398454,4.812758637,0.504780655,,7.84,5.6,4.2,0
7.635569348,5.704483248,4.671936284,0.357651006,,8.06,5.49,3.7,0.29
7.565042736,5.75302519,4.537555551,0.335791066,,7.58,5.94,3.7,0.34
7.548624325,5.979311387,4.398579312,0.349236707,,7.58,6.32,4.4,0.43
7.69772845,5.98794199,3.944658228,0.316124924,,7.32,6.56,3.9,0.25
7.16675922,6.745692681,4.338203342,0.417507907,,7.42,6.85,4.6,0.55
7.539395652,6.498996919,4.428773055,0.464231341,,7.8,6.58,4.3,0.53
7.581749592,6.806144585,4.318469907,0.544362231,,7.25,6.96,3.7,0.55
7.399411707,6.891553342,4.187279189,0.45757915,,7.3,7.43,4.2,0.43
7.409890656,6.930283498,4.501368323,0.527809126,,7.41,7.4,4.7,0.44
7.413478222,7.261262477,4.371139467,0.458339738,,7.24,7.78,4.1,0.32
7.286485254,7.50578164,4.1403823,0.414886208,,7.35,7.82,3.5,0.36
7.263123822,7.550801504,4.085101543,0.398095741,,7.3,8.29,3.2,0.33
7.323522522,7.889315338,3.653928662,0.34930951,,7.26,8.7,3.2,0.27
7.303086746,6.955707831,3.557061033,0.254654197,,7.14,9.4,5.1,0.16
7.257919295,9.143804382,4.303760083,0.361168196,,7.3,10,4.8,0.32
7.292304226,9.687416301,4.491119815,0.304102347,,7.21,9.96,4.7,0.28
7.263727313,9.579672861,4.140570066,0.270876175,,7.22,8.49,4.1,0.25
7.167443559,9.319761967,4.244151199,0.279241529,,7.19,9.29,4,0.37
7.203402158,9.887044846,4.423352381,0.31808515,,7.19,10.3,3.9,0.3
7.138938106,9.622429377,4.404387033,0.318781185,,7.14,9.71,4.7,0.35
7.14326478,9.899354377,3.792384164,0.344590787,,7.456730769,7.703846154,4.861538462,0.58
7.312775471,7.723532744,4.471459984,0.352454991,,7.29,9.13,5.5,0.17
7.185979145,9.510694628,4.775685655,0.366063966,,7.29,9.32,5.1,0.44
7.26754647,9.311841562,4.977625527,0.360778871,,7.28,9.53,4.6,0.26
7.331688174,9.056540608,5.046812971,0.20976088,,7.39,9.25,3.4,0.29
7.30766744,8.804028751,4.88134523,0.179609615,,7.48,8.31,3.7,0.65
7.324456708,8.920829965,4.015191076,0.41769287,,7.28,8.96,3.8,0.49
6.670491011,11.1962731,6.8383326,0.377090264,,7.25,9.69,4.3,0.85
7.394650018,9.395913165,4.218912971,0.393686181,,7.34,9.34,5.1,0.6
7.365674082,8.731430737,4.048855232,0.647684034,,7.42,8.25,4.6,0.71
7.358086363,8.524663401,4.046919492,0.71349843,,7.45,7.14,4.5,0.85
7.471930833,7.413879886,4.739900496,0.910359303,,7.64,7.14,6,0.73
7.572016531,7.319571078,5.003453089,0.757219647,,7.75,8.04,4.6,0.55
7.690344676,7.44946957,4.89593939,0.690214533,,7.8,7.85,4.4,0.63
7.73156205,7.422927145,4.921162596,0.659116045,,7.58,8.14,3.8,0.48
7.84481033,8.491511438,3.995730527,0.506118986,,7.57,7.9,6.2,0.4
7.723223226,8.343577137,4.259027759,0.592727919,,7.43,8.15,6,0.64
7.546205664,8.091496393,5.109269887,0.554613001,,7.45,8.19,5.2,0.54
7.441705141,8.084560015,6.871424446,0.578185546,,7.61,7.3,4.7,0.36
7.611338409,7.526037862,5.539997638,0.554217209,,7.76,6.8,4.9,0.59
7.689067277,7.171996477,5.217757966,0.565226449,,7.72,6.57,5.8,0.68
7.718756764,7.091565684,5.527308174,0.58694435,,8.04,6.11,6.3,0.85
7.782239686,6.300818126,5.915929819,0.839864647,,8.15,5.7,6.8,0.38
7.816494739,6.468668666,5.719648457,0.671316449,,7.88,6.47,5.5,0.67
7.844242829,6.516290109,5.616911019,0.728937186,,7.74,6.87,4.2,0.64
7.81389404,6.583550459,5.063186149,0.686945855,,7.46,6.56,3.7,0.44
7.285234456,6.630001673,4.125956379,0.586197475,,7.42,6.42,4.3,0.57
7.324956401,6.554668014,3.566052762,0.519435633,,7.32,6.47,3.6,0.58
7.879909332,7.022984829,4.918712628,0.701037695,,7.51,6.3,7.1,0.64
7.416136297,6.436693066,4.588466622,0.602577323,,7.55,6.34,5.7,0.73
7.47928331,6.340215984,4.902428075,0.611957464,,7.79,5.9,5.8,0.58
7.63120877,6.140217662,5.604207535,0.593290612,,7.78,5.9,5.4,0.36
7.686425372,5.946583966,5.761514223,0.471389365,,7.57,6,4.7,0.39
7.547345883,6.014512455,4.491690623,0.305350037,,7.27,6.41,3.7,0.39
7.518548333,6.138968132,4.621466337,0.438254503,,7.47,6.36,3.8,0.64
7.519112704,6.178947818,4.577793012,0.465731892,,7.24,6.57,4.1,0.66
7.685879778,6.136197436,6.338680778,0.522629055,,7.26,6.94,5.4,0.6
7.263360628,6.639113775,4.654127073,0.338017977,,7.17,6.93,5.5,0.35
7.002412371,7.352733556,6.383714028,0.294010897,,7.09,7.75,5.3,0.52
7.173011642,7.85290461,6.056944944,0.408187971,,7.41,7.63,5.4,0.65
7.300890809,7.654048039,5.255640093,0.517899406,,7.34,7.65,5.1,0.52
7.369495325,7.732085799,5.288474574,0.482029125,,7.32,7.78,5.6,0.33
7.062147074,7.544297116,5.610678195,0.533225,,7.28,8.06,4.1,0.45
7.475176229,7.374914895,5.556615663,0.567671547,,7.35,8.39,5.3,0.87
7.32397475,8.296168621,4.521316562,0.505094835,,7.34,8.62,4.4,0.49
7.307996048,8.718010125,4.473379201,0.543188347,,7.27,9.41,3.8,0.65
7.334097967,8.577808711,4.530410937,0.542908729,,7.25,8.46,4.9,0.67
7.331984443,8.465592026,4.934831947,0.78794074,,7.39,8.4,4.1,0.55
7.313659583,8.724981553,4.441079476,0.671846475,,7.38,8.89,4.1,0.94
7.374263273,9.081119361,4.017805277,0.626427257,,7.24,10.4,4.1,1.12
7.352368581,9.521675767,4.214465174,0.717482877,,7.22,10.3,4.5,1
7.372207125,8.301954486,4.241672189,0.695589266,,7.24,7.58,5,0.56
7.271934693,7.040908041,5.027684392,0.455861527,,7.23,8.03,5.3,0.46
7.323834961,8.973526636,4.684871596,0.854562104,,7.445769231,7.044423077,4.971153846,0.659423077
7.340463577,7.424312493,5.129402888,0.580835006,,7.31,7.87,5.9,0.8
7.358686725,7.257283436,5.231398275,0.59262479,,7.29,7.46,6.3,0.82
7.194248074,8.303575545,5.865859438,0.754307181,,7.28,8.3,4.7,0.92
7.348785709,7.27244121,5.331904555,0.688315961,,7.3,8.9,6,0.83
7.331505614,7.578057194,5.745360356,0.786614783,,7.21,9.72,6.4,0.78
7.234941761,9.357267129,5.644669815,0.811714303,,7.19,10.4,5.3,0.87
7.227412983,9.84006394,5.788367738,0.869388444,,7.34,9.39,6.3,0.93
7.252175433,9.17261366,5.764313686,0.808836733,,7.32,8.77,4.9,0.85
7.293729238,8.739386192,5.527302667,0.941032343,,7.28,8.68,5.4,0.94
7.4733741,7.780013053,5.964809014,1.150997585,,7.31,8.61,5.3,1.15
7.36986201,8.401964162,5.565677992,1.067344822,,7.46,7.94,5.4,1.08
7.474527359,7.296166498,5.950040607,1.276901898,,7.59,6.46,5.6,1.26
7.532304496,5.383408499,5.241670818,0.939540154,,7.71,5.3,5.3,0.91
6.864874731,9.348422283,5.222208766,0.769709146,,7.47,6.56,6.3,0.65
7.552731927,8.151335361,5.999041474,0.325172377,,7.61,7.38,5.8,0.3
7.64524399,7.137566069,6.427041364,0.342464886,,7.76,6.7,6.3,0.34
7.640192813,6.752888429,6.379196633,0.320129997,,8.08,5.36,4.7,0.58
7.729875716,6.44546124,5.460821053,0.368791804,,7.82,5.98,4.3,0.56
7.120746775,7.077069915,4.830099685,1.578991395,,7.61,6.31,4.3,1.2
7.745049067,6.382464275,5.790587881,0.874941673,,7.7,6.53,5.8,0.86
7.602568744,6.696256528,4.728675606,0.871214212,,7.72,6.48,3.7,0.79
7.65827565,6.756710184,4.250772072,0.901795495,,7.68,6.56,3.9,0.87
7.719097368,6.351876214,3.908240674,0.872540503,,7.76,6.54,5,0.52
7.979931917,6.088481796,4.870390222,0.588693413,,8.06,6.15,5.2,0.45
7.786172552,6.341941754,4.654366412,0.596295838,,7.75,6.36,5.4,0.66
7.820977893,6.274242842,5.514402405,0.537833013,,7.71,6.38,5.8,0.6
7.717677573,6.41903229,5.519778515,0.743134051,,7.49,7.02,7.1,0.75
7.607439447,6.244560822,4.848068122,1.120986575,,7.51,4.91,6.1,0.1
7.577236706,4.592743309,4.908893728,0.517986703,,7.62,3.13,4.2,0.08
7.580581207,2.376964334,4.119174278,0.11929014,,7.51,2.04,4.6,0.02
7.648362637,2.939992592,4.119486219,0.068511016,,7.67,3.02,4,0.02
7.572858394,4.613984434,6.070735466,0.094002982,,7.99,5.42,3.4,0.2
7.606091632,2.379003363,3.038196012,0.03945548,,7.88,6.63,10.6,0.77
7.848804745,6.718380911,10.34195293,0.960389544,,7.6,6.48,3.6,0.26
7.82393954,5.964848039,4.760788065,0.158060065,,7.39,6.45,4,0.03
7.420947538,6.544613946,4.554239169,0.192135126,,7.38,6.32,4,0.16
7.454076978,6.595407407,4.197873186,0.168553996,,7.42,7.2,3.6,0
7.391731143,6.452118972,9.207274145,1.387250723,,7.47,7.68,2.7,0.93
7.688786135,6.691732022,3.090998762,1.216449191,,7.71,6.77,3.1,1.05
7.767852387,8.540022273,2.81361609,0.954670863,,7.78,9.15,2.6,0.95
7.689236798,7.01282824,2.66513089,0.809915404,,7.64,7.43,2.7,0.58
7.723637377,6.944271482,3.218440171,1.056764375,,7.73,5.98,3.9,1
7.587304634,6.408370544,3.091059848,0.747035437,,7.81,6.54,4.5,0.57
7.762218061,7.458597444,4.099821381,0.534139779,,7.78,7.43,4.5,0.56
7.780469897,6.088927368,4.239994815,0.656717662,,7.51,8.82,5.1,0.3
7.646629881,8.909054069,4.309829675,0.318195525,,7.71,9.23,3.6,0
7.654600455,9.076467361,3.886908475,0.227072343,,7.68,8.84,4.7,0.54
7.534922929,6.481853568,3.593132597,0.426380989,,7.26,9.35,6.1,1.09
7.237680683,9.687067554,4.777105665,0.251485749,,7.18,9.63,6.1,0.96
7.614991175,8.120429222,7.268985245,1.633242667,,0,0,5,0.95
7.207977114,10.0007678,6.704906718,0.734114582,,8.01,9.77,4.9,1.1
7.263355412,9.651434934,6.064149143,0.946402394,,8.13,9.98,4.5,0.8
7.727097673,9.879301444,4.489249167,0.705721299,,7.535,7.452291667,5.25625,0.336458333
7.169034961,8.282792697,4.923197477,0.680018393,,8,9.7,4.4,0.75
6.512484213,8.070255268,5.259164582,0.757700729,,7.85,9.53,4.9,0.59
7.801286963,9.192351144,4.801042551,0.687833542,,8.13,9.7,4.9,0.74
7.297312632,8.930831458,4.964172483,0.702000973,,7.99,10.4,5.1,0.82
7.756755341,9.727253159,4.967247335,0.755350175,,7.68,10.6,4.9,0.82
7.289714481,10.13144615,5.152903656,0.860905913,,7.7,10.8,5.4,0.72
6.765219875,10.50315664,5.397203995,0.830452174,,7.93,11.5,5.8,0.48
7.757956587,10.69168488,5.065600567,0.773049513,,7.79,10.2,5.4,0.96
7.804706052,10.61188498,5.442580732,0.78868204,,7.78,10.6,4.7,0.47
7.952839479,10.58070458,5.015369459,0.586217655,,8.06,10.5,3.8,0.2
8.147031772,10.90366589,4.062095475,0.279322137,,8.24,11.3,4.3,0.04
8.133954732,10.74265797,3.701664739,0.098259689,,7.71,9.27,4,0.09
8.088354874,9.86274474,4.098970677,0.098170496,,7.94,9.22,4.5,0.21
7.996086399,9.298010866,4.355892383,0.127414897,,7.94,8.12,4.2,0.27
7.860593954,8.45706,4.295904462,0.138781576,,7.49,6.34,3.6,0.36
7.747559529,7.094636933,4.230128348,0.253405058,,7.3,6.3,4,0.5
7.967536609,7.538818814,3.109334218,0.194798634,,7.26,5.92,5.4,0
7.322207568,5.259563128,5.466369908,0.229204375,,7.39,5.2,5.6,0.23
7.375365936,5.149946271,5.478526117,0.228836345,,7.45,4.8,5.8,0.28
7.3698328,4.823419507,5.538218119,0.230991456,,7.37,4.59,5.3,0.23
7.403743597,5.024799672,5.44166844,0.184501372,,7.45,6.03,5.5,0.16
7.411131021,5.514975366,5.520138525,0.18458499,,7.39,5.85,5.3,0.16
7.394753817,4.89125818,5.705044283,0.322931084,,7.33,4.08,6.4,0.23
7.34996922,3.126601408,6.010307923,0.177852748,,7.26,3.26,5.7,0.17
7.335510982,2.662735056,6.911235804,0.161983973,,7.45,3.42,6.7,0.15
7.308041949,4.672493257,6.462586683,0.190382941,,7.06,5.03,4.4,0.15
7.438961524,5.139504901,5.294550175,0.211744296,,7.46,5.14,4,0.13
7.329636199,5.502196167,4.578601657,0.165899519,,7.26,5.66,4.7,0.17
7.307474448,5.612137675,4.298257293,0.14031234,,7.42,6.17,4.1,0.14
7.444871777,5.597192829,4.23201602,0.147126304,,7.5,5.42,4.3,0.14
7.595480196,5.617693524,4.328075505,0.157390676,,7.52,5.51,4.7,0.2
7.161762289,4.337041471,4.778471098,0.151406313,,7.64,5.92,4.2,0.48
7.487359768,5.608049978,4.328280795,0.182995693,,7.69,6.66,5.4,0.41
7.642262523,6.310972963,4.289726717,0.225405448,,7.69,6.99,5.7,0.15
7.689342682,6.92188291,4.800623458,0.237475743,,7.67,7.38,5.7,0.15
7.675023191,7.578897516,5.601184756,0.171147599,,7.59,7.4,5.9,0.15
7.725355528,8.604188153,5.892459093,0.168494237,,7.58,8.56,5.5,0.16
7.609904008,7.864952142,5.936843425,0.112976433,,7.56,7.41,6.4,0.19
7.625603654,7.259864862,5.79422503,0.173097122,,7.26,6.7,5.4,0.21
7.600575709,7.242845061,5.683466236,0.209790536,,7.25,6.85,4.7,0.2
7.350862199,7.356256072,5.373328196,0.19421342,,7.26,7.52,5.1,0.15
7.706788124,7.893826262,7.74862674,0.156330847,,7.17,8.45,6.4,0.51
7.330380522,7.506756027,6.781966306,0.231679798,,7.18,7.53,7.3,0.54
7.193155322,7.073622756,6.165593751,0.297167862,,7.35,7.36,6.7,0.42
7.517594326,5.881862983,5.33827958,0.1698843,,7.26,6.63,6.7,0.3
7.188713374,7.409928884,6.971353909,0.448838184,,7.13,8.14,6.2,0.55
7.287975466,7.52370529,7.466312086,0.581685455,,7.14,8.64,6.7,0.5
7.407794866,9.145917892,6.879203458,0.660724853,,7.16,9.41,6.5,0.52
7.051388026,7.985864711,6.443185718,0.595274696,,7.894545455,7.727878788,4.915151515,0.221212121
7.581422548,8.955733546,5.959558581,0.46006784,,7.15,9.94,6.2,0.68
7.31495263,9.400005243,6.379583681,0.532983177,,7.15,10.1,6.5,0.5
7.216888133,9.90425085,6.457892538,0.428585045,,7.32,10.4,6.4,0.36
7.489143641,10.73688963,6.201261243,0.458451117,,7.49,11.9,6.6,0.16
7.702124496,11.88566112,6.380870002,0.31034102,,7.74,12.5,6.8,0.11
7.391019159,10.68342186,6.61889696,0.342463437,,7.66,10.1,6.9,0.58
7.605721296,11.50347246,6.654680116,0.337539905,,7.82,11.2,6.3,0.37
8.00336846,10.37697256,5.21045663,0.687401628,,8.08,8.31,4.6,0.37
8.017522604,7.551688266,4.029212926,0.535016986,,7.97,7.57,4.1,0.46
8.11808661,9.758226769,4.042831204,0.331863144,,8.13,10.1,3.9,0.25
7.889613705,9.519266961,4.244794109,0.216951348,,7.71,9.57,4.2,0.17
8.072467974,9.49642055,4.210130538,0.235099769,,8.22,9.44,4.6,0.22
8.113288409,8.472086775,4.470946757,0.193245348,,8.63,6.78,4.6,0.1
8.254439173,5.168105194,6.092753636,0.206713733,,8.56,5.66,5.8,0.34
8.276459571,6.364533177,5.23237616,0.251860357,,8.17,6.21,5.2,0.24
8.130038036,4.432207687,6.100712403,0.479743347,,7.66,4.93,4.9,0.08
8.367340068,6.198831197,5.009824108,0.135106738,,8,5.89,3.3,0.04
8.127040921,5.712837396,4.133849552,0.108298292,,8.46,5.44,4.4,0.04
7.846288545,6.224618734,3.145620085,0.055987624,,8.52,3.59,4.9,0.03
8.367674936,4.638348068,4.62844021,0.068563305,,8.57,4.54,5.5,0.27
8.285894276,5.420262609,4.727344221,0.267625893,,8.47,3.74,6.6,0.14
8.451663007,4.307542586,6.220887526,0.111216779,,8.43,4.31,6.5,0.07
8.551919791,4.151106052,6.192973009,0.083308257,,8.68,4.74,6.2,0.07
8.400545662,4.954193808,6.176635882,0.105231189,,8.43,3.73,6.9,0.06
8.503257096,3.736594362,6.90207834,0.100256483,,8.75,2.89,4.7,0.1
8.264957242,6.285828154,5.119001163,0.133846338,,8.04,6.06,5.1,0.13
7.373360904,8.611035154,3.771789509,0.216007469,,7.9,6.47,3.4,0.07
7.666248832,7.654260091,3.279254262,0.085598941,,7.77,7.48,3.2,0.08
7.685875084,7.187224351,3.239962139,0.080102013,,7.36,7.01,2.8,0.06
7.463148128,7.626921157,3.136288876,0.078104884,,7.21,9.32,2.7,0.17
6.866472393,9.721334104,3.006347427,0.354402284,,6.61,10.3,3,0.36
6.649344293,11.5716463,3.595713251,1.555072003,,6.76,13.5,2.3,0.23
6.854470893,11.54847743,2.724090355,0.336032554,,7.1,11.3,3.1,0.39
7.464793255,6.488715903,3.479251384,0.133661041,,7.5796,7.6696,5.504,0.256
7.305560175,7.887155387,4.879880657,0.217163402,,7.36,7.84,5,0.21
7.823997437,8.595030487,6.010537248,0.627256077,,7.4,12.6,5.4,0.52
7.601817639,8.786741256,6.595831308,0.36206012,,7.4,11.5,6.4,0.38
7.459737905,10.59221935,7.09322293,0.358399441,,7.03,11.9,6.9,0.32
7.219771539,11.00227882,5.70418757,0.269272496,,7.42,5.59,4,0.24
7.284285144,9.28816184,6.327504957,0.258355459,,7.34,7.42,6.3,0.23
7.606519344,7.403724173,7.024389988,0.14816651,,7.61,8.62,6.6,0.11
7.405512865,6.894883084,5.336886608,0.161191275,,7.52,5.63,5,0.12
7.441331676,6.305534969,5.371557189,0.155117831,,7.55,5.96,5.5,0.13
7.385012411,7.164149677,6.178454457,0.199483129,,7.44,5.27,4,0.18
7.443798845,6.748715737,5.148932534,0.200166232,,7.5,6.19,3.6,0.2
7.506848839,5.546556216,4.054471683,0.164960434,,7.52,5.42,3.7,0.17
7.860414523,6.019796668,4.170327191,0.324928993,,7.21,4.39,8.2,0.18
7.47215825,5.187107943,4.394012847,0.194230255,,7.4,5.69,6.3,0.33
7.37614312,5.355030773,5.347556713,0.221544533,,7.33,4.99,5.7,0.19
7.302114483,5.141925098,5.943017665,0.194919266,,7.5,5.96,5.8,0.12
7.341678905,5.235555689,6.137740821,0.219437585,,7.2,3.03,5.4,0.13
7.31014139,5.179155118,5.887407442,0.202807107,,7.64,3.97,5.5,0.11
7.337843579,4.999608421,5.640423304,0.16969131,,7.31,6.83,5.6,0.13
7.536469996,5.823055359,5.635919928,0.120075367,,7.87,6.64,5.8,0.1
7.872348737,7.536663244,5.670134363,0.134308689,,8.18,12.4,5.5,0.07
8.01678141,10.45444514,5.190558461,0.089660316,,8.07,10.5,5.2,0.1
7.923120262,8.875968702,5.366502533,0.107736046,,8.18,7,5.1,0.09
8.112197221,10.71929282,5.354692314,0.222124841,,8.28,11.7,5.6,1.22
,,,,,8.23,14.7,5.5,0.82
,,,,,7.573722527,7.443461538,5.235253772,0.71558299