7.983434425,10.42073494,4.5788739,1.652621529,,7.771612903,5.581290323,5.3,2.899677419
8.031531729,1.956753299,17.50659848,12.04943705,,7.81,0.44,15,11
7.997410237,3.299780493,14.22441816,9.89077497,,7.96,3.1,12,8.57
7.969759475,7.964072182,6.798542271,3.597410253,,8.01,3.2,7,4.76
8.076555629,7.659331326,7.645054576,5.415429934,,7.96,4.18,7.3,6.25
8.189722043,5.721959445,11.09420328,10.00199488,,7.82,3.24,7.7,9.46
8.007333744,8.945225295,5.937952832,2.892215193,,7.48,4.08,6.4,4.6
7.894448427,11.09709963,3.929939079,0.897154407,,7.18,3.79,3.2,0.39
7.894383643,11.09700366,3.930123531,0.886833352,,7.13,4.04,3.4,0.29
7.893571096,11.16346771,3.886396341,0.866966766,,7.19,4.26,3.3,0.22
7.895924738,11.19729099,3.868901788,0.847281116,,6.95,4.21,3.1,0.26
7.89590113,11.26894995,3.82348724,0.839716945,,7.08,4.29,2.8,0.32
7.937255391,11.22478858,3.913676979,1.055539527,,7.7,5.35,3,1.52
7.909060003,11.23248123,3.865056153,0.942303736,,7.78,5.14,3.3,0.76
7.911183606,11.05997247,3.979742537,1.01766868,,7.74,4.33,3.4,1.04
7.93269195,11.37125766,3.811940846,0.978300355,,7.8,6.69,3.2,1.12
7.906086519,11.49635541,3.696494707,0.846040756,,7.81,6.73,2.9,0.38
7.974501347,11.23449827,3.968133276,1.218986077,,7.86,7.22,3.6,1.98
7.906509263,11.07091893,3.965523653,0.971052226,,7.79,5.48,4.3,0.61
7.888841303,9.522451796,5.057847569,1.510832468,,7.78,5.54,7.8,1.24
7.926127886,10.92541455,4.095160802,1.117637265,,7.93,5.6,4.6,1.28
7.919521548,11.18240641,3.913430844,0.995188054,,7.91,5.88,3.9,0.94
7.906854047,11.0910777,3.953063892,0.960232409,,7.82,5.86,4.5,0.53
7.906930909,10.96153528,4.038323224,1.002017174,,7.81,5.76,4.9,0.59
7.901904097,11.14360435,3.910861552,0.948534104,,8.08,5.95,4.4,0.37
7.906680008,11.23187202,3.861795905,0.936848892,,8.14,6.46,4.3,0.42
8.106715954,10.07276738,5.209600081,3.109648338,,8.07,7.38,6,4.68
8.098873226,10.17619836,5.091989141,2.841625303,,8.23,9.08,7.1,4.22
8.036416346,11.1955485,4.106209587,1.636262947,,8.11,9.69,4.2,2.6
8.100868359,10.96853444,4.417472902,2.383305265,,8.06,9.45,4,3.73
8.260513022,9.955863832,5.903917424,5.906868884,,8.02,9.12,5.3,7.07
8.294455535,8.974442003,7.224403598,7.82291269,,7.91,7.48,6.1,8.69
8.018958659,9.580303547,5.378852485,2.612154599,,8.229019608,5.904117647,6.72244898,3.929215686
8.281732583,9.643871792,6.35304057,6.765488221,,8.01,8.4,5.4,7.86
8.244555254,9.450989783,6.39320088,6.056972045,,7.95,8.45,6.5,7.05
8.063235345,10.02215346,5.121601832,2.584455416,,8,7.34,6.6,4.12
7.959478557,10.81573465,4.233372339,1.321283014,,8.32,7.65,6,1.75
7.942238281,11.07766355,4.020486454,1.098943783,,8.44,9.29,6.5,0.9
8.06770106,9.386675473,5.723866521,3.331532255,,8.5,7.43,7.7,4.46
7.885512055,8.176580542,6.255932366,2.362989317,,8.34,6.39,9.8,2.46
7.986659359,9.336084086,5.49944314,2.3857717,,8.39,7.7,8.7,3.27
7.991881073,10.36429604,4.642416428,1.774114282,,8.5,8.03,7.1,2.58
8.087184625,8.492773579,6.728118643,4.594044004,,8.48,6.74,8.2,5.38
7.969094065,8.759277351,5.982212029,2.650359939,,8.17,6.68,8.8,3.59
7.92416789,8.652528299,5.924431429,2.551653735,,8.45,4.41,7.5,3.25
7.926860277,9.349696852,5.304198303,1.980422876,,8.63,6.83,8.5,2.27
8.085714354,6.666767758,8.988011972,6.950591069,,8.39,4.91,8.7,6.8
8.251865983,6.18839529,10.81484497,10.71130919,,8.33,4.17,7.4,10.4
8.155591217,7.509086015,8.265021995,7.229971965,,8.45,5.2,7.6,7.17
8.144465909,7.950472769,7.640883925,6.556229903,,8.53,4.8,6.9,6.77
7.991946406,7.315270173,7.641035757,4.716908652,,8.32,3.29,7.5,5.43
7.897617361,8.924857887,5.588993521,2.054196303,,8.52,5.83,8.5,2.18
7.928319018,8.865847816,5.739243721,2.374543588,,8.5,5.42,8,2.97
8.119709572,6.225907589,9.832985786,8.147973223,,8.3,4.64,8.7,7.62
8.054034895,7.628760185,7.567322819,5.178307568,,8.32,4.78,7.9,5.81
8.271867821,5.03787582,12.85980031,12.22883211,,8.32,2.98,7.3,13.8
8.006727079,5.973321185,9.516118307,6.509347998,,8.07,2.78,8.3,6.64
7.897806773,9.925886873,4.758462781,1.494449484,,8.26,4.56,6.3,1.48
7.958594637,8.131602168,6.574409507,3.264477245,,8.2,4.4,7.8,4.25
8.243090473,7.610272127,8.674265365,8.794240485,,8.38,5.6,7.1,8.62
7.988008846,8.386702995,6.422837295,3.451917969,,7.95,2.74,6.1,4.82
7.849469547,8.5982625,5.734854218,1.875070869,,7.57,2.27,6.7,1.79
7.869275934,10.18288458,4.504840097,1.181876468,,7.53,2.77,5,0.28
7.901603235,11.16448082,3.89707029,0.938756451,,8.08,6.06,4.4,0.33
7.910655999,10.85221172,4.116795758,1.116143357,,8.06,4.64,4.3,1.08
7.97354331,9.708393898,5.129594987,2.188610461,,8.01,3.32,5,3.57
7.931839324,10.32313478,4.535538747,1.450382195,,8.13,5.13,5.7,1.93
7.924254635,10.37714605,4.47848113,1.4087123,,8.52,6.03,6.3,1.52
7.933830614,11.19010406,3.931030375,1.053029644,,8.29,7.64,4.9,0.98
7.944963609,10.84838292,4.181643691,1.285020944,,8.52,6.77,5.4,1.56
7.944187297,10.73849939,4.257761634,1.330826165,,8.13,5.06,4.5,1.95
8.090972852,9.454449722,5.741001065,3.651756338,,8.36,6.25,6.5,4.94
7.919185,10.48202661,4.392283521,1.288377177,,8.08,5.37,5.7,1.42
7.913784855,11.24124958,3.866442219,0.965207537,,8.48,7.8,5.1,0.38
7.892351177,10.83895196,4.094395115,1.015989076,,7.93,5,4.9,0.3
7.901285902,11.17299464,3.891097813,0.93715184,,8.08,5.97,4.3,0.34
7.907886201,11.21638241,3.873719507,0.934559821,,8.23,7.33,5,0.27
7.997673766,10.75093798,4.358296153,1.57839874,,8.14,7.38,5.5,2.6
7.958424441,10.75573733,4.273591959,1.386538788,,8.07,5.36,4.5,2.2
8.123793171,9.59506295,5.725224118,3.850262094,,8,6.42,6.1,5.36
7.989806881,10.75753156,4.337452387,1.488086986,,7.95,7.37,5.6,2.48
8.152517812,10.47309636,4.985128659,3.408064351,,8.1,8.67,5,4.9
8.277771964,8.810093225,7.333127587,7.526817292,,8.32,9.92,8.4,7.83
8.231443048,6.838711961,9.688549113,9.109942374,,8.08,7.14,9.2,8.68
8.254811467,6.895043626,9.76912951,9.792659783,,8.200196078,5.36372549,7.597959184,9.530392157
8.219867544,9.581249898,6.132494257,5.514689061,,8.04,7.75,6,6.62
8.361712483,8.673426464,8.044419338,9.721692641,,7.92,7.15,5.1,13.9
8.364235771,7.929673912,9.096985655,10.55593689,,7.94,6.73,5.5,17.6
8.371834735,8.612195723,8.200921957,9.85952374,,8,8.78,6,15.9
8.359843624,9.608243432,6.819378327,8.369105425,,8.48,13.9,7.7,11.5
8.321058221,8.233500129,8.357755523,9.319464357,,8.38,8.79,7.9,9.91
8.324279312,6.982238515,10.16761886,10.91718152,,8.31,6.44,7.5,12.4
8.346156596,7.523634283,9.540084131,10.7714095,,8.45,7.2,7,14
8.332133569,6.696976715,10.66378876,11.36785228,,8.36,6.2,7.3,14.6
8.312798239,5.785953714,11.94846794,11.72010847,,8.57,8.92,10.6,13
8.340487432,6.59835176,10.88740493,11.43500668,,8.66,9.13,9.4,15
8.292510912,5.879492242,11.62730171,11.5313643,,8.67,7.08,9.4,12
8.253316489,3.844432994,14.85959197,13.05756139,,8.32,2.17,7.9,17.6
8.258504713,3.83356039,14.91905222,13.09184032,,8.25,2.38,7.7,19.9
8.282103719,4.646508804,13.62469489,12.6175932,,8.26,3.69,7.8,16.9
8.18737444,5.371747428,11.64622799,10.60511322,,8.24,2.92,7.8,9.76
8.256175228,4.001752153,14.58783063,12.93683226,,8.32,2.58,8.1,16.4
8.111576414,7.561046857,7.948840729,6.387051749,,8.44,4.58,7.4,6.61
8.135470243,8.085107462,7.431994321,5.983780706,,8.42,6.08,7.8,6.39
8.243627413,3.762854038,14.94164087,13.03042585,,8.08,1.01,7.5,16
8.139267803,6.303213361,9.840917852,8.731147603,,8.17,1.82,6.4,8.33
8.104625841,6.906158659,8.767693408,7.173710584,,7.95,1.86,6.1,7.45
8.227244704,7.132178807,9.232514026,9.050708058,,7.95,3.75,6.4,9
8.259482515,5.132779213,12.60073952,11.83569047,,8.07,3.57,7.9,12.2
8.23306979,4.190638041,14.06477688,12.46292321,,8.15,2.55,8.4,12.9
8.208802079,5.195217929,12.10360348,11.01542705,,8.23,4.11,8.7,10.2
8.033397294,6.335154374,9.149634788,6.352796039,,8.4,5.38,9.7,6.27
7.892540588,6.847944725,7.744850098,3.916348742,,8.27,2.09,7.7,4.54
8.084916081,5.85223792,10.17444125,8.037518719,,8.42,4.67,9.3,7.37
8.198356455,4.194692996,13.79952655,11.97656176,,8.29,3.58,9.5,11.2
8.235058883,5.406855462,11.94750001,11.2137239,,8.15,3.74,8,10.8
8.153235928,6.421809743,9.761180837,8.547763641,,8.18,4.11,7.9,8.09
8.281082545,5.19271519,12.67313282,11.95645055,,8.4,6.43,9.7,12.6
8.199555511,3.194264868,15.74176536,12.94800026,,8.36,3.77,11.1,12.8
8.362070992,8.903956383,7.736061601,9.679594215,,7.96,5.85,3,18.5
8.324182684,6.370629599,11.10752244,11.36817725,,8.09,6.83,8.4,13.2
8.11711546,7.976222861,7.470503453,5.607779125,,7.86,4.99,7.3,6.49
8.058731198,9.023412742,6.050288776,3.52396001,,8.04,5.78,7.1,4.91
7.923878558,9.237481663,5.394147838,1.953502191,,8.26,6.54,8.5,2.36
7.89010679,8.670073344,5.798696853,2.073174282,,8.27,6.13,9.1,2.15
7.905719775,8.549502895,5.961736575,2.363999341,,8.08,4.14,7.6,3.04
7.984641167,10.12890418,4.813261888,1.828419299,,7.79,5.56,5.9,3.12
7.944785178,10.19534653,4.66460415,1.46108119,,8.11,8.13,8.1,1.73
7.927519648,10.21415588,4.609617625,1.3959879,,8.2,7.42,7.7,1.42
8.012802516,10.03486661,4.964891037,2.151676431,,8.04,6.14,6.2,3.53
8.08489961,8.8584581,6.322726839,4.219049472,,8.12,4.74,6.3,5.5
8.116475305,9.315311934,5.978251927,4.095924729,,8.15,6.24,6.5,5.42
8.031940748,9.718445747,5.294928805,2.643523676,,8,4.97,5.7,4.22
8.000422152,8.847751149,6.004483971,3.147784636,,8.02,3.42,6,4.57
7.980469726,9.678329314,5.176635211,2.174504643,,8.03,4.92,6.2,3.44
7.989061863,10.48030915,4.545565628,1.665026911,,8.09,6.84,6,2.71
7.91940296,9.143187056,5.462192558,2.04451626,,8.339038462,5.756923077,8.040384615,2.499
8.106448582,9.49490831,5.760034702,3.687778549,,7.97,6.21,6.3,5.22
8.050305962,10.94058955,4.327399409,1.802566371,,8.17,10.3,6,2.87
7.930997679,10.65732184,4.292614921,1.156495519,,8.53,10.8,9.2,0.46
7.900799472,9.301093303,5.272143835,1.784699597,,8.28,5.98,8.2,1.85
7.938442368,8.693813067,5.936155751,2.525225861,,8.19,5.09,7.9,3.38
7.940968402,11.05582738,4.032085633,1.154754611,,8.25,6.59,4.6,1.41
8.071054465,9.703597051,5.434005077,3.094505118,,8.06,5.58,5.8,4.68
8.069594076,9.107044628,6.006849238,3.647523997,,8.14,5.67,6.8,5
8.073998301,8.378386957,6.796425511,4.460873777,,8.11,5.58,7.6,5.53
8.023466649,9.345198764,5.609585222,2.866053366,,8.13,5.32,6.6,4.26
7.957792521,9.472156665,5.289257028,2.101401987,,8.2,5.87,7.4,3
7.955995035,10.12848025,4.741121247,1.693239737,,8.2,5.77,6.3,2.49
7.944773648,10.22730465,4.638282549,1.529747358,,8.16,6.38,6.7,2.06
7.971907784,8.728309811,6.020084175,2.839421344,,8.12,4.81,7.4,3.98
8.274383423,5.15531263,12.6800851,12.08494205,,8.36,4.06,8,13.2
7.86312034,6.514965224,8.027553467,3.769466708,,8.145,2.535,8.55,4.235
8.048726985,4.799299832,11.66384828,8.78360577,,8.08,3.13,9.5,7.96
8.046052168,6.764667512,8.62855842,5.988542759,,8.33,5.48,9.3,6.15
7.935702767,3.714390272,12.98135415,8.581431906,,8.1,0.95,10.2,7.75
7.89885979,6.201475212,8.612333092,4.510565537,,8.32,3.77,9.5,4.83
7.928240509,9.39749425,5.267823131,1.926958256,,8.24,5.8,7.7,2.47
7.890903965,8.884683871,5.60542406,1.974176439,,8.56,6.88,9.4,1.82
7.870874127,9.991212627,4.647342684,1.325480239,,8.72,6.22,7.7,0.12
7.844113324,9.105144416,5.27753923,1.635318393,,8.67,5.44,8.5,0.37
7.810173007,7.686067826,6.478718209,2.174983765,,8.62,6.05,10.6,0.79
7.861443638,9.841095832,4.738421474,1.346973458,,8.42,4.94,7.1,0.14
7.865065512,9.734779898,4.827860946,1.412166738,,8.63,5.9,7.9,0.25
7.769865176,6.57056501,7.553427172,2.717560768,,8.94,5.87,11.7,1.01
7.760043237,6.422930092,7.691491622,2.745783712,,8.92,5.7,11.8,0.84
7.789261995,4.691080347,10.33113069,4.740698084,,8.73,4.77,12.6,3.97
7.728725032,5.959547356,8.142978848,2.923361077,,8.95,4.46,11.6,0.52
7.688071319,3.900513049,11.23451379,4.326882198,,8.63,3.54,14,1.62
7.737146974,6.153618562,7.931182481,2.740836558,,8.69,4.73,11.6,0.21
7.793727711,7.66187913,6.443906438,2.126099667,,8.56,4.87,9.9,0.41
7.837720554,7.906912252,6.352585665,2.281630889,,8.26,4.09,8.7,1.97
7.843906893,8.536190558,5.773895356,1.873940618,,8.4,5.69,9.3,0.97
7.879993322,10.01250135,4.652297408,1.33866531,,7.81,3.07,5.3,1.05
7.895753993,10.73824403,4.168313858,1.056609665,,7.87,5.08,5.2,0.46
7.90831224,10.99834282,4.015604681,1.026797584,,8.06,5.61,4.6,0.71
7.917817944,11.07753504,3.979231289,1.02740467,,8.13,6.47,4.8,0.8
7.921643504,11.22941017,3.886282467,0.988275013,,8.23,7.34,4.7,0.7
7.954386411,10.62147734,4.361517258,1.507824418,,8.29,4.18,4,2.39
8.038427949,9.846031211,5.201261151,2.591024441,,8.41,7,6.9,3.84
7.892347334,9.846696327,4.807318473,1.469127458,,8.27,5.37,7.1,1.19
7.896543481,10.71999047,4.181825178,1.081966806,,8.16,5.75,5.7,0.41
7.927159492,8.963603197,5.648255082,2.165553103,,8.74,8.35,10.1,2.3
7.915013558,9.434600553,5.200000822,1.764158074,,8.77,8.82,10,1.51
7.915086577,9.040931918,5.540910041,2.016746845,,8.43,7.09,9.2,2.22
7.947811367,10.97103801,4.103922016,1.120558419,,8.05,9.05,6.7,1.13
7.95735715,10.75323376,4.275143499,1.280513035,,8.16,8.52,6.9,1.58
7.941301107,11.25448931,3.901590275,1.007730328,,8.32,10.3,6.4,0.63
7.817640756,5.33931947,9.444813932,4.104248947,,8.285555556,5.621851852,12.28148148,3.749259259
7.965526543,11.02932956,4.096446041,1.122875463,,7.97,11.1,7.7,1.14
7.953398727,10.90381038,4.163020476,1.070483361,,8.08,12.6,9.5,0.55
7.929580114,10.47800587,4.420602669,1.154862339,,8.26,11.6,10.3,0.28
7.931183247,10.40889054,4.474688281,1.196246546,,8.34,11.7,10.5,0.38
7.935849904,10.80096356,4.201602558,1.069083493,,8.29,11.8,9.5,0.26
7.928734625,9.748360952,4.981752756,1.478202201,,8.32,11.3,11.4,0.97
7.873885493,8.523822903,5.887117386,1.815416949,,8.44,10.6,12.8,0.67
7.860292896,7.914637447,6.435591825,2.015623736,,8.51,11.7,14.3,0.63
7.822158079,6.990848723,7.283076214,2.493416349,,8.54,9.11,13.4,1.24
7.848374805,6.712180502,7.728534027,2.785085377,,8.1,9.17,13.5,2.27
7.765563617,4.736668342,10.14219046,3.86222228,,8.74,9.46,16.2,2.09
7.838836159,6.832773067,7.533987857,2.942602126,,8.25,5.8,10.9,2.75
7.983368543,10.84508321,4.260052763,1.392263846,,8.01,8.06,5.9,2.18
7.858825919,8.302740637,6.04333176,1.961233608,,8.41,8.33,11.4,1.06
7.770890742,5.831384401,8.51175409,3.004011833,,8.53,7.74,13.8,1.26
7.740972534,2.681072694,14.20570124,6.034254536,,8.53,6.26,18.7,3.65
7.714754711,2.7226992,13.96438826,5.757985252,,8.3,3.18,16.9,3.16
7.814290645,4.107327029,11.51417516,5.59430182,,8.06,3.82,12.5,5.16
7.718472663,3.022351125,13.26835213,5.29138623,,8.38,6.16,17.6,2.57
7.707163982,3.178582898,12.8478423,5.158115417,,8.29,3.92,15.7,2.77
7.703931362,3.551638358,12.02089386,4.762549603,,8.4,3.98,14.8,2.5
7.735816154,3.168370403,13.02595497,5.357643101,,8.35,6.49,17.1,3.3
7.741087828,3.177778416,13.02861797,5.663201895,,8.16,3.64,15,4.28
7.70898837,3.67091446,11.80370922,4.589924748,,8.42,5.14,15.3,2.22
7.697340945,3.100373753,12.97618235,5.003519226,,8.52,5.65,17.4,1.38
7.691643233,2.98848236,13.20529179,5.087538714,,8.66,5.54,17.9,0.83
7.688214064,3.079019937,12.97617168,4.992201242,,8.64,5.09,17.3,0.91
7.694851696,4.275624777,10.56922316,4.028142406,,8.5,3.05,12.9,1.65
7.719794699,4.442863096,10.39870212,4.167831664,,8.55,3.28,12.5,2.62
7.674964054,3.517959447,11.93932715,4.516929225,,8.65,3.8,15.3,0.62
7.672249707,3.305297535,12.38085155,4.747971805,,8.82,3.83,16,0.55
7.741159201,2.66772781,14.23185914,6.558414817,,8.49,0.87,15.3,5.23
7.735498821,3.460810783,12.37234359,5.666785487,,8.56,1.61,13,4.56
7.821034238,3.192713904,13.4215429,7.474835866,,8.41,0.58,12.1,6.69
7.986427673,2.72853962,15.42244839,10.61802153,,8.32,3.13,13.6,8.94
7.717258234,3.098879954,13.07555085,5.749953269,,8.65,2.03,14.6,4.12
8.075758454,2.300696784,16.91134596,12.52219383,,8.22,0.41,12.6,11.3
8.020193402,3.867186308,13.205376,9.546670988,,8.24,3.83,11.4,8.2
8.041405825,5.105232807,11.09905184,7.877706352,,8.24,6.39,11.6,7.09
7.840180156,3.994957871,11.87116203,6.28992516,,8.45,4.39,12.9,5.57
7.929012978,5.08355603,10.45059565,6.096128485,,8.23,5.11,11.4,5.87
7.87145389,6.447382499,8.159624681,3.577103827,,8.33,6.76,11.7,3.62
7.813356216,4.815639825,10.24795253,5.005499993,,8.05,1.39,9.8,5.01
7.867690918,5.418704877,9.575786139,5.103768142,,7.89,0.66,8.2,5.55
7.996136514,5.164644285,10.71081831,7.450727417,,7.83,1.3,8.1,7.35
8.180644573,5.14834268,11.97456002,10.59511416,,7.72,2.1,7.5,10
8.209095255,7.191669564,9.028118311,8.560946926,,7.82,3.62,6.4,8.63
8.189930121,7.062919939,9.081980326,8.388987486,,7.73,2.84,6.1,8.52
8.138819804,4.186275563,13.38892262,11.01793991,,7.88,2.94,9.5,9.92
7.967073677,3.939402731,12.7273335,8.68131776,,7.92,1.25,9.8,7.93
8.123940307,6.616182213,9.290822482,7.773730405,,7.98,3,7.1,7.73
7.913637718,7.607050862,6.958082134,3.215438399,,7.86,2.87,7.5,4.21
7.882926728,7.534730123,6.913035899,2.936889568,,8.249642857,4.546785714,9.008928571,3.36125
7.960678162,7.937495911,6.791486208,3.405560419,,7.92,3.86,7.6,4.55
7.955492683,8.360349542,6.328065296,2.883387451,,7.88,4.75,7.9,4.02
8.026988053,10.03989629,5.003560304,2.052991059,,8.3,10.9,9.6,2.94
7.909162669,10.0650038,4.683019189,1.277384757,,8.67,11.6,11.3,0
7.900277905,9.883498863,4.801298548,1.334922209,,8.71,11.1,11.3,0
7.867322527,9.415938914,5.087715291,1.459992007,,8.5,8.08,10,0
7.839200707,8.064210966,6.20910269,1.893636982,,8.62,10.3,13.3,0
7.957572365,8.399464546,6.297460356,2.801510024,,8.08,6.44,9.1,3.71
7.952977081,9.122424083,5.588396867,2.136258236,,8.06,7.7,9.3,2.85
7.95635574,9.752237319,5.050024632,1.751496764,,7.92,7.65,8.4,2.44
7.985846263,9.356084303,5.480593955,2.257258178,,7.91,7.25,8.4,3.38
7.879165952,8.345814626,6.070553681,2.092839101,,8.11,7,10.2,1.95
7.821247806,6.869190887,7.414025884,2.872308135,,7.94,2.96,8.9,2.88
7.889455654,9.622566378,4.9769125,1.549009834,,8.2,5.43,7.5,1.3
7.82753791,6.568691503,7.803719623,3.139975251,,8.15,4.31,10.1,3.07
7.811171123,6.931046688,7.297832443,2.85979443,,8,1.61,7.9,2.88
7.850285389,6.944258882,7.445782024,3.211347712,,8.02,2.17,8,3.69
7.838920708,6.055750938,8.519428753,3.773650839,,8.19,4.09,10.3,3.86
7.883461471,5.679597723,9.269078989,4.990519257,,8.06,1.72,8.6,5.38
7.8300881,6.53497629,7.854384257,3.314827872,,8.76,5.58,11,2.94
7.878064621,9.866733264,4.75809862,1.386530456,,8.53,6.3,7.9,0.47
7.853884753,9.314241238,5.13242702,1.552420228,,8.4,5.02,7.9,0.5
7.843739991,8.825252365,5.514131756,1.804350132,,8.67,5.08,8.5,0.87
7.884655037,9.815397481,4.811830154,1.504051558,,8.87,6.39,7.9,0.84
7.862138695,9.409810999,5.075557416,1.596811891,,9.21,7.43,9.4,0.33
7.812539277,8.460739517,5.739800639,1.969190003,,8.88,3,7.5,0.86
7.847175748,9.185381456,5.217584933,1.692984404,,8.84,4.49,7.6,0.76
8.118637888,8.695184191,6.642302394,5.191891411,,8.45,4.23,5.8,6.05
7.921484838,9.996208091,4.759587291,1.638900199,,8.57,5.09,6.3,1.95
7.840754429,9.298918532,5.107864542,1.613221064,,8.64,3.22,6.6,0.64
7.833683073,8.818457666,5.488680819,1.844661821,,8.63,3,7,1.09
7.802868867,7.552807595,6.585548443,2.372131315,,8.79,4.31,9.4,1.34
7.815660995,7.511965125,6.674588169,2.519725187,,8.52,3.06,8.4,2.09
7.951002262,5.738873173,9.543863339,6.089693375,,8.28,1.87,8.2,6.2
7.861915245,9.956294447,4.654230308,1.260276245,,7.98,4.12,6.4,0
7.88092281,10.31101832,4.437689172,1.147468986,,7.74,4.73,6.1,0.19
7.82686097,9.051734839,5.275727915,1.537786484,,7.82,2.4,6.6,0
7.797952956,8.200397875,5.937022264,1.816277583,,7.74,1.86,7.3,0
7.86293587,9.938511562,4.669285457,1.291133465,,7.94,3.46,5.9,0.3
7.973322604,7.379243997,7.478181674,4.276234575,,8,2.76,7.2,5.28
8.006352648,8.359454931,6.527065024,3.566516131,,8.17,5.16,7.8,4.68
8.023880609,7.985970109,7.008131135,4.303996848,,8.15,4.02,7.2,5.34
8.034595252,7.544045921,7.571668433,5.099145957,,8.21,3.15,6.9,5.88
8.056573556,6.910649654,8.488590132,6.20875719,,7.86,1.96,6.5,6.82
8.222452872,7.346809363,8.901258038,8.59220768,,7.88,4.25,6.6,8.66
8.260804002,6.643793295,10.18612583,10.22547865,,8.09,4.56,7.2,10.1
8.150889424,1.720266543,18.62367941,13.61608868,,7.91,1.03,15.8,13.5
8.19203341,1.331237448,19.66400897,13.84961555,,7.78,1.06,21.7,14.7
7.873259612,1.750894432,17.32658316,8.316766294,,7.82,1.68,22.4,7.45
7.703962107,2.499684175,14.47605931,5.739414378,,8.03,0.94,17.3,0.64
8.115971855,3.082882534,15.42543641,12.04552076,,7.7,1.2,10.2,11
8.149110055,3.89584138,14.0117019,11.57359604,,7.71,1.54,8.8,10.7
7.918269237,5.022942002,10.48704377,6.089177352,,8.05,3.676730769,10.49038462,6.035576923
8.159398111,2.929078393,16.02396044,12.72597826,,7.93,2.35,11,12
8.223815536,3.479022614,15.34547046,12.95945989,,7.66,0.85,8.2,14.2
8.287978216,5.288208174,12.56640045,12.03286123,,8.33,5.38,8.7,13.4
8.224391456,4.077651751,14.20805108,12.52903843,,8.24,1.97,8.2,12.9
8.006195629,10.48351456,4.58111521,1.899501312,,8.84,7.91,6.5,2.71
7.978517416,9.72788589,5.127707755,2.178498316,,8.17,4.63,5.9,3.4
8.104687331,8.49781077,6.805142244,4.638856461,,8.68,9.61,10.2,5.14
7.936095315,8.167080313,6.454258336,2.735565029,,8.8,9.74,11.9,2.85
7.865126454,7.265850459,7.138564218,3.02476167,,8.84,6.39,10.7,2.86
7.822316196,4.661487687,10.55472907,5.399842708,,8.72,3.55,11.5,4.86
7.790410542,7.454818547,6.648104059,2.0920362,,8.14,5.24,10.5,0
8.04377978,4.167293049,12.77990434,9.498710613,,8.05,3.4,10.5,8.36
8.014647218,4.371399414,12.20688285,8.970241808,,8.19,1.97,9.4,8.02
8.013907141,4.20730016,12.50522734,9.343147251,,8.39,1.5,9.3,8.19
7.956300838,3.650529527,13.23506046,9.108084215,,8.56,2.21,11.1,7.79
7.854980045,6.033565935,8.627506861,3.968903329,,7.96,3.39,9.7,4.33
7.791295559,5.889262857,8.52054318,3.446482765,,7.6,0.91,8.5,3.57
7.7545827,5.806618213,8.463317125,3.221005734,,7.79,0.65,8.7,2.62
7.783104205,6.401136899,7.820325718,2.77376025,,7.54,2.44,9.3,2.18
7.718401291,5.408081796,8.859486286,3.134704913,,7.87,1.57,10.2,1.09
7.684643248,3.53072684,11.96568789,4.466439326,,7.92,2.45,14.1,1.13
7.886153858,1.983682157,16.74284976,9.314965375,,7.59,0.11,16.9,8.8
7.847497473,4.237105207,11.45567039,6.011240031,,8.02,3.19,11.6,5.73
8.022479514,3.422057963,14.12038082,10.28690621,,8.03,2.11,10.9,8.95
8.020186813,3.007381422,14.99145619,10.98327531,,8.18,0.73,10.9,9.55
8.080849502,3.605331673,14.12070465,10.91509005,,8.07,2.87,10.7,9.49
8.219057742,3.147844435,15.96742653,13.0477397,,8.26,5.79,12.4,13.2
7.741919042,3.341938174,12.66634306,5.677680892,,8.49,3.35,14.4,4.37
7.704770262,3.444986944,12.25145757,4.824325347,,7.98,2.83,14.2,2.72
7.949004384,2.406950546,15.97934065,10.21757463,,7.61,1.69,14,9.1
7.723465436,3.688117351,11.84476511,4.760645615,,7.94,3.26,13.7,3.27
7.766186753,5.196715066,9.403738474,3.714264751,,7.93,3.22,11.1,3.09
7.785048279,7.176900982,6.923049139,2.298291823,,8.3,4.84,10.4,0.62
7.742015669,5.770503325,8.457828614,3.045517458,,8.21,3.26,10.8,1.44
8.046850989,2.705029392,15.82536936,11.59751284,,7.94,1.25,11.8,10.2
8.170511341,3.973241453,14.01298536,11.899419,,8.39,3.14,9.7,10.8
8.086635606,3.752453358,13.86136511,11.10598997,,8.18,0.56,8.8,9.84
8.263367918,3.726215904,15.15841628,13.11854376,,8.25,4.21,9.2,19.3
8.167344054,3.519028056,14.87432922,12.25675686,,7.8,1.5,9.2,11.6
7.888851734,4.259590638,11.65503488,6.383849074,,8.13,5.73,13.1,5.86
7.808300855,5.140923756,9.701214085,4.302277367,,8.14,4.04,11.4,4.07
7.841483526,5.512184571,9.305662337,4.264045244,,8.01,4.21,10.9,4.36
7.883860608,6.291187444,8.429616223,3.575351016,,7.24,5.09,10.6,4.33
7.828879711,6.051191095,8.487109765,3.217252515,,7.13,4.11,10.5,3.51
7.852183894,6.991327323,7.407632309,2.753725228,,7.49,4.93,10.1,3.02
7.804276001,6.236775186,8.120286402,3.175767126,,7.76,2.69,9.4,3.13
7.792372184,5.736559453,8.738739647,3.511000514,,7.6,1.8,9.3,3.54
7.892652588,6.922584191,7.660182083,3.527865001,,7.96,3.87,9,4.19
7.926198709,8.145526211,6.438235254,2.683304463,,7.87,5.5,8.9,3.53
7.943605337,8.680714368,5.970532189,2.370959996,,7.84,6.51,9,3.25
7.996254553,8.925563895,5.918772107,2.708178911,,8.1,7.6,9.1,3.77
8.021440771,9.408483271,5.549467823,2.441910474,,7.94,9.09,9.4,3.62
7.979196003,3.332482175,14.04321309,9.55876509,,7.985576923,3.010384615,12.01153846,8.313653846
8.199339747,1.362154082,19.62224196,13.93117694,,7.16,2.63,20.7,14.6
8.280558782,1.21920794,20.19782622,14.60241388,,7.78,0.59,22.4,18.2
8.267000773,1.230712279,20.13115274,14.49103982,,7.6,0.93,22.4,17.3
8.264591131,1.224137477,20.1367231,14.45627999,,7.46,0.48,22.4,17.2
8.184938446,1.363292373,19.56778744,13.76119648,,7.54,4.17,22.2,13.9
8.26143153,1.54924741,19.46466702,14.38449388,,7.56,9.74,20.4,17.8
8.190221101,1.822288431,18.57863851,13.55315531,,7.81,11.5,20.8,12.3
8.23313128,1.442049801,19.57507896,14.33073464,,8,4.13,19.7,16
8.270613314,1.321861563,19.95906712,14.61197012,,7.93,1.46,19.8,19.2
8.2677963,1.304989562,19.98341845,14.58072782,,8.09,2.11,20.9,18.2
8.2336232,1.312073424,19.8508864,14.28959803,,8.01,1.4,21.4,16
8.231170186,1.570614162,19.29604745,14.30686307,,8.15,4.67,18.2,16.5
8.17032138,1.620688978,18.93318656,13.82504286,,7.95,1.14,16.7,14.1
8.228430584,1.541665337,19.3456374,14.34625104,,7.99,0.59,16.3,17.3
8.139709213,1.6977615,18.62573982,13.51872164,,8.08,1.13,16.4,13.2
8.04611805,2.027947847,17.40371767,12.27550153,,8.05,0.58,14.5,11.1
8.026362721,2.347457703,16.5358972,11.71750276,,8.05,1.18,13.3,10.3
7.999447095,2.509514458,16.0051593,11.17070413,,8.04,0.89,12.7,9.78
8.010326443,3.047520805,14.84590094,10.6192607,,8.02,1.7,11.5,9.22
7.715039102,3.963579744,11.25099296,4.645816521,,8.28,1.87,12.3,3.3
7.71664553,4.495780303,10.29204388,4.025286722,,8.15,2.09,11.6,2.59
7.712187501,4.114801449,10.95066693,4.437314086,,7.91,0.4,11,3.31
7.789726465,2.868032081,14.00210205,7.03916251,,7.99,1.13,13.7,6.29
7.784626084,6.021616377,8.307259328,3.469515125,,8.28,1.48,8.8,3.24
7.799072954,6.305609699,8.005609507,3.212130972,,8.47,4.01,10.3,2.73
7.841464859,7.896731886,6.376077012,2.317021611,,8.69,5.91,10,1.73
7.873890983,7.861236216,6.532152602,2.529756983,,8.64,7,10.6,2.37
7.758353358,4.890192917,9.840378135,4.26048546,,8.66,3.1,11.4,3.43
7.810914182,7.397722876,6.779944559,2.464204808,,8.81,5.55,10.4,1.48
7.706914728,5.317781641,8.93226925,3.361726442,,8.68,1.95,10.6,1.3
7.70334556,5.360540597,8.853586166,3.289757013,,8.72,2.08,10.7,0.98
7.761107235,6.032977595,8.188175137,3.164334272,,8.5,2.84,10,2.2
7.696919848,4.478035806,10.22166474,3.935313032,,8.48,2.14,11.9,1.86
7.780230643,7.273682473,6.797061903,2.345495722,,8.76,4.61,10.1,0.67
7.807899522,7.844608312,6.308779,2.182602097,,8.65,4.26,9.1,1.07
7.890918239,8.284890156,6.163748638,2.55828585,,8.46,3.85,7.7,3.01
8.162169556,6.705787209,9.405983935,8.408095214,,7.74,1.97,6,8.45
8.297333489,4.818863176,13.44718362,12.55275763,,7.55,2.28,6.1,19.97
8.223954986,7.924317933,8.136880042,7.714435976,,7.62,4.68,6.3,8.25
7.973655858,8.054808377,6.720890582,3.2910063,,7.49,3.8,7.4,4.74
8.067223963,9.618500574,5.502271614,3.019815111,,7.41,4.04,4.9,5.05
8.047004165,9.122155366,5.90651815,3.3636959,,7.56,2.84,4.9,5.23
8.111975001,8.005931103,7.407078358,5.589796291,,7.31,1.85,5,6.99
7.950119989,9.090159692,5.602095605,2.498011156,,7.95,1.95,5,3.86
8.080044092,8.42715908,6.766099919,4.752636248,,7.81,2.23,5,6.14
8.191400392,8.647374274,7.053697516,6.196652375,,7.58,4.18,5.3,7.33
7.89041973,10.74343811,4.156023722,0.998597257,,7.66,5.46,5.6,0
8.026180447,6.816914595,8.446660616,5.832381239,,7.65,0.75,5.9,6.72
8.100613614,7.09172606,8.496676996,6.706085468,,7.62,1.62,5.8,7.38
8.039446927,9.187703938,5.815829617,3.149583277,,7.51,3.26,5.2,5.03
8.231561087,8.698193486,7.207371066,6.869601059,,7.52,4.78,5.3,7.9
8.057067123,8.137942886,6.991007267,4.338832861,,7.87,5.56,8,5.51
7.922723972,10.57254332,4.335377737,1.218158773,,7.852307692,5.864615385,5.861538462,1.322307692
8.20430452,8.783406797,6.962689304,6.052883738,,7.71,6.61,6.8,7.05
8.129534805,10.24982931,5.120277448,3.149535662,,7.46,6.62,4.7,5.14
7.968389125,11.40498915,3.845585404,1.024242467,,7.46,10.9,5.1,1.18
7.916348222,11.58164132,3.659304621,0.795068759,,7.43,10.2,4.3,0
8.003247949,10.22209138,4.786918342,1.801980712,,7.39,6.15,6,3.34
8.048011614,5.937965714,9.826765395,6.382687278,,7.38,6.39,10.8,6.76
7.963712587,11.38380391,3.852699591,0.99236451,,7.47,11.3,5.7,1
7.921112603,10.91823764,4.092861962,1.019288171,,7.46,6.45,5.4,0.87
7.915683909,9.718407359,4.967500659,1.635137457,,7.39,2.64,5.1,2.52
7.908972709,10.43008663,4.409797646,1.215347133,,7.39,3.74,4.8,1.42
7.910755371,10.72601156,4.205125548,1.074378829,,7.44,5.09,5.1,0.93
7.926158631,10.57009316,4.344363142,1.218279,,7.51,4.98,5.2,1.59
7.977669732,10.78977425,4.290113242,1.325362393,,7.59,7.78,6,2.18
7.863709986,9.319119035,5.156042918,1.53146803,,7.75,3.96,7.1,0.94
8.043185194,9.125564399,5.891423263,3.157031387,,7.56,4.52,6.2,4.92
7.933438615,11.09295038,3.996827261,0.984466442,,7.79,9.25,6.6,0.62
7.923925224,11.04319018,4.013834883,0.978996123,,7.88,8.77,6.6,0.44
7.847440375,8.583922863,5.744034751,1.762764753,,8.19,6.76,10.1,0.58
7.806335369,7.757808571,6.393205625,2.080252783,,8.01,3.84,9,0.87
7.840869174,8.1506552,6.127935128,1.971759404,,7.89,5.34,9.5,1.25
7.85013386,8.527310381,5.80481879,1.778979896,,7.9,6.14,9.7,0.83
7.850794329,8.793200778,5.564995077,1.773524456,,8.03,4.19,7.9,1.19
7.779856212,7.636135714,6.421057414,2.066228506,,7.84,1.46,7.6,0.37
7.878132699,9.798373178,4.812709716,1.328004406,,7.98,6.28,8.1,0.3
7.799616482,7.890462937,6.238180409,1.979225965,,8.16,4.03,9.1,0.28
7.823303331,8.38389482,5.847003337,1.896254593,,8.03,2.82,7.5,1.05
7.999029841,2.737606313,15.4737251,10.8358844,,7.7,0.27,11.4,9.67
7.921809307,10.98466413,4.048788996,1.020633878,,8.02,8.05,6.3,0.58
7.893696272,11.01509924,3.980398502,0.980267432,,8.1,5.01,4.3,0.33
7.904679385,11.09281351,3.948109168,0.96902444,,8.33,7.23,5.5,0.21
7.89681854,10.7694469,4.148674669,1.068321064,,8.4,6.63,6.2,0.22
7.882409003,10.46743578,4.328685835,1.157428169,,8.31,5.05,5.9,0.28
7.859479799,9.716581419,4.828814052,1.382216575,,8.08,3.83,6.5,0.4
7.857511569,10.03802779,4.582701742,1.287759378,,7.98,1.79,4.5,0.49
7.895700189,10.96780506,4.014656321,0.996418891,,8.18,5.64,4.9,0.28
7.884731351,10.60945351,4.234603013,1.124948483,,8.24,4.31,5,0.44
7.891028043,10.60529007,4.249597667,1.134172616,,8.19,4.78,5.3,0.55
7.907332242,10.94871281,4.047014453,1.032236359,,8.23,6.58,5.5,0.49
7.902672723,10.86886716,4.091927835,1.061306842,,8.19,5.63,5.1,0.59
7.892762941,10.55329167,4.289240205,1.146353019,,8.09,4.89,5.5,0.6
7.892860666,10.87677178,4.069883642,1.016813998,,7.95,4.64,4.5,0.41
7.916093477,11.29115665,3.83884724,0.918893436,,8.07,8.02,5,0.37
7.917029004,11.43171146,3.751287289,0.900954645,,8.21,8.32,4.3,0.37
7.893453606,10.98087706,4.002181732,0.99512556,,8.04,4.58,4.1,0.43
7.919438646,11.32951641,3.819268548,0.9268784,,8.03,7.73,4.5,0.54
7.911401017,11.41283619,3.755272894,0.880743448,,7.92,7.14,3.7,0.43
7.893185685,11.23104918,3.842014966,0.900486236,,7.81,4.37,3,0.38
7.884974017,11.22134032,3.835942256,0.881078536,,7.68,3.44,2.5,0.25
7.903145428,11.38205641,3.762637961,0.87021408,,7.66,5.27,2.7,0.54
7.906677263,11.52667953,3.678955671,0.833405634,,7.68,6.82,2.7,0.39
7.958914166,11.52239341,3.753589095,1.022869382,,7.57,9.29,3,1.24
7.933954143,11.60547034,3.666878457,0.89760734,,7.57,9.44,2.9,0.66
7.906796949,10.43014838,4.407339263,1.113911424,,7.278333333,6.07875,6.64375,0.638333333
7.926859179,11.62070042,3.648278966,0.865284782,,7.52,9.24,2.8,0.53
7.940212404,11.6601993,3.641382445,0.904146012,,7.53,11.7,3.3,0.39
7.945649333,11.64268847,3.659570328,0.916979925,,7.49,12.2,3.7,0.42
7.928047254,11.56861606,3.682916959,0.826293802,,7.23,10.4,4.2,0.3
7.835554127,9.243975934,5.140728585,1.521821317,,7.4,0,4.5,0.82
7.928708821,11.43155958,3.769667928,0.852477651,,7.47,10.2,5.4,0.28
8.087219762,3.689207657,13.99879613,10.61756562,,7.53,3.31,10.8,9.49
7.948308229,10.25870531,4.623292047,1.484733135,,7.53,4.95,5.6,2.41
8.136065928,9.642025823,5.727457124,3.748694255,,7.58,7.19,6.5,5.48
7.945558745,11.15884611,3.973278977,0.990550394,,7.79,10.5,7,0.7
7.922706403,11.27230558,3.861794125,0.902324159,,7.87,9.38,6,0.25
7.927290158,11.45414265,3.752822815,0.871483604,,7.96,10.8,5.7,0.15
7.912447446,11.30332736,3.825730922,0.901906936,,8.04,7.88,4.9,0.28
7.887973305,10.87402536,4.06329138,1.005121049,,8.06,4.82,4.7,0.19
7.88534735,10.89276127,4.046496087,0.991709214,,8.1,4.85,4.7,0.07
7.901755313,11.22404168,3.859175606,0.931560103,,8.4,7,4.8,0.16
7.889180047,10.89975459,4.047852498,1.025659001,,8.33,5.01,4.7,0.26
7.904580013,11.16885707,3.898827634,0.948982276,,8.43,7.53,5.4,0.14
7.905536403,11.09787073,3.945835238,0.988152405,,8.65,7.86,5.9,0.14
7.869890835,10.44214134,4.320870015,1.172588055,,8.54,4.07,5.3,0.14
7.888006246,10.33338275,4.434697003,1.236412416,,8.75,6.98,7.5,0.24
7.88479339,10.60903792,4.234400174,1.154287393,,8.68,5.2,5.6,0.33
7.889879496,10.64855433,4.217200983,1.138947167,,8.81,6.47,6.4,0.19
7.900372336,11.0552549,3.964352882,1.027378482,,8.94,7.21,5.6,0.17
7.90361374,11.12672275,3.923080516,1.025845888,,9.1,7.54,5.5,0.19
7.712901774,6.45714602,7.450926539,2.684360911,,8.75,0,8,0.28
7.880631831,10.39791654,4.373249883,1.211194547,,8.65,5.45,6.3,0.28
7.735536154,7.292528542,6.608538031,2.343312594,,8.95,0,7,0.15
7.930505759,7.114599546,7.65560694,1.54208727,,0,0,7.2,0.25
7.875597332,10.25242051,4.465704063,1.285694691,,8.9,5.48,6.6,0.3
7.855160672,9.376730443,5.083966331,1.583570278,,8.97,6.19,8.6,0.37
7.885153546,10.36988485,4.40166452,1.26499723,,8.83,5.63,6.4,0.48
7.878424228,10.20710248,4.504752319,1.29364811,,8.76,5.64,6.8,0.37
7.819949927,8.281831623,5.930934727,1.92272294,,8.84,6.35,10.2,0.32
7.848900764,3.016564948,14.04715718,3.888419819,,0,0,12.8,0.29
7.851022171,3.435811763,13.13798369,3.416706396,,0,0,11.9,0.55
7.849284528,3.121283185,13.81308116,3.763356568,,0,0,12.5,0.73
7.860474621,2.386478405,15.61795301,4.925277172,,0,0,14.6,0.39
7.890530632,5.448121453,9.726725517,2.118689649,,0,0,9.1,0.34
7.899851866,10.85269658,4.097818465,1.058241059,,8.39,6.34,5.7,0.36
7.891446395,10.77907732,4.131882935,1.080702639,,8.57,5.96,5.7,0.23
7.902729272,11.26726755,3.833180208,0.928794887,,8.3,6.36,4.1,0.33
7.919999743,11.50122152,3.712048057,0.902502714,,8.43,9.32,4.4,0.27
7.922111268,11.3105702,3.835174197,0.94840852,,8.41,9.03,5.5,0.36
7.906429106,10.74458141,4.183451447,1.093308598,,8.72,8.87,7.8,0.09
7.902125351,11.03527471,3.981165968,0.991912171,,8.6,7.73,6.1,0.06
7.915841478,11.1331294,3.939930967,0.984522389,,8.75,9.74,7,0.05
7.928175725,11.11869129,3.969949929,1.006588769,,8.81,11.4,8.1,0.07
7.929048664,11.23357779,3.895865119,0.975036376,,8.578235294,10.64705882,6.988235294,0.228235294
7.949746657,11.02486151,4.06922234,1.164914371,,8.8,10.4,7.4,0.88
7.971454844,11.22435963,3.969922053,1.207527034,,8.78,10.9,6.4,1.18
7.964008507,11.3824937,3.852767204,1.062661477,,8.67,13.3,7.2,0.56
7.947190976,11.44647337,3.785685079,0.978116443,,8.82,13.6,7.3,0.11
7.949809245,11.50809133,3.749786756,0.984535483,,8.85,14,6.9,0.09
7.933300262,11.51291989,3.723097435,0.94385121,,8.76,11.6,5.6,0.16
7.931308973,11.57392197,3.682251506,0.929675756,,8.71,11.6,5,0.12
7.945106903,11.55076391,3.715735335,0.975913079,,8.89,13.5,6.2,0.07
7.926144357,11.38213653,3.795456929,0.948044269,,8.85,11,6.4,0.08
7.931816266,11.19010907,3.928738652,0.996460553,,8.84,11.8,8,0.08
7.937100567,11.23308542,3.908812998,1.008240399,,8.9,12.1,7.9,0.16
7.935131788,11.31401595,3.852713232,0.989993304,,8.87,11.6,7.1,0.2
7.943237495,11.38340834,3.82051998,0.977509358,,8.88,13.3,7.7,0.07
7.895391641,10.23552973,4.522383877,1.251519925,,8.79,8.94,9.1,0.09
7.896218463,10.25448846,4.510277601,1.246885837,,8.8,9,9.1,0.09
7.902916487,10.47474454,4.365302397,1.18056052,,8.65,8.6,8.3,0.21
7.915871125,10.63333427,4.2788545,1.159007188,,8.8,9.85,8.7,0.26
7.903559936,10.30395407,4.490176391,1.238709224,,8.69,9.21,9.1,0.23
7.91280321,10.97188088,4.041313614,1.023489562,,8.68,9.37,7.4,0.07
7.907141732,10.47440239,4.374347704,1.184767268,,8.61,8.92,8.5,0.27
7.901707548,10.22458494,4.544399008,1.269684885,,8.78,9.4,9.4,0.21
7.920024998,11.28312686,3.849779779,0.939462337,,8.44,9.44,6,0.21
7.907473339,11.55815112,3.660454634,0.852516338,,8.4,8.77,3.8,0.05
7.909485492,10.80563356,4.147852045,1.055387756,,8.53,9.11,7.8,0.06
7.899980337,10.45074946,4.376591979,1.173314177,,8.63,8.61,8.4,0.11
7.903441348,11.00232184,4.004955642,1.00500975,,8.67,8.14,6.5,0.03
7.918112767,11.24359709,3.873525565,0.882116534,,7.66,8.9,5.9,0.16
7.913009641,10.4520171,4.404624069,1.117645002,,7.74,8.51,8.3,0.35
7.921672053,11.30558225,3.838848427,0.891294243,,7.99,9.89,6.2,0.12
7.921225152,11.15698095,3.934380181,0.927036123,,7.98,9.64,6.8,0.14
7.935226768,11.35539168,3.82695092,0.936794135,,8.33,11.4,6.7,0.24
7.938324878,11.53089722,3.71937991,0.924713127,,8.29,11.8,5.4,0.27
7.956085623,11.65348722,3.665351828,1.039957062,,8.21,12.4,3.2,0.5
7.957199032,11.65130494,3.668300108,1.040074313,,8.37,13.4,3.9,0.33
7.923768754,11.34722753,3.814915223,0.910550172,,8.2228,9.966,5.948,0.2028
7.936045354,11.59712843,3.674547782,0.922540712,,8.32,11.7,4.6,0.24
7.946773173,11.67811988,3.637995867,0.976024378,,8.23,13.3,3.8,0.16
7.930636425,11.44907625,3.760392499,0.902798519,,8.31,11.4,6.1,0.13
7.94560047,11.41347793,3.805160573,0.950036939,,8.49,13.3,7.4,0.14
7.936627314,11.34172384,3.838260075,0.925971342,,8.26,12,7.2,0.15
7.93794386,11.33340697,3.84544662,0.942516812,,8.39,12.1,7.3,0.17
7.946183528,11.35959351,3.841463387,0.940714005,,8.29,13.3,7.8,0.15
7.91966594,11.02623514,4.017560119,0.988805915,,8.26,9.44,7.2,0.2
7.917455592,11.12257767,3.949931159,0.968189995,,8.41,9.4,6.8,0.14
7.90737781,10.81679616,4.136071972,1.062494826,,8.58,8.6,7.4,0.12
7.914209795,11.17676168,3.909656381,0.933491469,,8.2,8.82,6.2,0.13
7.909236786,11.10294965,3.949475068,0.949353074,,8.2,8.15,6.1,0.12
7.911491605,11.09564422,3.958037002,0.951080888,,8.17,8.42,6.3,0.13
7.907681966,11.05190845,3.980555079,0.947899044,,8.02,7.82,6.1,0.11
7.907636947,10.99914981,4.015284409,0.960213959,,7.99,7.82,6.3,0.11
7.904618444,10.78693437,4.152353644,1.019341142,,7.99,7.66,6.9,0.11
7.903203074,10.78078309,4.153781226,1.025800059,,8.04,7.49,6.8,0.12
7.940500089,9.61582175,5.122840216,1.616742162,,7.54,8.04,9.1,2.08
7.907248242,11.14374622,3.920526052,0.899476212,,7.74,7.6,5.6,0.07
7.906177107,11.35749635,3.782864314,0.853248412,,7.91,7.99,4.8,0.03
7.925497064,11.60940179,3.652989334,0.886606588,,8.44,11.4,4.6,0.04
7.927151256,11.64013149,3.636035685,0.903859729,,8.44,11.1,3.9,0.14
7.922680051,11.61108252,3.648053589,0.890127091,,8.47,10.6,4.1,0.12
7.927001923,11.70957729,3.593205256,0.919795732,,8.47,11.4,2.9,0.07
7.918566256,11.65710739,3.614722186,0.876059365,,8.41,10.3,3.4,0.09
,,,,,8.083512545,5.664623656,8.36636528,3.867553957