7.656966036,8.912147472,2.535048163,0.323898451,,7.71 ,9.22 ,2.90 ,0.21 
7.70631949,8.803416628,1.875908567,0.323879135,,7.68 ,8.74 ,1.90 ,0.32 
7.650360403,7.807138213,1.797607517,0.356804689,,7.64 ,7.76 ,1.80 ,0.34 
7.641513289,7.766466886,1.808363055,0.343213106,,7.53 ,7.23 ,2.10 ,0.30 
7.614835284,7.739509028,1.841206429,0.327243609,,7.40 ,7.19 ,2.90 ,0.18 
7.565811048,7.478197795,1.996255385,0.297565578,,7.68 ,8.18 ,1.80 ,0.26 
7.768201159,9.643313884,2.262879294,0.272481379,,7.61 ,7.83 ,2.90 ,0.33 
7.578822056,7.683505595,2.237871463,0.281112376,,7.55 ,7.45 ,2.80 ,0.28 
7.583185176,7.720568372,2.446401216,0.299034861,,7.51 ,7.14 ,2.20 ,0.34 
7.555399123,7.662413088,2.358690877,0.30283021,,7.38 ,7.67 ,2.30 ,0.24 
7.477186845,7.549685492,2.527592501,0.274910418,,7.47 ,7.56 ,2.80 ,0.22 
7.456916923,7.401720835,2.48399502,0.238836365,,7.52 ,6.94 ,2.40 ,0.22 
7.454661716,7.221669123,2.499822206,0.236897279,,7.42 ,6.56 ,2.60 ,0.24 
7.442293359,7.154219745,2.610783199,0.225296148,,7.35 ,6.93 ,3.10 ,0.21 
7.419596614,6.902241916,2.73601523,0.226507081,,7.23 ,6.52 ,3.20 ,0.25 
7.356795717,6.770757609,2.903064957,0.219198369,,7.22 ,6.60 ,2.80 ,0.17 
7.298093444,6.665894116,2.93929334,0.209621103,,7.22 ,6.36 ,2.60 ,0.17 
7.237099785,6.488708028,2.762432838,0.186026161,,7.23 ,6.02 ,2.30 ,0.20 
7.227643943,6.364088918,2.550086686,0.191611808,,7.27 ,6.81 ,1.80 ,0.24 
7.238097524,6.336854202,2.35092201,0.187206377,,7.30 ,6.38 ,1.60 ,0.17 
7.235686101,6.24023568,2.059102976,0.199576685,,7.19 ,6.04 ,1.70 ,0.22 
7.244286213,6.277111879,1.946960277,0.19953937,,7.25 ,6.74 ,2.70 ,0.10 
7.260339278,6.477999553,1.826816634,0.174647372,,7.20 ,7.10 ,2.30 ,0.10 
7.210429995,6.940461588,2.208007607,0.106236558,,7.18 ,7.09 ,2.10 ,0.09 
7.201144224,6.900487107,2.284937226,0.106702004,,7.15 ,5.12 ,1.90 ,0.16 
7.192687797,6.872180697,2.269178719,0.105421632,,7.09 ,6.00 ,1.90 ,0.16 
7.152150013,6.505656891,1.882756421,0.131598302,,7.16 ,6.77 ,1.60 ,0.14 
7.155414395,6.516783096,1.674444723,0.133047,,7.17 ,6.63 ,1.50 ,0.12 
7.875981728,8.270096032,3.701094376,0.331948125,,7.25 ,7.07 ,6.30 ,0.13 
7.138795676,6.475931211,1.863344486,0.133411346,,7.07 ,5.73 ,2.40 ,0.08 
7.128869251,6.598961588,2.315966619,0.120302309,,7.08 ,6.90 ,2.80 ,0.13 
7.138367392,6.689035405,2.58143515,0.105934126,,7.20 ,7.04 ,2.40 ,0.09 
7.162719669,6.65943875,2.713597879,0.112358407,,7.48 ,6.06 ,2.10 ,0.17 
7.214704939,6.660798586,2.435895211,0.116585966,,7.49 ,6.86 ,2.30 ,0.16 
7.445218343,6.720733318,2.259026553,0.146682646,,7.71 ,7.07 ,1.70 ,0.12 
7.510786975,6.653927557,2.141912364,0.14501523,,7.67 ,6.44 ,2.00 ,0.12 
7.534881361,6.641251928,2.114949331,0.141474969,,7.43 ,6.75 ,2.20 ,0.12 
7.519703065,6.887281085,2.167274607,0.135167573,,7.43 ,7.46 ,2.30 ,0.14 
7.500484811,6.922271757,2.098548963,0.134425915,,7.37 ,6.84 ,1.90 ,0.21 
7.445357259,6.923419248,2.117514057,0.149273486,,7.32 ,6.26 ,1.70 ,0.24 
7.378448299,7.053917628,1.93277466,0.164215511,,7.31 ,7.54 ,1.50 ,0.15 
7.362962112,7.343457216,1.798205595,0.167886727,,7.42 ,8.65 ,1.70 ,0.14 
7.36346604,7.362526708,1.88036096,0.187175569,,7.41 ,7.97 ,2.46 ,0.20 
7.405992472,7.934763444,1.943088077,0.183165302,,7.61 ,9.00 ,1.90 ,0.24 
7.424902222,8.304323654,2.083060307,0.192839591,,7.39 ,8.95 ,2.40 ,0.25 
7.418477484,8.695232351,2.322969573,0.209365282,,7.35 ,9.05 ,2.60 ,0.20 
7.392405211,8.83814342,2.419973449,0.207710295,,7.33 ,9.01 ,2.30 ,0.16 
7.371336033,9.068858151,2.502034809,0.199563653,,7.39 ,9.37 ,2.70 ,0.15 
7.357184955,9.214966622,2.570048339,0.182768692,,7.36 ,9.45 ,2.70 ,0.18 
7.349330811,9.347291658,2.615085357,0.170887958,,7.20 ,10.20 ,2.80 ,0.15 
7.342012877,9.323076042,2.621812451,0.166454082,,7.28 ,8.39 ,2.70 ,0.20 
7.345674518,9.407338487,2.711632662,0.177908789,,7.32 ,8.86 ,2.70 ,0.23 
7.316964341,9.21616245,2.594795191,0.18858215,,7.35 ,9.29 ,1.70 ,0.18 
7.323446295,9.163156676,2.263033679,0.186755186,,7.39 ,9.32 ,2.00 ,0.17 
7.340850448,9.197626924,2.040134592,0.192107794,,7.32 ,9.54 ,1.80 ,0.21 
7.3462461,9.307632591,1.957719249,0.182942598,,7.29 ,9.23 ,2.20 ,0.16 
7.340724868,9.286241597,1.95513907,0.174970158,,7.25 ,8.65 ,2.30 ,0.15 
7.295193202,9.140948652,2.16735974,0.164815231,,7.23 ,8.37 ,2.30 ,0.17 
7.25768852,8.661688597,2.229921313,0.161756628,,7.26 ,8.22 ,2.20 ,0.16 
7.239757051,8.45585379,2.275874621,0.16233567,,7.16 ,8.10 ,2.40 ,0.16 
7.224635294,8.328536261,2.281252891,0.165076576,,7.09 ,7.85 ,2.00 ,0.20 
7.197875235,8.17249177,2.272757031,0.170583969,,7.13 ,7.47 ,2.20 ,0.24 
7.116166037,7.800464671,2.097830411,0.198342479,,7.08 ,7.19 ,2.10 ,0.22 
7.109565882,7.434636958,2.177432782,0.220363644,,7.15 ,6.44 ,2.70 ,0.27 
7.120515787,7.286754681,2.163274063,0.23289502,,7.19 ,6.78 ,2.00 ,0.25 
7.174381974,6.906121305,2.14530653,0.2432434,,7.36 ,6.47 ,2.10 ,0.22 
7.194110147,6.717495854,2.164154584,0.250260542,,7.25 ,6.36 ,2.40 ,0.29 
7.234215008,6.356348761,2.428491201,0.268823446,,7.24 ,6.21 ,2.50 ,0.27 
7.250754475,6.370472813,2.378932539,0.259318446,,7.25 ,6.14 ,2.90 ,0.21 
7.249068853,6.26179482,2.494261794,0.269747128,,7.27 ,6.65 ,2.90 ,0.29 
7.262969708,6.429910631,2.591684897,0.275207474,,7.48 ,7.98 ,2.60 ,0.28 
7.307742808,6.702885045,2.825293021,0.275548741,,7.45 ,7.13 ,3.10 ,0.29 
7.323130156,6.959491959,2.963525529,0.269033471,,7.23 ,7.12 ,3.20 ,0.25 
7.356290114,7.137522913,2.99847391,0.268226775,,7.38 ,7.06 ,3.10 ,0.21 
7.386854952,7.228054146,2.964085977,0.24350898,,7.42 ,7.18 ,2.70 ,0.22 
7.399612482,7.174713397,2.92715149,0.226957253,,7.54 ,7.60 ,2.80 ,0.21 
7.418608057,7.210820151,2.827894805,0.21571549,,7.54 ,7.46 ,2.70 ,0.17 
7.454263942,7.318407454,2.786838585,0.214976511,,7.46 ,7.55 ,2.70 ,0.25 
7.498277446,7.42853481,2.732426044,0.204224812,,7.48 ,7.12 ,2.70 ,0.16 
7.512024307,7.396419167,2.714721493,0.202498151,,7.46 ,6.71 ,2.50 ,0.23 
7.496261382,7.251324084,2.617152448,0.175528188,,7.48 ,7.31 ,2.20 ,0.15 
7.503110602,7.1563447,2.53573767,0.188262581,,7.70 ,7.24 ,2.50 ,0.19 
7.563994177,7.190735578,2.442461625,0.178116663,,7.92 ,7.78 ,2.10 ,0.19 
7.62650313,7.40804097,2.353540964,0.185363109,,7.59 ,7.98 ,2.30 ,0.18 
7.689591493,7.650151617,2.326171439,0.186806107,,7.74 ,7.96 ,2.30 ,0.20 
7.709668505,7.801162269,2.315096401,0.186009283,,7.62 ,8.03 ,2.20 ,0.13 
7.66297122,7.978851289,2.284779407,0.166559372,,7.59 ,7.98 ,2.50 ,0.12 
7.620707158,7.960809855,2.3062188,0.138070243,,7.64 ,7.15 ,2.40 ,0.11 
7.615766271,7.860647483,2.421061294,0.122999069,,7.62 ,7.74 ,2.60 ,0.11 
7.606579243,7.796631739,2.490957625,0.113654731,,7.49 ,8.02 ,2.80 ,0.07 
7.599780152,7.786270088,2.536112828,0.114442713,,7.52 ,8.23 ,2.40 ,0.17 
7.602585129,7.743502582,2.576160185,0.115340489,,7.60 ,8.88 ,2.50 ,0.20 
7.554457859,8.404462139,2.46225015,0.15187477,,7.56 ,9.04 ,2.30 ,0.16 
7.567742513,8.854310236,2.367307068,0.165070347,,7.61 ,9.06 ,2.30 ,0.17 
7.574931647,8.765170436,2.365823462,0.178392124,,7.56 ,7.63 ,2.30 ,0.22 
7.596705137,8.8663919,2.425500666,0.194689977,,7.64 ,9.12 ,2.30 ,0.23 
7.442799929,6.278954335,3.219252108,0.328223143,,7.92 ,10.40 ,2.20 ,0.24 
7.602949753,7.424386276,2.545861363,0.285363087,,7.87 ,9.85 ,2.00 ,0.22 
7.637208932,8.923788648,2.403469205,0.226746727,,7.61 ,9.07 ,3.00 ,0.19 
7.635451919,9.280774793,2.523391787,0.220681499,,7.50 ,9.12 ,2.80 ,0.23 
7.577138432,9.276687009,2.654998503,0.223836606,,7.57 ,9.30 ,2.50 ,0.23 
7.567812583,9.273695369,2.665374018,0.22101879,,7.81 ,10.20 ,2.00 ,0.18 
7.585253688,9.223361494,2.586999425,0.222740863,,7.64 ,8.91 ,2.50 ,0.23 
7.595771766,9.158379005,2.540145279,0.223107563,,7.61 ,8.76 ,2.70 ,0.20 
7.643815209,9.203728319,2.459823354,0.212220395,,7.73 ,9.65 ,2.20 ,0.18 
7.65205627,9.043046843,2.482570077,0.197623121,,7.56 ,8.25 ,2.60 ,0.16 
7.629892415,8.750278067,2.592220163,0.198707186,,7.73 ,7.93 ,2.50 ,0.19 
7.660941786,8.480462498,2.494081798,0.191739853,,7.72 ,8.06 ,2.20 ,0.23 
7.708852594,8.106761465,2.31951331,0.195809976,,7.73 ,7.82 ,2.10 ,0.20 
7.718429666,7.92005013,2.431355396,0.195911818,,7.73 ,7.82 ,2.60 ,0.20 
7.730010656,7.884531322,2.225347301,0.201950288,,7.75 ,8.08 ,1.80 ,0.19 
7.732446209,7.840591123,2.123057013,0.201989355,,7.65 ,7.76 ,2.00 ,0.20 
7.718628892,7.830836978,2.121327737,0.200000831,,7.37 ,6.58 ,2.90 ,0.28 
7.654868883,7.760201483,2.079528497,0.200992109,,7.37 ,6.63 ,2.20 ,0.23 
7.478071795,6.910589016,2.331648148,0.222290385,,7.47 ,6.61 ,2.50 ,0.21 
7.451668402,6.676917252,2.46231239,0.214054524,,7.42 ,6.78 ,2.50 ,0.18 
7.422276528,6.64981758,2.414522923,0.210327485,,7.40 ,6.68 ,2.20 ,0.19 
7.412747974,6.69175188,2.417143022,0.20238058,,7.35 ,6.81 ,2.80 ,0.22 
7.400323625,6.715520424,2.472279838,0.198963841,,7.34 ,6.71 ,2.50 ,0.21 
7.35624295,6.767456385,2.484495088,0.20128074,,7.28 ,7.03 ,2.40 ,0.19 
7.351109377,6.78742698,2.434223596,0.204810758,,7.46 ,7.08 ,1.90 ,0.20 
7.354979362,6.810841177,2.466902856,0.206797577,,7.80 ,6.56 ,2.00 ,0.17 
7.448503891,6.813406058,2.217362526,0.196142688,,7.70 ,5.69 ,2.50 ,0.18 
7.550577534,6.504406518,2.313886079,0.195921003,,7.54 ,6.42 ,2.50 ,0.21 
7.624859132,6.362360817,2.352292297,0.202041945,,7.68 ,6.34 ,2.50 ,0.24 
7.667485241,6.428708972,2.444795848,0.211808215,,7.68 ,6.74 ,2.50 ,0.22 
7.647230718,6.474264424,2.422118089,0.217929415,,7.63 ,6.70 ,2.00 ,0.21 
7.614583997,6.544881675,2.330049218,0.217924123,,7.28 ,6.22 ,1.80 ,0.19 
7.607524792,6.585299278,2.248786965,0.215393854,,7.45 ,6.48 ,2.40 ,0.20 
7.46041439,6.450184415,2.32935127,0.201480977,,7.44 ,6.16 ,2.40 ,0.20 
7.448487718,6.307571457,2.314674598,0.201484647,,7.52 ,5.88 ,2.20 ,0.23 
7.447412789,6.284835673,2.33785085,0.202845146,,7.66 ,7.11 ,2.30 ,0.25 
7.522446316,6.281523353,2.297922537,0.218344988,,7.72 ,6.41 ,2.20 ,0.23 
7.606757786,6.496615391,2.313790644,0.221876573,,7.62 ,6.64 ,2.40 ,0.21 
7.632104516,6.605420904,2.362000911,0.216870774,,7.64 ,6.76 ,2.50 ,0.20 
7.637581675,6.694145041,2.357245473,0.217237409,,7.57 ,6.85 ,2.20 ,0.23 
7.621660503,6.688712279,2.352147356,0.214563514,,7.43 ,7.14 ,2.10 ,0.26 
7.576813402,6.841169285,2.201207685,0.22648415,,7.45 ,7.78 ,1.80 ,0.31 
7.508816787,7.051210369,2.125993034,0.237679228,,7.36 ,7.41 ,1.70 ,0.19 
7.457550102,7.256960915,2.098534512,0.241274691,,7.45 ,7.43 ,2.30 ,0.22 
7.437749184,7.354851063,2.045954409,0.259004726,,7.54 ,8.41 ,2.00 ,0.33 
7.473111321,7.976091179,2.057478435,0.277972997,,7.50 ,8.47 ,2.30 ,0.28 
7.424946745,8.0239576,2.043452496,0.253988935,,7.30 ,8.36 ,1.80 ,0.25 
7.446318659,8.286338457,2.01203335,0.259840598,,7.46 ,8.46 ,1.70 ,0.23 
7.466154692,8.425605993,2.096271973,0.262943903,,7.54 ,8.23 ,2.60 ,0.22 
7.460314519,8.391134993,2.106530877,0.232764149,,7.48 ,8.41 ,2.50 ,0.19 
7.449614065,8.218468527,2.186687115,0.223081824,,7.39 ,7.29 ,2.37 ,0.23 
7.487932692,8.22916139,2.311653301,0.223348248,,7.57 ,8.98 ,2.00 ,0.32 
7.491456416,8.206374448,2.462468491,0.2353276,,7.38 ,8.80 ,2.40 ,0.36 
7.444654815,8.75276226,2.160615476,0.319789567,,7.41 ,8.98 ,2.00 ,0.34 
7.438886742,8.824706809,2.256289844,0.326459436,,7.44 ,8.91 ,2.60 ,0.31 
7.449656429,8.921884501,2.08567783,0.332887805,,7.48 ,8.91 ,1.90 ,0.33 
7.424180641,8.971241099,2.089868385,0.332942897,,7.43 ,9.22 ,2.00 ,0.32 
7.44922792,9.011865405,2.126354886,0.324299722,,7.49 ,8.81 ,2.80 ,0.32 
7.465039428,8.888100001,2.468240663,0.313652341,,7.53 ,8.45 ,2.50 ,0.28 
7.4713949,8.82212218,2.3051776,0.305189939,,7.36 ,8.14 ,2.50 ,0.21 
7.488797443,8.596292703,2.511707654,0.278007217,,7.45 ,8.82 ,2.80 ,0.22 
7.469965753,8.752904451,2.628826851,0.259050049,,7.47 ,9.04 ,2.60 ,0.26 
7.44011805,8.62022281,2.523113638,0.234533454,,7.41 ,8.38 ,1.90 ,0.22 
7.399544119,8.375642641,2.344301226,0.221881031,,7.35 ,7.50 ,2.00 ,0.22 
7.416248083,8.394079235,2.001899642,0.220789014,,7.45 ,8.27 ,1.70 ,0.21 
7.414665425,8.280353673,1.856264125,0.217893463,,7.39 ,8.07 ,1.60 ,0.20 
7.412650874,8.1906169,1.849597697,0.215588993,,7.45 ,8.48 ,2.60 ,0.26 
7.403769321,8.056812031,1.960443224,0.213245262,,7.36 ,8.17 ,2.70 ,0.20 
7.399455911,8.142436946,2.228601105,0.209860462,,7.38 ,7.82 ,2.50 ,0.20 
7.406136414,8.034314548,2.378582706,0.213031558,,7.50 ,7.88 ,2.20 ,0.23 
7.460484299,7.969796623,2.335253359,0.225334093,,7.57 ,7.71 ,2.00 ,0.24 
7.485455741,7.85743353,2.268643596,0.227411762,,7.48 ,7.07 ,2.60 ,0.27 
7.489535905,7.597952904,2.276000962,0.239302572,,7.41 ,6.70 ,2.40 ,0.28 
7.488132047,7.172871694,2.288454728,0.253596895,,7.48 ,6.28 ,2.00 ,0.23 
7.487622224,6.868459298,2.204539754,0.247528441,,7.50 ,6.78 ,2.10 ,0.23 
7.456707839,6.581811853,2.321794592,0.257563396,,7.43 ,5.88 ,2.50 ,0.27 
7.447203254,6.246061722,2.330124622,0.262328807,,7.44 ,4.89 ,2.80 ,0.35 
7.436156281,5.961293974,2.457487986,0.269848897,,7.47 ,6.29 ,3.00 ,0.37 
7.471252085,6.090030773,2.503196197,0.317519075,,7.50 ,6.35 ,2.30 ,0.33 
7.466616803,6.02728214,2.606592215,0.317056428,,7.47 ,6.57 ,2.90 ,0.22 
7.468451232,6.154584622,2.658762963,0.317698199,,7.31 ,7.18 ,3.00 ,0.15 
7.44725422,6.606413227,2.86022509,0.230716195,,7.29 ,6.64 ,2.70 ,0.16 
7.307850346,6.731303175,2.816504416,0.16666014,,7.25 ,6.59 ,3.00 ,0.15 
7.273905534,6.722278603,2.93339354,0.154902092,,7.20 ,6.69 ,3.30 ,0.14 
7.252088101,6.679556425,2.955186485,0.150613343,,7.17 ,6.75 ,2.50 ,0.15 
7.223676859,6.653776151,2.799206502,0.150677676,,7.18 ,6.66 ,2.50 ,0.15 
7.188690042,6.708667452,2.573433205,0.149370731,,7.27 ,6.56 ,2.20 ,0.14 
7.180152656,6.652218264,2.463569642,0.149392623,,7.14 ,6.43 ,2.30 ,0.14 
7.191857164,6.61885996,2.404769954,0.146503986,,7.29 ,6.29 ,2.10 ,0.14 
7.260038958,6.494856067,2.190200324,0.140684281,,7.37 ,6.20 ,1.90 ,0.14 
7.276935897,6.342626829,2.115613656,0.141834458,,7.20 ,6.09 ,2.00 ,0.18 
7.254502842,6.234344562,2.127413542,0.153518459,,7.25 ,6.15 ,2.30 ,0.17 
7.27467312,6.229725444,2.173748018,0.162462908,,7.33 ,6.56 ,2.40 ,0.18 
7.284438174,6.281426302,2.274542681,0.172604015,,7.34 ,6.51 ,2.60 ,0.18 
7.320977365,6.490435942,2.420061444,0.179923636,,7.39 ,6.55 ,2.50 ,0.20 
7.327794433,6.530719442,2.424960822,0.180316631,,7.27 ,6.67 ,2.30 ,0.19 
7.339670235,6.564354604,2.438946555,0.185576934,,7.43 ,6.70 ,2.10 ,0.21 
7.378179422,6.571301242,2.447504656,0.198261296,,7.50 ,6.76 ,2.30 ,0.22 
7.424735889,6.695850761,2.156925132,0.20925368,,7.53 ,6.95 ,2.00 ,0.23 
7.477894863,6.779228842,2.205167736,0.219966794,,7.54 ,7.00 ,2.30 ,0.28 
7.504091298,6.856939623,2.162821784,0.231363638,,7.44 ,6.97 ,2.40 ,0.31 
7.491492756,6.903422886,2.285111641,0.268628473,,7.37 ,6.64 ,2.40 ,0.28 
7.438502015,6.907515372,2.321326431,0.276342609,,7.18 ,7.49 ,2.40 ,0.21 
7.441081188,6.985913782,2.363856099,0.277555988,,7.62 ,7.96 ,2.32 ,0.21 
7.409777212,7.053638325,2.416538362,0.286539318,,7.47 ,7.88 ,2.60 ,0.34 
7.411418472,7.708134053,2.466687519,0.276976668,,7.41 ,7.96 ,2.50 ,0.28 
7.414073224,7.993125995,2.503664072,0.279806867,,7.55 ,8.05 ,2.20 ,0.36 
7.485449266,7.972510277,2.500538326,0.333306186,,7.49 ,8.27 ,2.50 ,0.35 
7.468358674,7.972890956,2.527524537,0.336692311,,7.35 ,7.90 ,2.60 ,0.32 
7.41486523,8.00138131,2.505219219,0.313822344,,7.33 ,7.67 ,2.50 ,0.22 
7.393093641,7.948608758,2.529382157,0.313415196,,7.32 ,7.49 ,2.60 ,0.20 
7.344559511,7.530287231,2.644315221,0.247959798,,7.34 ,7.34 ,2.70 ,0.25 
7.34809377,7.513401565,2.592778322,0.243266348,,7.42 ,7.60 ,2.40 ,0.26 
7.331487164,7.625181602,2.516679288,0.219762312,,7.26 ,7.26 ,2.40 ,0.18 
7.322054969,7.446429163,2.544923467,0.204531804,,7.30 ,6.86 ,2.10 ,0.15 
7.361560735,7.291375115,2.374161218,0.204991133,,7.41 ,7.30 ,2.30 ,0.20 
7.379323423,7.324892913,2.331785363,0.193921969,,7.44 ,7.87 ,2.50 ,0.18 
7.393099118,7.405924854,2.356796199,0.182476743,,7.80 ,8.28 ,2.60 ,0.17 
7.466637163,7.676347741,2.412128035,0.177878166,,7.81 ,8.16 ,2.50 ,0.15 
7.68723429,8.088148073,2.424318102,0.159162628,,7.69 ,8.23 ,2.20 ,0.13 
7.781715966,8.186054396,2.469885378,0.155620681,,7.85 ,7.85 ,2.30 ,0.16 
7.805046889,8.119662417,2.459674406,0.152804811,,7.83 ,7.64 ,2.50 ,0.15 
7.832029274,7.876177828,2.38260371,0.154234786,,7.95 ,7.61 ,2.50 ,0.18 
7.84699884,7.810380754,2.344846221,0.159490085,,7.88 ,7.45 ,2.30 ,0.19 
7.854750278,7.666396487,2.395375545,0.168864583,,7.57 ,7.42 ,2.40 ,0.20 
7.852403448,7.506897485,2.397013535,0.184802215,,7.75 ,7.34 ,2.50 ,0.22 
7.768980408,7.393380695,2.345834481,0.208229851,,7.74 ,7.31 ,2.00 ,0.22 
7.756644911,7.352176907,2.406289473,0.21418167,,7.87 ,7.31 ,2.70 ,0.21 
7.732212319,7.286582774,2.387066405,0.218453624,,7.72 ,7.25 ,2.40 ,0.22 
7.754908065,7.297411057,2.421979015,0.21700057,,7.80 ,6.97 ,2.40 ,0.18 
7.802210372,7.176303447,2.348329384,0.203066191,,7.93 ,6.97 ,2.00 ,0.18 
7.817258611,7.021574969,2.390130912,0.184512518,,7.86 ,6.76 ,2.30 ,0.14 
7.803726472,6.953990547,2.329345689,0.177614912,,7.50 ,6.90 ,2.10 ,0.13 
7.787814449,6.916943946,2.252148938,0.163826993,,7.50 ,7.04 ,2.10 ,0.16 
7.625661769,7.025788392,2.11145558,0.162407325,,7.62 ,7.18 ,2.10 ,0.18 
7.572664456,7.115356267,2.1900385,0.159128195,,7.57 ,7.93 ,2.70 ,0.17 
7.5558651,7.319774061,2.193326786,0.163246895,,7.60 ,8.27 ,2.10 ,0.17 
7.563155812,7.78106453,2.326024065,0.172182789,,7.48 ,8.48 ,2.40 ,0.19 
7.566326155,8.180489412,2.336398292,0.176630576,,7.56 ,8.47 ,2.40 ,0.18 
7.539719155,8.398850135,2.376487715,0.180539362,,7.47 ,8.45 ,2.30 ,0.19 
7.47790179,8.426816115,2.354494885,0.191045566,,7.27 ,8.43 ,2.10 ,0.21 
7.469632958,8.441439526,2.306981994,0.189650848,,7.29 ,8.55 ,1.80 ,0.18 
7.409982655,8.519937621,2.246296069,0.195286397,,7.40 ,8.72 ,2.40 ,0.21 
7.322850937,8.525809179,2.111891977,0.204918607,,7.26 ,8.64 ,2.00 ,0.23 
7.316752518,8.567527372,2.077871048,0.21080549,,7.52 ,8.71 ,2.00 ,0.23 
7.353152632,8.681206666,2.060064766,0.220911664,,7.34 ,8.79 ,1.90 ,0.28 
7.422204686,8.703878878,2.203090201,0.232251915,,7.49 ,8.66 ,2.50 ,0.24 
7.595381014,9.108044378,2.195741849,0.23200895,,8.01 ,8.81 ,2.50 ,0.23 
7.903065078,8.778379091,2.296755998,0.240610286,,7.90 ,8.84 ,2.30 ,0.24 
7.943010984,8.762729502,2.312422647,0.240251724,,8.15 ,9.03 ,2.30 ,0.25 
7.980718371,8.977333842,2.232051216,0.260804654,,7.97 ,9.04 ,2.20 ,0.27 
7.952506419,8.966262556,2.228041515,0.250911285,,8.09 ,9.14 ,2.00 ,0.22 
8.032841333,8.920208686,2.127699274,0.24354103,,8.03 ,8.64 ,2.00 ,0.24 
8.033851508,8.951908103,2.127505257,0.250072966,,7.90 ,9.14 ,2.20 ,0.29 
7.838588128,8.796612181,2.574153904,0.224542997,,7.67 ,8.37 ,2.43 ,0.24 
8.018805782,8.720644924,2.05941661,0.23971745,,7.64 ,9.78 ,2.10 ,0.32 
7.796404606,9.333596622,2.132877374,0.296745518,,7.71 ,9.90 ,2.30 ,0.36 
7.707473607,9.772033003,2.182726062,0.319207615,,7.76 ,9.86 ,2.20 ,0.31 
7.78063614,8.425076353,2.341317416,0.216827889,,7.81 ,10.00 ,2.40 ,0.36 
7.815245349,9.736035526,2.721048819,0.225453129,,7.81 ,9.65 ,2.80 ,0.21 
7.81043932,9.667714574,2.79967781,0.212830597,,7.78 ,9.65 ,2.90 ,0.34 
7.810253625,9.648269481,2.801350713,0.223143182,,7.90 ,9.68 ,2.60 ,0.38 
7.854603049,9.428730233,2.786049064,0.330943659,,7.85 ,9.36 ,2.80 ,0.34 
7.758394901,9.673528955,2.973755817,0.339883371,,7.67 ,8.94 ,2.70 ,0.35 
7.733828547,9.50843845,2.911027412,0.342965562,,7.62 ,9.40 ,3.00 ,0.35 
7.614149721,9.390403166,2.941320511,0.338886893,,7.59 ,9.24 ,2.70 ,0.30 
7.595268225,9.251746522,2.679779981,0.305656664,,7.54 ,8.93 ,2.70 ,0.26 
7.598284026,9.239002055,2.733311143,0.30731699,,7.67 ,8.90 ,2.60 ,0.34 
7.625257519,9.082625787,2.667033614,0.328769541,,7.63 ,8.97 ,2.40 ,0.35 
7.610948709,8.970256299,2.490560146,0.319676936,,7.60 ,8.90 ,2.40 ,0.32 
7.609429162,8.943384583,2.462057849,0.32133576,,7.59 ,8.63 ,2.50 ,0.31 
7.608870886,8.84571562,2.453421769,0.322753603,,7.58 ,8.41 ,2.60 ,0.30 
7.591471791,8.654468864,2.481258597,0.311373267,,7.51 ,8.43 ,2.60 ,0.28 
7.58092198,8.588696053,2.50840277,0.303356254,,7.57 ,8.83 ,2.30 ,0.28 
7.565592267,8.618355528,2.487942767,0.289552551,,7.62 ,9.38 ,2.30 ,0.26 
7.569205649,8.767429307,2.368231515,0.277560177,,7.63 ,8.43 ,2.20 ,0.23 
7.585324661,8.726625194,2.318761705,0.258366847,,7.61 ,8.16 ,2.20 ,0.22 
7.617578503,8.515931464,2.198389705,0.231440307,,7.56 ,7.97 ,2.10 ,0.20 
7.59001149,8.416646873,2.193383589,0.220252283,,7.53 ,7.78 ,2.20 ,0.18 
7.569306872,7.984705543,2.138483,0.198727039,,7.54 ,7.55 ,2.00 ,0.17 
7.537435953,7.799175742,2.150329101,0.181679391,,7.53 ,7.53 ,2.10 ,0.17 
7.533178277,7.681942442,2.12991846,0.177153849,,7.45 ,7.56 ,2.40 ,0.18 
7.534333426,7.571075169,2.115850741,0.170926459,,7.54 ,7.55 ,2.20 ,0.15 
7.525888016,7.532698637,2.095288435,0.170393055,,7.56 ,7.45 ,2.00 ,0.21 
7.530551231,7.537659499,2.121159044,0.170197972,,7.64 ,7.62 ,2.30 ,0.17 
7.579742637,7.584419619,2.282504277,0.172290118,,7.61 ,7.66 ,2.40 ,0.17 
7.597563089,7.600616528,2.274688337,0.174486332,,7.56 ,7.58 ,2.20 ,0.19 
7.613052563,7.620690004,2.340593998,0.17301525,,7.67 ,7.88 ,2.60 ,0.16 
7.626495849,7.685387548,2.358381393,0.170262981,,7.73 ,7.54 ,2.50 ,0.14 
7.650807759,7.693795022,2.482223964,0.158422703,,7.68 ,7.17 ,2.60 ,0.11 
7.69517574,7.52890238,2.533237903,0.138415718,,7.70 ,7.32 ,2.70 ,0.12 
7.695768971,7.418534654,2.629183123,0.131223873,,7.64 ,7.31 ,3.00 ,0.15 
7.687486802,7.330362351,2.674850127,0.13011013,,7.58 ,7.32 ,2.70 ,0.18 
7.639185854,7.303279606,2.810369964,0.147750028,,7.55 ,7.43 ,2.50 ,0.20 
7.621084476,7.349245453,2.681131953,0.161857822,,7.69 ,7.48 ,2.00 ,0.15 
7.626953514,7.380328148,2.551170524,0.16735856,,7.78 ,7.47 ,2.20 ,0.14 
7.688716112,7.437191117,2.326347142,0.157580686,,7.75 ,7.42 ,2.60 ,0.15 
7.717101903,7.4583566,2.386148254,0.1571886,,7.70 ,7.49 ,2.60 ,0.17 
7.728020139,7.459128491,2.405152838,0.157654343,,7.67 ,7.46 ,2.40 ,0.20 
7.734377384,7.480622178,2.501444887,0.165370619,,7.86 ,7.88 ,2.30 ,0.19 
7.75473152,7.579987456,2.465847062,0.178574362,,7.89 ,8.02 ,2.30 ,0.20 
7.464237693,10.01848948,3.081833873,0.371573412,,8.02 ,8.79 ,2.20 ,0.28 
7.870795676,7.905789718,2.256769308,0.191947495,,7.78 ,8.89 ,1.90 ,0.28 
7.865998538,8.186017156,2.281131129,0.221336218,,7.78 ,8.61 ,2.60 ,0.29 
7.815937871,8.566314993,2.336079508,0.27356246,,7.74 ,8.70 ,2.40 ,0.29 
7.801496974,8.762629066,2.350783079,0.281387076,,7.84 ,8.94 ,2.40 ,0.25 
7.774253638,8.652677943,2.433022575,0.269560256,,7.61 ,8.34 ,2.36 ,0.19 
7.783167569,8.678175529,2.471153505,0.241475318,,7.70 ,8.78 ,2.00 ,0.15 
7.700713144,8.650306223,2.001518617,0.148211637,,7.69 ,8.79 ,1.70 ,0.15 
7.702769897,8.701342021,2.002772722,0.151322923,,7.77 ,8.92 ,2.20 ,0.16 
7.698185001,8.762815644,2.000717936,0.149275033,,7.69 ,8.99 ,2.10 ,0.13 
7.704922076,8.820983905,2.00599376,0.151666738,,7.69 ,9.24 ,2.20 ,0.17 
7.704523173,9.055191703,2.099956451,0.161133264,,7.60 ,9.56 ,2.20 ,0.21 
7.684749382,9.000979192,2.208854503,0.249820046,,7.65 ,10.10 ,2.60 ,0.33 
7.623690904,9.548038835,2.215030163,0.211205788,,7.63 ,10.70 ,2.30 ,0.25 
7.6224297,10.09063265,2.371747013,0.217788729,,7.60 ,10.60 ,2.70 ,0.20 
7.653358002,10.14901344,2.388778654,0.273114809,,7.91 ,10.50 ,3.10 ,0.25 
7.710692468,10.6806902,2.592304151,0.260281335,,7.80 ,11.10 ,2.60 ,0.28 
7.754169152,10.84814678,2.555012105,0.249660646,,7.79 ,10.70 ,2.20 ,0.28 
7.784571942,10.66470093,2.610607639,0.262780221,,7.75 ,10.30 ,2.60 ,0.27 
7.776467929,10.51327424,2.605696671,0.26243241,,7.57 ,9.55 ,2.30 ,0.21 
7.766742534,9.69362218,2.562574792,0.245315174,,7.82 ,9.11 ,2.70 ,0.22 
7.799910965,9.154581621,2.616362068,0.215680724,,7.80 ,9.37 ,2.20 ,0.21 
7.774330892,9.071920133,2.565012748,0.204785261,,7.57 ,9.02 ,2.60 ,0.18 
7.616479283,8.983533792,2.556703179,0.174230632,,7.62 ,8.95 ,2.60 ,0.16 
7.616479734,8.933498969,2.578836085,0.166376152,,7.54 ,8.73 ,2.30 ,0.16 
7.605931856,8.838567358,2.506361863,0.160355218,,7.69 ,8.52 ,2.10 ,0.16 
7.601146767,8.71341842,2.418826083,0.15743808,,7.64 ,8.46 ,2.30 ,0.15 
7.636759128,8.518214033,2.298488566,0.150913884,,7.70 ,8.45 ,2.30 ,0.11 
7.653477203,8.447721104,2.226497243,0.150840348,,7.70 ,8.07 ,2.10 ,0.17 
7.685504597,8.350876319,2.141365365,0.153597844,,7.74 ,7.40 ,1.80 ,0.16 
7.684665491,8.00364413,2.128142253,0.154596157,,7.61 ,7.08 ,2.20 ,0.16 
7.679664037,7.534520403,2.122471097,0.151307926,,7.65 ,6.98 ,2.40 ,0.13 
7.669443348,7.191394054,2.232134775,0.153461606,,7.70 ,6.89 ,2.50 ,0.15 
7.64153017,7.021901668,2.277496587,0.152789499,,7.62 ,7.00 ,2.30 ,0.16 
7.626291791,6.979187013,2.3230145,0.152632667,,7.47 ,7.04 ,2.50 ,0.13 
7.613791927,6.942791741,2.379064746,0.143612643,,7.45 ,6.82 ,2.20 ,0.14 
7.510329375,6.915998643,2.34235976,0.145899604,,7.45 ,6.89 ,2.30 ,0.17 
7.47917079,6.915036601,2.358768999,0.155525187,,7.48 ,6.91 ,2.60 ,0.18 
7.45692633,6.913549057,2.369385749,0.167630943,,7.46 ,6.92 ,2.60 ,0.20 
7.469827802,6.894757739,2.440926939,0.178832045,,7.53 ,6.77 ,2.20 ,0.20 
7.478968439,6.889707537,2.482850945,0.192917659,,7.49 ,6.77 ,2.50 ,0.21 
7.497798325,6.896612984,2.489184709,0.198238458,,7.59 ,6.89 ,2.50 ,0.18 
7.51750356,6.824973129,2.436438489,0.19630852,,7.57 ,6.88 ,2.50 ,0.14 
7.529003269,6.889230372,2.386986565,0.19215726,,7.51 ,6.91 ,2.40 ,0.19 
7.520624322,6.886819155,2.41315693,0.18603618,,7.47 ,7.10 ,2.20 ,0.17 
7.542079612,6.993701148,2.390859337,0.175927624,,7.58 ,7.30 ,2.30 ,0.18 
7.514899903,7.061586126,2.32976277,0.179053618,,7.48 ,7.32 ,2.30 ,0.20 
7.493242037,7.127737735,2.29287922,0.185736798,,7.31 ,7.31 ,2.10 ,0.20 
7.456522273,7.27562509,2.243643634,0.192652737,,7.30 ,7.62 ,2.20 ,0.22 
7.408017267,7.457983445,2.224929791,0.195837133,,7.37 ,8.39 ,2.20 ,0.15 
7.394327042,7.631408259,2.197921402,0.196682607,,7.62 ,8.40 ,2.20 ,0.17 
7.418190276,7.937810568,2.161647805,0.194419067,,7.63 ,8.04 ,2.10 ,0.22 
7.572503246,8.259061611,2.206446021,0.200759802,,7.68 ,7.90 ,2.40 ,0.21 
7.631086673,8.324902884,2.279210697,0.21848929,,7.62 ,8.19 ,2.50 ,0.23 
7.643083319,8.242430608,2.354206004,0.2188613,,7.61 ,8.47 ,2.70 ,0.20 
7.641752205,8.388551868,2.42310034,0.226124828,,7.63 ,9.02 ,2.70 ,0.19 
7.697195638,10.54810109,2.357565259,0.339050464,,7.77 ,9.71 ,2.90 ,0.31 
7.798718897,10.11699052,2.829747131,0.270283164,,7.84 ,9.42 ,2.55 ,0.26 
7.764120448,9.82752109,2.694252047,0.313872264,,7.64 ,10.10 ,2.20 ,0.37 
7.768031831,10.20179239,2.546104028,0.32324072,,7.76 ,10.40 ,2.60 ,0.31 
7.77054393,10.12440661,2.66169183,0.287509862,,7.81 ,10.70 ,2.50 ,0.24 
7.801176551,10.42382034,2.615189234,0.269110548,,7.95 ,11.20 ,2.60 ,0.28 
7.873850297,10.94096848,2.492491167,0.258759629,,7.89 ,11.10 ,2.40 ,0.25 
7.86622141,10.92187698,2.523459322,0.239345597,,7.87 ,10.80 ,3.00 ,0.19 
7.889900077,10.92406513,2.62314153,0.241495486,,7.92 ,10.70 ,3.20 ,0.25 
7.921021226,10.92447967,2.698051847,0.237726627,,8.01 ,10.60 ,2.30 ,0.17 
7.90926878,10.65330802,2.606732005,0.223565113,,7.91 ,10.50 ,2.40 ,0.22 
7.924770882,10.53033257,2.524528995,0.220639522,,7.98 ,10.30 ,2.30 ,0.25 
7.883742638,10.4297882,2.462267319,0.258782633,,7.74 ,10.30 ,2.30 ,0.17 
7.882657399,10.32137672,2.423719738,0.241710571,,7.82 ,9.68 ,2.60 ,0.24 
7.901318503,10.20821766,2.452519357,0.226152745,,7.94 ,9.69 ,2.80 ,0.26 
7.870337882,9.806859103,2.604496508,0.257666481,,7.86 ,9.52 ,2.50 ,0.29 
7.559529415,8.68101896,2.65829981,0.29034058,,7.61 ,8.32 ,2.20 ,0.22 
7.358370708,6.472944273,2.472161081,0.330290599,,7.41 ,6.56 ,2.50 ,0.30 
7.501456616,6.83161733,2.564502235,0.276054487,,7.81 ,8.01 ,2.80 ,0.34 
7.718210659,7.460841358,2.915069878,0.283727081,,7.80 ,7.58 ,3.00 ,0.28 
7.628236432,8.373804323,2.297200837,0.223738564,,8.00 ,8.17 ,2.80 ,0.30 
7.938450636,7.84135154,2.834348042,0.306498728,,7.95 ,7.34 ,2.30 ,0.29 
7.925831765,7.765301339,2.651852869,0.282406688,,7.84 ,7.65 ,2.60 ,0.22 
7.899441388,7.612693303,2.623576639,0.262392333,,7.93 ,7.97 ,2.60 ,0.25 
7.927618933,7.823961624,2.529167679,0.273970497,,7.87 ,7.97 ,2.30 ,0.28 
7.939909713,8.240463265,2.810614489,0.284797966,,7.74 ,7.45 ,2.80 ,0.28 
7.548040596,6.609101489,2.335646974,0.27999537,,7.54 ,7.91 ,2.52 ,0.15 
7.879683833,7.939493906,3.386080918,0.206575513,,7.63 ,7.45 ,3.00 ,0.14 
7.539414453,7.866621358,2.792171068,0.131639427,,7.53 ,8.12 ,2.90 ,0.14 
7.574077786,8.71264841,2.106484948,0.176418893,,7.32 ,7.96 ,2.10 ,0.13 
7.531597681,7.914935228,2.626031193,0.13533437,,7.63 ,7.76 ,2.10 ,0.14 
7.536736021,7.990354224,2.81174025,0.148699504,,7.60 ,8.27 ,2.50 ,0.18 
7.406989567,7.292670439,2.199861436,0.126419284,,7.47 ,8.10 ,2.64 ,0.22 
7.621230609,7.994277812,2.79704927,0.349905999,,7.65 ,10.40 ,1.80 ,0.17 
7.544036559,8.425679345,2.622983855,0.309654845,,7.55 ,9.75 ,2.30 ,0.26 
7.543334437,9.116529907,2.559029389,0.302412886,,7.53 ,9.36 ,2.60 ,0.34 
7.54516442,9.610721451,2.539253598,0.318895117,,7.58 ,10.40 ,2.50 ,0.31 
7.569038285,10.29565757,2.492179537,0.313206284,,7.58 ,10.60 ,2.30 ,0.32 
7.564047334,10.38544362,2.408927743,0.311205414,,7.57 ,10.70 ,2.20 ,0.31 
7.568474983,10.41986309,2.383459906,0.311966841,,7.52 ,10.20 ,2.30 ,0.29 
7.567721314,10.42999246,2.353001263,0.306826482,,7.50 ,9.92 ,2.30 ,0.27 
7.53412621,10.2586941,2.256414182,0.28774417,,7.47 ,9.36 ,2.30 ,0.15 
7.556273732,10.09030087,2.326690393,0.28627459,,7.47 ,9.34 ,2.70 ,0.34 
7.514414467,9.929264671,2.392744429,0.287492289,,7.52 ,9.43 ,3.00 ,0.37 
7.513089088,9.430993618,2.651380559,0.286713066,,7.68 ,8.35 ,3.40 ,0.24 
7.579075889,8.646405393,2.979794263,0.240233243,,7.74 ,8.19 ,2.90 ,0.17 
7.684827281,8.450262475,2.986878916,0.216920222,,7.68 ,7.80 ,2.80 ,0.16 
7.66135873,7.843361013,2.844999846,0.160021014,,7.72 ,7.99 ,2.70 ,0.14 
7.806318918,9.638773574,1.812976987,0.116496089,,7.63 ,7.11 ,2.60 ,0.21 
7.642963216,9.246872554,2.294845009,0.358707536,,7.50 ,6.68 ,3.10 ,0.35 
7.455245315,7.025678928,2.974384658,0.360756101,,7.22 ,6.15 ,2.10 ,0.25 
7.417257291,6.91676301,2.898731894,0.294389478,,7.38 ,6.98 ,3.00 ,0.22 
7.354343476,6.7912396,2.804192301,0.226290049,,7.38 ,6.94 ,2.70 ,0.15 
7.362915044,6.84792295,2.863497637,0.215049871,,7.33 ,6.77 ,2.90 ,0.15 
7.332306875,6.851848607,2.829260655,0.172006205,,7.31 ,6.91 ,2.90 ,0.17 
7.331764804,6.875187007,2.831836256,0.164099154,,7.30 ,6.76 ,2.40 ,0.17 
7.31890067,6.824394775,2.768583315,0.161550959,,7.23 ,6.45 ,2.60 ,0.18 
7.274888551,6.685468045,2.684510952,0.166961292,,7.22 ,6.46 ,2.70 ,0.16 
7.246974793,6.553105204,2.678179763,0.165674228,,7.24 ,6.40 ,2.90 ,0.15 
7.246690677,6.490060341,2.690122587,0.163136627,,7.31 ,6.55 ,2.80 ,0.16 
7.255952931,6.468429354,2.798970561,0.158209416,,7.32 ,6.61 ,3.10 ,0.15 
,,,,,7.45 ,6.39 ,2.80 ,0.16 
,,,,,7.54 ,7.94 ,2.40 ,0.22 